資料日期,證券代號,持股分級,人數,股數,占集保庫存數比例%
20260731,1101,1,147552,20980283,0.27
20260731,1101,2,233026,513227813,6.82
20260731,1101,3,58385,435868135,5.79
20260731,1101,4,23577,291684056,3.87
20260731,1101,5,13007,234393722,3.11
20260731,1101,6,12574,312776394,4.15
20260731,1101,7,5691,200196781,2.66
20260731,1101,8,3754,172479708,2.29
20260731,1101,9,6458,458051621,6.08
20260731,1101,10,2721,375443239,4.99
20260731,1101,11,1075,297757032,3.95
20260731,1101,12,286,139262351,1.85
20260731,1101,13,132,91612535,1.21
20260731,1101,14,83,74763037,0.99
20260731,1101,15,414,3904685035,51.9
20260731,1101,16,508735,7523181742,100.0
20260731,1102,1,26127,5804429,0.16
20260731,1102,2,54022,120722119,3.4
20260731,1102,3,11653,90838426,2.56
20260731,1102,4,3694,46608495,1.31
20260731,1102,5,2293,42009587,1.18
20260731,1102,6,2120,54105015,1.52
20260731,1102,7,977,34867851,0.98
20260731,1102,8,697,32393463,0.91
20260731,1102,9,1167,84189245,2.37
20260731,1102,10,524,73310289,2.06
20260731,1102,11,259,72976069,2.05
20260731,1102,12,76,37054091,1.04
20260731,1102,13,39,26602892,0.75
20260731,1102,14,18,16284145,0.45
20260731,1102,15,196,2808796765,79.19
20260731,1102,16,103862,3546562881,100.0
20260731,1103,1,54602,3127323,0.37
20260731,1103,2,13571,27118815,3.25
20260731,1103,3,2764,18449771,2.21
20260731,1103,4,1246,14325612,1.72
20260731,1103,5,423,7247159,0.87
20260731,1103,6,522,12362778,1.48
20260731,1103,7,243,8321754,0.99
20260731,1103,8,122,5473482,0.65
20260731,1103,9,310,21481164,2.57
20260731,1103,10,166,23269791,2.79
20260731,1103,11,78,21392864,2.56
20260731,1103,12,25,12146474,1.45
20260731,1103,13,16,10519717,1.26
20260731,1103,14,7,6338447,0.76
20260731,1103,15,89,641299402,76.99
20260731,1103,16,74184,832874553,100.0
20260731,1104,1,35197,3275716,0.47
20260731,1104,2,14154,30938189,4.5
20260731,1104,3,3025,21861394,3.18
20260731,1104,4,1232,14602817,2.12
20260731,1104,5,564,10124446,1.47
20260731,1104,6,568,13758512,2.0
20260731,1104,7,278,9774532,1.42
20260731,1104,8,165,7505160,1.09
20260731,1104,9,330,22858457,3.32
20260731,1104,10,168,23302254,3.39
20260731,1104,11,94,25185173,3.66
20260731,1104,12,43,22295146,3.24
20260731,1104,13,16,11029593,1.6
20260731,1104,14,8,6967170,1.01
20260731,1104,15,45,463203257,67.45
20260731,1104,16,55887,686681816,100.0
20260731,1108,1,3665,502532,0.12
20260731,1108,2,6505,14367296,3.54
20260731,1108,3,1358,11367685,2.8
20260731,1108,4,368,4758379,1.17
20260731,1108,5,368,6955421,1.71
20260731,1108,6,224,5919764,1.46
20260731,1108,7,88,3226522,0.79
20260731,1108,8,83,3870550,0.95
20260731,1108,9,144,10462424,2.58
20260731,1108,10,77,10860489,2.68
20260731,1108,11,38,10834768,2.67
20260731,1108,12,20,9478583,2.34
20260731,1108,13,9,6357316,1.57
20260731,1108,14,3,2836567,0.7
20260731,1108,15,43,302939753,74.84
20260731,1108,16,12993,404738049,100.0
20260731,1109,1,4763,1073435,0.31
20260731,1109,2,5187,11182183,3.27
20260731,1109,3,976,7927125,2.32
20260731,1109,4,296,3841933,1.12
20260731,1109,5,218,4037366,1.18
20260731,1109,6,192,4904903,1.43
20260731,1109,7,70,2590490,0.75
20260731,1109,8,66,3045404,0.89
20260731,1109,9,134,9634723,2.82
20260731,1109,10,65,9355635,2.74
20260731,1109,11,44,12186797,3.57
20260731,1109,12,16,7895252,2.31
20260731,1109,13,7,4803582,1.4
20260731,1109,14,11,10014493,2.93
20260731,1109,15,36,248665547,72.88
20260731,1109,16,12081,341158868,100.0
20260731,1110,1,2819,317899,0.05
20260731,1110,2,1593,3196456,0.55
20260731,1110,3,269,2147550,0.37
20260731,1110,4,96,1208729,0.21
20260731,1110,5,64,1195870,0.2
20260731,1110,6,73,1895872,0.33
20260731,1110,7,46,1650304,0.28
20260731,1110,8,33,1533089,0.26
20260731,1110,9,75,5531790,0.96
20260731,1110,10,39,5796548,1.01
20260731,1110,11,33,9455935,1.65
20260731,1110,12,7,3552700,0.62
20260731,1110,13,9,6421750,1.12
20260731,1110,14,5,4277883,0.74
20260731,1110,15,37,523818422,91.57
20260731,1110,16,5198,572000797,100.0
20260731,1201,1,64360,3451261,0.68
20260731,1201,2,17526,36660488,7.24
20260731,1201,3,2820,22650632,4.47
20260731,1201,4,831,10733704,2.12
20260731,1201,5,631,11779499,2.32
20260731,1201,6,546,14278645,2.82
20260731,1201,7,292,10553982,2.08
20260731,1201,8,186,8685130,1.71
20260731,1201,9,311,23068856,4.55
20260731,1201,10,144,20083347,3.96
20260731,1201,11,72,20568724,4.06
20260731,1201,12,21,10413210,2.05
20260731,1201,13,12,8306662,1.64
20260731,1201,14,6,5545019,1.09
20260731,1201,15,26,299283755,59.13
20260731,1201,16,87784,506062914,100.0
20260731,1203,1,52395,851223,0.35
20260731,1203,2,2268,4174586,1.73
20260731,1203,3,280,2031394,0.84
20260731,1203,4,104,1264703,0.52
20260731,1203,5,42,749305,0.31
20260731,1203,6,53,1348099,0.56
20260731,1203,7,23,811246,0.33
20260731,1203,8,14,624444,0.26
20260731,1203,9,28,2020650,0.84
20260731,1203,10,24,3368902,1.4
20260731,1203,11,16,4497330,1.87
20260731,1203,12,6,3184390,1.32
20260731,1203,13,5,3330778,1.38
20260731,1203,14,4,3544097,1.47
20260731,1203,15,35,208198853,86.74
20260731,1203,16,55297,240000000,100.0
20260731,1210,1,48479,6048524,0.67
20260731,1210,2,37520,75977223,8.49
20260731,1210,3,6575,46838775,5.23
20260731,1210,4,2133,25784466,2.88
20260731,1210,5,1055,18661267,2.08
20260731,1210,6,904,22073904,2.46
20260731,1210,7,437,15158671,1.69
20260731,1210,8,247,11315569,1.26
20260731,1210,9,404,28437298,3.17
20260731,1210,10,192,26251829,2.93
20260731,1210,11,90,25183929,2.81
20260731,1210,12,33,16384101,1.83
20260731,1210,13,23,16001314,1.78
20260731,1210,14,8,7119278,0.79
20260731,1210,15,72,553531074,61.86
20260731,1210,16,98172,894767222,100.0
20260731,1213,1,4986,267201,0.47
20260731,1213,2,1200,2385948,4.21
20260731,1213,3,195,1428637,2.52
20260731,1213,4,75,900674,1.59
20260731,1213,5,40,732300,1.29
20260731,1213,6,30,728589,1.28
20260731,1213,7,10,358000,0.63
20260731,1213,8,13,587100,1.03
20260731,1213,9,10,688835,1.21
20260731,1213,10,12,1511060,2.66
20260731,1213,11,3,808000,1.42
20260731,1213,12,2,845694,1.49
20260731,1213,13,0,0,0.0
20260731,1213,14,2,1745940,3.08
20260731,1213,15,8,43634649,77.06
20260731,1213,16,6586,56622627,100.0
20260731,1215,1,67753,4837955,1.64
20260731,1215,2,24824,46723055,15.84
20260731,1215,3,2693,19308866,6.55
20260731,1215,4,759,9342377,3.16
20260731,1215,5,337,5965868,2.02
20260731,1215,6,270,6741143,2.28
20260731,1215,7,123,4260377,1.44
20260731,1215,8,75,3395420,1.15
20260731,1215,9,116,7894136,2.67
20260731,1215,10,58,7888633,2.67
20260731,1215,11,25,7472453,2.53
20260731,1215,12,7,3641804,1.23
20260731,1215,13,5,3399743,1.15
20260731,1215,14,5,4528695,1.53
20260731,1215,15,18,159389573,54.06
20260731,1215,16,97068,294790098,100.0
20260731,1216,1,56728,13085977,0.23
20260731,1216,2,64419,131352363,2.31
20260731,1216,3,10286,75730253,1.33
20260731,1216,4,3277,40955017,0.72
20260731,1216,5,1861,32938615,0.57
20260731,1216,6,1580,39261012,0.69
20260731,1216,7,779,27143923,0.47
20260731,1216,8,484,22088552,0.38
20260731,1216,9,846,59624243,1.04
20260731,1216,10,406,56165361,0.98
20260731,1216,11,272,77647097,1.36
20260731,1216,12,148,73171145,1.28
20260731,1216,13,105,72729381,1.27
20260731,1216,14,66,59178276,1.04
20260731,1216,15,445,4900944206,86.25
20260731,1216,16,141702,5682015421,100.0
20260731,1217,1,108392,2943365,0.59
20260731,1217,2,23045,43434481,8.78
20260731,1217,3,3536,26270752,5.31
20260731,1217,4,1225,14424524,2.91
20260731,1217,5,618,11291565,2.28
20260731,1217,6,597,14816467,2.99
20260731,1217,7,256,9010170,1.82
20260731,1217,8,174,8017331,1.62
20260731,1217,9,303,22027524,4.45
20260731,1217,10,146,19668533,3.97
20260731,1217,11,70,19429405,3.92
20260731,1217,12,30,14390904,2.91
20260731,1217,13,14,9811854,1.98
20260731,1217,14,14,12487818,2.52
20260731,1217,15,71,266488643,53.88
20260731,1217,16,138491,494513336,100.0
20260731,1218,1,60740,2965018,0.59
20260731,1218,2,16555,34177204,6.83
20260731,1218,3,2686,21054675,4.21
20260731,1218,4,899,11544098,2.3
20260731,1218,5,537,9923339,1.98
20260731,1218,6,465,11966060,2.39
20260731,1218,7,203,7342175,1.46
20260731,1218,8,161,7563480,1.51
20260731,1218,9,262,18856867,3.77
20260731,1218,10,128,17859014,3.57
20260731,1218,11,67,18841459,3.76
20260731,1218,12,14,6962764,1.39
20260731,1218,13,15,10433761,2.08
20260731,1218,14,3,2884438,0.57
20260731,1218,15,35,317624686,63.52
20260731,1218,16,82770,499999038,100.0
20260731,1219,1,38241,1493354,0.43
20260731,1219,2,9886,20028199,5.86
20260731,1219,3,2181,14898453,4.36
20260731,1219,4,1024,11877891,3.48
20260731,1219,5,372,6524477,1.91
20260731,1219,6,480,11460014,3.35
20260731,1219,7,221,7534388,2.2
20260731,1219,8,125,5506332,1.61
20260731,1219,9,235,16699456,4.89
20260731,1219,10,112,15444877,4.52
20260731,1219,11,49,13226296,3.87
20260731,1219,12,10,4950035,1.45
20260731,1219,13,9,6162908,1.8
20260731,1219,14,7,6077827,1.78
20260731,1219,15,51,199379857,58.42
20260731,1219,16,0,-26000,0.0
20260731,1219,17,53003,341238364,100.0
20260731,1220,1,39925,1067039,0.6
20260731,1220,2,5656,11449460,6.46
20260731,1220,3,801,6431170,3.63
20260731,1220,4,229,2955097,1.66
20260731,1220,5,163,3093156,1.74
20260731,1220,6,146,3746031,2.11
20260731,1220,7,52,1831280,1.03
20260731,1220,8,37,1764893,0.99
20260731,1220,9,101,7253938,4.09
20260731,1220,10,53,7222525,4.07
20260731,1220,11,40,10533942,5.94
20260731,1220,12,8,3895920,2.2
20260731,1220,13,6,4439989,2.5
20260731,1220,14,5,4387579,2.47
20260731,1220,15,27,107005925,60.42
20260731,1220,16,47249,177077944,100.0
20260731,1225,1,40219,646495,0.26
20260731,1225,2,2375,4682028,1.93
20260731,1225,3,379,2690736,1.11
20260731,1225,4,146,1771918,0.73
20260731,1225,5,72,1281264,0.52
20260731,1225,6,61,1440310,0.59
20260731,1225,7,33,1148038,0.47
20260731,1225,8,15,679950,0.28
20260731,1225,9,34,2385066,0.98
20260731,1225,10,20,2944076,1.21
20260731,1225,11,20,5052386,2.08
20260731,1225,12,6,2769408,1.14
20260731,1225,13,2,1265801,0.52
20260731,1225,14,2,1743695,0.71
20260731,1225,15,29,211767135,87.41
20260731,1225,16,43413,242268306,100.0
20260731,1227,1,11223,2257652,0.24
20260731,1227,2,30539,66832644,7.3
20260731,1227,3,6179,47978081,5.24
20260731,1227,4,1993,25304254,2.76
20260731,1227,5,1136,20831362,2.27
20260731,1227,6,967,24455499,2.67
20260731,1227,7,456,16152634,1.76
20260731,1227,8,290,13432236,1.46
20260731,1227,9,514,36539047,3.99
20260731,1227,10,177,23837103,2.6
20260731,1227,11,61,17095821,1.86
20260731,1227,12,30,14730780,1.6
20260731,1227,13,8,5738896,0.62
20260731,1227,14,10,9176361,1.0
20260731,1227,15,30,590727221,64.55
20260731,1227,16,53613,915089591,100.0
20260731,1229,1,33533,8440794,0.46
20260731,1229,2,45092,101349743,5.64
20260731,1229,3,11299,81300035,4.52
20260731,1229,4,4424,54048525,3.0
20260731,1229,5,2227,39066028,2.17
20260731,1229,6,2366,57543038,3.2
20260731,1229,7,1037,35942030,2.0
20260731,1229,8,699,31519162,1.75
20260731,1229,9,1293,90081218,5.01
20260731,1229,10,480,64310069,3.58
20260731,1229,11,200,54975463,3.06
20260731,1229,12,49,23625584,1.31
20260731,1229,13,19,13352685,0.74
20260731,1229,14,13,11350940,0.63
20260731,1229,15,81,1129055354,62.86
20260731,1229,16,102812,1795960668,100.0
20260731,1231,1,16613,3548345,1.18
20260731,1231,2,14292,29848997,10.0
20260731,1231,3,2256,16338532,5.47
20260731,1231,4,779,9449640,3.16
20260731,1231,5,363,6399998,2.14
20260731,1231,6,327,8049625,2.69
20260731,1231,7,150,5228414,1.75
20260731,1231,8,76,3399546,1.13
20260731,1231,9,144,9921630,3.32
20260731,1231,10,48,6785542,2.27
20260731,1231,11,22,5969753,2.0
20260731,1231,12,7,3173332,1.06
20260731,1231,13,0,0,0.0
20260731,1231,14,2,1961399,0.65
20260731,1231,15,17,188379722,63.11
20260731,1231,16,35096,298454475,100.0
20260731,1232,1,8110,1106211,0.69
20260731,1232,2,7586,13929206,8.7
20260731,1232,3,689,5358826,3.34
20260731,1232,4,213,2722190,1.7
20260731,1232,5,132,2395373,1.49
20260731,1232,6,96,2467055,1.54
20260731,1232,7,51,1826025,1.14
20260731,1232,8,36,1651252,1.03
20260731,1232,9,48,3427449,2.14
20260731,1232,10,33,4553207,2.84
20260731,1232,11,8,2365014,1.47
20260731,1232,12,3,1443134,0.9
20260731,1232,13,2,1383000,0.86
20260731,1232,14,0,0,0.0
20260731,1232,15,6,115346973,72.1
20260731,1232,16,17013,159974915,100.0
20260731,1233,1,8205,245541,0.27
20260731,1233,2,1591,2900040,3.2
20260731,1233,3,165,1292707,1.42
20260731,1233,4,61,761615,0.84
20260731,1233,5,35,620793,0.68
20260731,1233,6,45,1161594,1.28
20260731,1233,7,22,766715,0.84
20260731,1233,8,21,952257,1.05
20260731,1233,9,44,3184851,3.51
20260731,1233,10,33,4640371,5.12
20260731,1233,11,19,5711910,6.3
20260731,1233,12,8,3755559,4.14
20260731,1233,13,3,2008828,2.21
20260731,1233,14,1,975538,1.07
20260731,1233,15,15,61613629,68.01
20260731,1233,16,10268,90591948,100.0
20260731,1234,1,15217,910207,0.22
20260731,1234,2,7052,13895244,3.45
20260731,1234,3,981,7799140,1.94
20260731,1234,4,266,3411474,0.84
20260731,1234,5,157,2897863,0.72
20260731,1234,6,144,3664243,0.91
20260731,1234,7,75,2659366,0.66
20260731,1234,8,48,2202172,0.54
20260731,1234,9,98,6774337,1.68
20260731,1234,10,67,9652055,2.4
20260731,1234,11,47,13892872,3.45
20260731,1234,12,29,14537014,3.61
20260731,1234,13,20,13894053,3.45
20260731,1234,14,8,7268492,1.8
20260731,1234,15,80,298412562,74.25
20260731,1234,16,24289,401871094,100.0
20260731,1235,1,2145,261798,0.13
20260731,1235,2,596,1188463,0.63
20260731,1235,3,94,667804,0.35
20260731,1235,4,24,299474,0.15
20260731,1235,5,15,259915,0.13
20260731,1235,6,18,440513,0.23
20260731,1235,7,4,138061,0.07
20260731,1235,8,3,127091,0.06
20260731,1235,9,13,939023,0.49
20260731,1235,10,9,1173887,0.62
20260731,1235,11,5,1424796,0.75
20260731,1235,12,2,1094356,0.58
20260731,1235,13,1,689253,0.36
20260731,1235,14,0,0,0.0
20260731,1235,15,12,179873402,95.38
20260731,1235,16,2941,188577836,100.0
20260731,1236,1,9668,1533524,1.76
20260731,1236,2,1812,3420993,3.94
20260731,1236,3,180,1294903,1.49
20260731,1236,4,52,663866,0.76
20260731,1236,5,22,402483,0.46
20260731,1236,6,27,672563,0.77
20260731,1236,7,13,454649,0.52
20260731,1236,8,12,546722,0.63
20260731,1236,9,24,1683499,1.94
20260731,1236,10,14,1987818,2.29
20260731,1236,11,8,2029342,2.34
20260731,1236,12,1,467000,0.53
20260731,1236,13,0,0,0.0
20260731,1236,14,4,3803177,4.38
20260731,1236,15,18,67713469,78.12
20260731,1236,16,11855,86674008,100.0
20260731,1256,1,3811,771795,2.15
20260731,1256,2,1998,3790362,10.59
20260731,1256,3,227,1620224,4.52
20260731,1256,4,68,813755,2.27
20260731,1256,5,29,512186,1.43
20260731,1256,6,31,751488,2.1
20260731,1256,7,10,347736,0.97
20260731,1256,8,6,258159,0.72
20260731,1256,9,14,984896,2.75
20260731,1256,10,10,1261990,3.52
20260731,1256,11,11,3229013,9.02
20260731,1256,12,3,1430525,3.99
20260731,1256,13,2,1279493,3.57
20260731,1256,14,2,1871710,5.23
20260731,1256,15,3,16858046,47.11
20260731,1256,16,6225,35781378,100.0
20260731,1301,1,84483,19144990,0.3
20260731,1301,2,158286,343232288,5.39
20260731,1301,3,30319,233249330,3.66
20260731,1301,4,10693,134353633,2.11
20260731,1301,5,6178,112785091,1.77
20260731,1301,6,5545,139694326,2.19
20260731,1301,7,2425,86082651,1.35
20260731,1301,8,1628,74984157,1.17
20260731,1301,9,2704,192184878,3.01
20260731,1301,10,1096,151179336,2.37
20260731,1301,11,480,134341090,2.11
20260731,1301,12,143,70884009,1.11
20260731,1301,13,78,54693101,0.85
20260731,1301,14,52,46505150,0.73
20260731,1301,15,299,4572426751,71.82
20260731,1301,16,304409,6365740781,100.0
20260731,1303,1,107838,21081159,0.26
20260731,1303,2,123133,241319083,3.04
20260731,1303,3,17726,130840668,1.64
20260731,1303,4,6348,77693936,0.97
20260731,1303,5,3241,57943633,0.73
20260731,1303,6,3246,80116432,1.01
20260731,1303,7,1518,52956231,0.66
20260731,1303,8,1003,45200616,0.56
20260731,1303,9,1863,130267228,1.64
20260731,1303,10,843,116249918,1.46
20260731,1303,11,458,130230013,1.64
20260731,1303,12,156,76115618,0.95
20260731,1303,13,86,60762263,0.76
20260731,1303,14,68,61089829,0.77
20260731,1303,15,369,6648954962,83.83
20260731,1303,16,267896,7930821589,100.0
20260731,1304,1,41846,5886039,0.49
20260731,1304,2,41594,92317712,7.76
20260731,1304,3,8533,67213810,5.65
20260731,1304,4,2815,35635907,2.99
20260731,1304,5,1846,33993445,2.85
20260731,1304,6,1578,40256236,3.38
20260731,1304,7,752,26756017,2.25
20260731,1304,8,528,24518629,2.06
20260731,1304,9,849,61301403,5.15
20260731,1304,10,351,48809891,4.1
20260731,1304,11,122,34361659,2.89
20260731,1304,12,32,15374014,1.29
20260731,1304,13,20,13531287,1.13
20260731,1304,14,12,11047284,0.92
20260731,1304,15,47,677760167,57.01
20260731,1304,16,100925,1188763500,100.0
20260731,1305,1,37641,3622656,0.62
20260731,1305,2,24557,54108526,9.31
20260731,1305,3,5298,40649541,6.99
20260731,1305,4,1772,22101950,3.8
20260731,1305,5,1083,19899885,3.42
20260731,1305,6,1023,26089135,4.48
20260731,1305,7,459,16264776,2.79
20260731,1305,8,328,15132352,2.6
20260731,1305,9,503,36175722,6.22
20260731,1305,10,193,25810127,4.44
20260731,1305,11,88,24381917,4.19
20260731,1305,12,27,13415901,2.3
20260731,1305,13,7,4771681,0.82
20260731,1305,14,6,5333762,0.91
20260731,1305,15,21,273292563,47.03
20260731,1305,16,73006,581050494,100.0
20260731,1307,1,8189,1166099,0.29
20260731,1307,2,7112,15125333,3.8
20260731,1307,3,1243,9653517,2.42
20260731,1307,4,369,4637845,1.16
20260731,1307,5,215,3908573,0.98
20260731,1307,6,215,5513913,1.38
20260731,1307,7,98,3526371,0.88
20260731,1307,8,71,3284303,0.82
20260731,1307,9,134,9426069,2.36
20260731,1307,10,54,7560178,1.9
20260731,1307,11,38,10923614,2.74
20260731,1307,12,9,4301213,1.08
20260731,1307,13,8,5496186,1.38
20260731,1307,14,2,1877817,0.47
20260731,1307,15,43,311417095,78.28
20260731,1307,16,17800,397818126,100.0
20260731,1308,1,41364,4109161,0.69
20260731,1308,2,24454,54215980,9.13
20260731,1308,3,5344,40658641,6.84
20260731,1308,4,1761,21852708,3.68
20260731,1308,5,1201,21875365,3.68
20260731,1308,6,983,24912029,4.19
20260731,1308,7,474,16863421,2.84
20260731,1308,8,283,13019665,2.19
20260731,1308,9,523,37424483,6.3
20260731,1308,10,196,27339751,4.6
20260731,1308,11,85,24055447,4.05
20260731,1308,12,20,10082215,1.69
20260731,1308,13,5,3361957,0.56
20260731,1308,14,7,6533765,1.1
20260731,1308,15,29,287439331,48.41
20260731,1308,16,76729,593743919,100.0
20260731,1309,1,46514,3977988,1.0
20260731,1309,2,24068,51974069,13.07
20260731,1309,3,4454,32885694,8.27
20260731,1309,4,1716,20940502,5.26
20260731,1309,5,829,15113392,3.8
20260731,1309,6,761,18977523,4.77
20260731,1309,7,275,9693817,2.43
20260731,1309,8,186,8618752,2.16
20260731,1309,9,326,23613307,5.93
20260731,1309,10,125,16934145,4.25
20260731,1309,11,45,12404899,3.12
20260731,1309,12,13,6520530,1.64
20260731,1309,13,4,2775500,0.69
20260731,1309,14,4,3599024,0.9
20260731,1309,15,9,169557706,42.64
20260731,1309,16,79329,397586848,100.0
20260731,1310,1,60960,5991448,1.13
20260731,1310,2,31662,71306944,13.5
20260731,1310,3,7011,55702602,10.55
20260731,1310,4,2217,27970169,5.29
20260731,1310,5,1492,27899126,5.28
20260731,1310,6,1247,32011327,6.06
20260731,1310,7,573,20781187,3.93
20260731,1310,8,422,19917257,3.77
20260731,1310,9,613,44228379,8.37
20260731,1310,10,247,35415019,6.7
20260731,1310,11,102,28555348,5.4
20260731,1310,12,38,18647101,3.53
20260731,1310,13,14,9425124,1.78
20260731,1310,14,6,5560000,1.05
20260731,1310,15,30,124458733,23.57
20260731,1310,16,106634,527869764,100.0
20260731,1312,1,65806,5085586,0.33
20260731,1312,2,49343,118773202,7.88
20260731,1312,3,10512,83714354,5.55
20260731,1312,4,3390,42857270,2.84
20260731,1312,5,2302,42587258,2.82
20260731,1312,6,1803,46244183,3.06
20260731,1312,7,947,33756148,2.24
20260731,1312,8,651,30369820,2.01
20260731,1312,9,1102,78495013,5.21
20260731,1312,10,493,69782608,4.63
20260731,1312,11,244,67240395,4.46
20260731,1312,12,60,29194569,1.93
20260731,1312,13,24,16390587,1.08
20260731,1312,14,18,16369567,1.08
20260731,1312,15,75,825759768,54.8
20260731,1312,16,136770,1506620328,100.0
20260731,1313,1,18322,4440739,0.33
20260731,1313,2,29692,68994208,5.18
20260731,1313,3,7013,55758229,4.18
20260731,1313,4,2349,29919617,2.24
20260731,1313,5,1650,30715621,2.3
20260731,1313,6,1379,35279667,2.65
20260731,1313,7,673,24209757,1.81
20260731,1313,8,456,21328044,1.6
20260731,1313,9,811,58196588,4.37
20260731,1313,10,388,56156202,4.21
20260731,1313,11,164,46891954,3.52
20260731,1313,12,52,26116473,1.96
20260731,1313,13,27,18574214,1.39
20260731,1313,14,11,10265050,0.77
20260731,1313,15,71,843999744,63.41
20260731,1313,16,63058,1330846107,100.0
20260731,1314,1,103994,11636725,0.3
20260731,1314,2,127396,291825309,7.71
20260731,1314,3,32822,259259902,6.84
20260731,1314,4,13069,163000372,4.3
20260731,1314,5,8380,155310918,4.1
20260731,1314,6,7990,201974190,5.33
20260731,1314,7,3821,135718791,3.58
20260731,1314,8,2731,127038426,3.35
20260731,1314,9,4687,339489223,8.96
20260731,1314,10,2199,304825856,8.05
20260731,1314,11,900,249537579,6.59
20260731,1314,12,298,145953216,3.85
20260731,1314,13,138,96298942,2.54
20260731,1314,14,76,67821709,1.79
20260731,1314,15,245,1235158972,32.63
20260731,1314,16,308746,3784850130,100.0
20260731,1315,1,3505,852769,0.86
20260731,1315,2,1816,3586213,3.61
20260731,1315,3,279,2036227,2.05
20260731,1315,4,98,1176153,1.18
20260731,1315,5,34,595790,0.6
20260731,1315,6,44,1067346,1.07
20260731,1315,7,25,869219,0.87
20260731,1315,8,17,776743,0.78
20260731,1315,9,22,1496253,1.5
20260731,1315,10,17,2422314,2.44
20260731,1315,11,14,3832851,3.86
20260731,1315,12,11,5645266,5.69
20260731,1315,13,6,4163632,4.2
20260731,1315,14,1,963820,0.97
20260731,1315,15,25,69614404,70.24
20260731,1315,16,5914,99099000,100.0
20260731,1316,1,35341,1666169,0.41
20260731,1316,2,17555,38849456,9.67
20260731,1316,3,3640,28955175,7.2
20260731,1316,4,1264,15949988,3.97
20260731,1316,5,883,16314955,4.06
20260731,1316,6,779,19894802,4.95
20260731,1316,7,389,13995737,3.48
20260731,1316,8,237,11066568,2.75
20260731,1316,9,469,33354751,8.3
20260731,1316,10,192,27364547,6.81
20260731,1316,11,83,22413954,5.58
20260731,1316,12,31,15856690,3.94
20260731,1316,13,22,15679250,3.9
20260731,1316,14,10,8676615,2.16
20260731,1316,15,23,131607493,32.76
20260731,1316,16,60918,401646150,100.0
20260731,1319,1,10767,2093969,0.35
20260731,1319,2,18907,37912815,6.4
20260731,1319,3,2375,18603968,3.14
20260731,1319,4,656,8470875,1.43
20260731,1319,5,396,7283063,1.23
20260731,1319,6,354,9121391,1.54
20260731,1319,7,175,6329575,1.07
20260731,1319,8,85,3889410,0.65
20260731,1319,9,159,11104308,1.87
20260731,1319,10,76,10713336,1.81
20260731,1319,11,32,9054672,1.53
20260731,1319,12,26,12881493,2.17
20260731,1319,13,10,6685716,1.13
20260731,1319,14,3,2648384,0.44
20260731,1319,15,62,444684093,75.18
20260731,1319,16,34083,591477068,100.0
20260731,1321,1,1250,110970,0.04
20260731,1321,2,1503,3300997,1.45
20260731,1321,3,328,2682369,1.18
20260731,1321,4,156,2024064,0.89
20260731,1321,5,104,1925310,0.84
20260731,1321,6,121,3127612,1.37
20260731,1321,7,65,2364648,1.04
20260731,1321,8,48,2222608,0.97
20260731,1321,9,129,9657856,4.25
20260731,1321,10,128,18439688,8.11
20260731,1321,11,79,21801619,9.59
20260731,1321,12,31,15499892,6.82
20260731,1321,13,11,7693855,3.38
20260731,1321,14,17,15246773,6.7
20260731,1321,15,34,121130007,53.3
20260731,1321,16,4004,227228268,100.0
20260731,1323,1,10767,382331,0.41
20260731,1323,2,2214,4572955,5.01
20260731,1323,3,383,2944501,3.22
20260731,1323,4,120,1508835,1.65
20260731,1323,5,75,1376215,1.5
20260731,1323,6,63,1596925,1.74
20260731,1323,7,40,1403004,1.53
20260731,1323,8,26,1180768,1.29
20260731,1323,9,71,4917086,5.38
20260731,1323,10,23,3212457,3.51
20260731,1323,11,14,3760078,4.11
20260731,1323,12,4,2060289,2.25
20260731,1323,13,7,4925642,5.39
20260731,1323,14,2,1638404,1.79
20260731,1323,15,23,55795064,61.12
20260731,1323,16,13832,91274554,100.0
20260731,1324,1,19077,1178298,1.56
20260731,1324,2,3525,7318249,9.74
20260731,1324,3,521,3976794,5.29
20260731,1324,4,116,1485743,1.97
20260731,1324,5,71,1330151,1.77
20260731,1324,6,75,1959246,2.6
20260731,1324,7,21,735415,0.97
20260731,1324,8,19,871651,1.16
20260731,1324,9,44,3114085,4.14
20260731,1324,10,14,1910284,2.54
20260731,1324,11,5,1528027,2.03
20260731,1324,12,4,1826615,2.43
20260731,1324,13,2,1325200,1.76
20260731,1324,14,1,972119,1.29
20260731,1324,15,13,45590005,60.68
20260731,1324,16,23508,75121882,100.0
20260731,1325,1,26276,411020,0.48
20260731,1325,2,8395,16222705,19.02
20260731,1325,3,852,6824344,8.0
20260731,1325,4,231,3006462,3.52
20260731,1325,5,133,2499460,2.93
20260731,1325,6,107,2756223,3.23
20260731,1325,7,61,2194788,2.57
20260731,1325,8,26,1180747,1.38
20260731,1325,9,55,3953725,4.63
20260731,1325,10,23,3099410,3.63
20260731,1325,11,7,1812000,2.12
20260731,1325,12,3,1463000,1.71
20260731,1325,13,1,667824,0.78
20260731,1325,14,1,940296,1.1
20260731,1325,15,5,38249194,44.85
20260731,1325,16,36176,85281198,100.0
20260731,1326,1,53677,11121816,0.18
20260731,1326,2,97632,207333446,3.53
20260731,1326,3,18415,141780931,2.41
20260731,1326,4,6459,80905996,1.38
20260731,1326,5,3685,67177491,1.14
20260731,1326,6,3388,85447129,1.45
20260731,1326,7,1648,58631148,1.0
20260731,1326,8,1038,48064511,0.82
20260731,1326,9,1756,123813913,2.11
20260731,1326,10,805,113180064,1.93
20260731,1326,11,387,107466878,1.83
20260731,1326,12,119,57452047,0.98
20260731,1326,13,68,47249819,0.8
20260731,1326,14,45,40849927,0.69
20260731,1326,15,273,4670711175,79.68
20260731,1326,16,189395,5861186291,100.0
20260731,1337,1,38014,1894318,0.7
20260731,1337,2,9193,20269814,7.53
20260731,1337,3,2344,17105203,6.35
20260731,1337,4,964,11763333,4.37
20260731,1337,5,521,9270662,3.44
20260731,1337,6,502,12269473,4.56
20260731,1337,7,243,8357684,3.1
20260731,1337,8,173,7931261,2.94
20260731,1337,9,303,21461881,7.97
20260731,1337,10,120,16214360,6.02
20260731,1337,11,51,13922225,5.17
20260731,1337,12,23,11061776,4.11
20260731,1337,13,7,4578602,1.7
20260731,1337,14,8,7084273,2.63
20260731,1337,15,19,105769864,39.32
20260731,1337,16,52485,268954729,100.0
20260731,1338,1,49677,209123,0.24
20260731,1338,2,4560,9632006,11.48
20260731,1338,3,768,6069487,7.23
20260731,1338,4,241,3097294,3.69
20260731,1338,5,166,3075366,3.66
20260731,1338,6,160,4101056,4.89
20260731,1338,7,79,2776160,3.31
20260731,1338,8,45,2092704,2.49
20260731,1338,9,81,5759449,6.86
20260731,1338,10,34,4806272,5.73
20260731,1338,11,23,6384230,7.61
20260731,1338,12,4,1856101,2.21
20260731,1338,13,4,2804017,3.34
20260731,1338,14,3,2841000,3.38
20260731,1338,15,12,28335735,33.79
20260731,1338,16,55857,83840000,100.0
20260731,1339,1,3858,583796,0.78
20260731,1339,2,2839,5379601,7.25
20260731,1339,3,291,2289489,3.08
20260731,1339,4,97,1274156,1.71
20260731,1339,5,62,1122773,1.51
20260731,1339,6,44,1109923,1.49
20260731,1339,7,26,925000,1.24
20260731,1339,8,12,567000,0.76
20260731,1339,9,31,2205917,2.97
20260731,1339,10,15,1925589,2.59
20260731,1339,11,4,989588,1.33
20260731,1339,12,1,435000,0.58
20260731,1339,13,1,684000,0.92
20260731,1339,14,1,889940,1.2
20260731,1339,15,13,53742103,72.5
20260731,1339,16,7295,74123875,100.0
20260731,1340,1,51053,1794961,1.17
20260731,1340,2,6963,15853938,10.36
20260731,1340,3,1743,12753968,8.34
20260731,1340,4,711,8772827,5.73
20260731,1340,5,372,6605623,4.31
20260731,1340,6,368,9050838,5.91
20260731,1340,7,159,5435225,3.55
20260731,1340,8,109,4958389,3.24
20260731,1340,9,215,14643726,9.57
20260731,1340,10,78,11083327,7.24
20260731,1340,11,34,9179201,6.0
20260731,1340,12,12,5632939,3.68
20260731,1340,13,2,1419386,0.92
20260731,1340,14,3,2680000,1.75
20260731,1340,15,7,43058507,28.15
20260731,1340,16,61829,152922855,100.0
20260731,1341,1,9129,34461,0.06
20260731,1341,2,442,877278,1.65
20260731,1341,3,69,496588,0.93
20260731,1341,4,34,421476,0.79
20260731,1341,5,20,362074,0.68
20260731,1341,6,21,504614,0.95
20260731,1341,7,13,434929,0.82
20260731,1341,8,9,389694,0.73
20260731,1341,9,16,1074303,2.03
20260731,1341,10,7,963869,1.82
20260731,1341,11,11,3048636,5.76
20260731,1341,12,5,2443069,4.62
20260731,1341,13,1,659286,1.24
20260731,1341,14,1,988930,1.87
20260731,1341,15,9,40151427,75.97
20260731,1341,16,9787,52850634,100.0
20260731,1342,1,2904,458194,0.58
20260731,1342,2,4650,8657960,11.09
20260731,1342,3,510,3788100,4.85
20260731,1342,4,182,2219547,2.84
20260731,1342,5,105,1915089,2.45
20260731,1342,6,78,1917568,2.45
20260731,1342,7,31,1083255,1.38
20260731,1342,8,25,1162004,1.48
20260731,1342,9,49,3655320,4.68
20260731,1342,10,21,2978727,3.81
20260731,1342,11,15,3853703,4.94
20260731,1342,12,3,1550476,1.98
20260731,1342,13,4,2675354,3.42
20260731,1342,14,1,837672,1.07
20260731,1342,15,6,41247933,52.88
20260731,1342,16,8584,78000902,100.0
20260731,1402,1,31457,6612735,0.12
20260731,1402,2,38251,86526916,1.61
20260731,1402,3,9068,70077437,1.3
20260731,1402,4,3469,43769575,0.81
20260731,1402,5,2046,37382049,0.69
20260731,1402,6,1813,45902473,0.85
20260731,1402,7,923,32848378,0.61
20260731,1402,8,618,28676899,0.53
20260731,1402,9,1205,87897456,1.64
20260731,1402,10,569,81422813,1.52
20260731,1402,11,274,78938472,1.47
20260731,1402,12,90,44691062,0.83
20260731,1402,13,41,28805801,0.53
20260731,1402,14,37,33579256,0.62
20260731,1402,15,253,4645743905,86.78
20260731,1402,16,90114,5352875227,100.0
20260731,1409,1,68939,8065495,0.49
20260731,1409,2,61377,131955881,8.15
20260731,1409,3,11085,88333348,5.45
20260731,1409,4,3459,43708070,2.7
20260731,1409,5,2281,42769789,2.64
20260731,1409,6,1898,48738021,3.01
20260731,1409,7,794,28586439,1.76
20260731,1409,8,542,25524601,1.57
20260731,1409,9,944,68533847,4.23
20260731,1409,10,429,60868699,3.76
20260731,1409,11,167,45460194,2.8
20260731,1409,12,53,26596701,1.64
20260731,1409,13,22,15171713,0.93
20260731,1409,14,14,12893860,0.79
20260731,1409,15,125,971202628,60.0
20260731,1409,16,152129,1618409286,100.0
20260731,1410,1,5470,575434,0.92
20260731,1410,2,860,1810326,2.91
20260731,1410,3,126,930988,1.5
20260731,1410,4,39,486282,0.78
20260731,1410,5,34,604632,0.97
20260731,1410,6,29,718050,1.15
20260731,1410,7,16,557600,0.89
20260731,1410,8,8,350233,0.56
20260731,1410,9,34,2459527,3.96
20260731,1410,10,10,1486600,2.39
20260731,1410,11,16,4771834,7.69
20260731,1410,12,4,1760000,2.83
20260731,1410,13,2,1421000,2.29
20260731,1410,14,2,1801361,2.9
20260731,1410,15,11,42266133,68.17
20260731,1410,16,6661,62000000,100.0
20260731,1413,1,5859,1266501,0.95
20260731,1413,2,1879,3938625,2.98
20260731,1413,3,322,2543730,1.92
20260731,1413,4,116,1477072,1.11
20260731,1413,5,67,1248293,0.94
20260731,1413,6,69,1786464,1.35
20260731,1413,7,35,1246138,0.94
20260731,1413,8,23,1090851,0.82
20260731,1413,9,80,5633111,4.26
20260731,1413,10,37,5251174,3.97
20260731,1413,11,22,6386703,4.83
20260731,1413,12,6,2859309,2.16
20260731,1413,13,3,1900041,1.43
20260731,1413,14,4,3862963,2.92
20260731,1413,15,13,91621479,69.35
20260731,1413,16,8535,132112454,100.0
20260731,1414,1,23697,1864573,0.94
20260731,1414,2,2262,4846021,2.44
20260731,1414,3,377,2770583,1.39
20260731,1414,4,98,1197512,0.6
20260731,1414,5,74,1287107,0.65
20260731,1414,6,51,1253726,0.63
20260731,1414,7,29,994401,0.5
20260731,1414,8,13,586800,0.29
20260731,1414,9,38,2492676,1.25
20260731,1414,10,20,2800918,1.41
20260731,1414,11,12,3456377,1.74
20260731,1414,12,6,2897200,1.46
20260731,1414,13,3,2102000,1.06
20260731,1414,14,5,4559462,2.3
20260731,1414,15,22,164890644,83.27
20260731,1414,16,26707,198000000,100.0
20260731,1416,1,36158,3565821,1.92
20260731,1416,2,7242,15058531,8.12
20260731,1416,3,1149,8695039,4.69
20260731,1416,4,336,4196138,2.26
20260731,1416,5,224,4133856,2.23
20260731,1416,6,214,5453264,2.94
20260731,1416,7,112,4035010,2.17
20260731,1416,8,83,3811692,2.05
20260731,1416,9,156,11774164,6.35
20260731,1416,10,77,10799191,5.82
20260731,1416,11,45,12980258,7.0
20260731,1416,12,9,4649631,2.5
20260731,1416,13,5,3306123,1.78
20260731,1416,14,3,2700900,1.45
20260731,1416,15,21,90182550,48.65
20260731,1416,16,45834,185342168,100.0
20260731,1417,1,44831,3731230,1.96
20260731,1417,2,8397,18258305,9.61
20260731,1417,3,1227,9506944,5.0
20260731,1417,4,360,4580202,2.41
20260731,1417,5,220,4097983,2.15
20260731,1417,6,163,4185024,2.2
20260731,1417,7,83,2922791,1.53
20260731,1417,8,69,3200922,1.68
20260731,1417,9,114,8392881,4.41
20260731,1417,10,65,9213847,4.85
20260731,1417,11,39,10964384,5.77
20260731,1417,12,19,9436829,4.96
20260731,1417,13,6,4150117,2.18
20260731,1417,14,6,5706255,3.0
20260731,1417,15,20,91594126,48.22
20260731,1417,16,55619,189941840,100.0
20260731,1418,1,29527,634247,1.11
20260731,1418,2,733,1460515,2.56
20260731,1418,3,133,1008212,1.77
20260731,1418,4,56,698886,1.22
20260731,1418,5,36,660471,1.16
20260731,1418,6,27,666352,1.17
20260731,1418,7,19,683067,1.2
20260731,1418,8,16,736463,1.29
20260731,1418,9,40,2681456,4.71
20260731,1418,10,21,2754567,4.84
20260731,1418,11,16,4208155,7.4
20260731,1418,12,8,4084363,7.18
20260731,1418,13,2,1247500,2.19
20260731,1418,14,2,1801060,3.16
20260731,1418,15,7,33508995,58.95
20260731,1418,16,30643,56834309,100.0
20260731,1419,1,14206,543797,0.18
20260731,1419,2,1973,3730313,1.24
20260731,1419,3,305,2168470,0.72
20260731,1419,4,116,1403255,0.46
20260731,1419,5,59,1059584,0.35
20260731,1419,6,66,1632132,0.54
20260731,1419,7,28,947954,0.31
20260731,1419,8,13,585460,0.19
20260731,1419,9,55,4125548,1.37
20260731,1419,10,34,5120455,1.7
20260731,1419,11,22,6340956,2.11
20260731,1419,12,9,4264298,1.42
20260731,1419,13,8,5467665,1.82
20260731,1419,14,7,5997102,1.99
20260731,1419,15,48,256654291,85.53
20260731,1419,16,16949,300041280,100.0
20260731,1423,1,16561,933399,0.93
20260731,1423,2,1170,2335757,2.34
20260731,1423,3,233,1622367,1.62
20260731,1423,4,69,853370,0.85
20260731,1423,5,35,609049,0.61
20260731,1423,6,38,940280,0.94
20260731,1423,7,27,920025,0.92
20260731,1423,8,18,828724,0.83
20260731,1423,9,24,1759385,1.76
20260731,1423,10,17,2239008,2.24
20260731,1423,11,12,3504374,3.51
20260731,1423,12,6,2932410,2.94
20260731,1423,13,7,4938020,4.95
20260731,1423,14,1,936000,0.93
20260731,1423,15,15,74295832,74.55
20260731,1423,16,18233,99648000,100.0
20260731,1432,1,237436,2464857,2.28
20260731,1432,2,17243,24274842,22.47
20260731,1432,3,717,5634608,5.21
20260731,1432,4,191,2352105,2.17
20260731,1432,5,94,1724545,1.59
20260731,1432,6,92,2300279,2.12
20260731,1432,7,39,1370540,1.26
20260731,1432,8,26,1183938,1.09
20260731,1432,9,43,3139965,2.9
20260731,1432,10,12,1795357,1.66
20260731,1432,11,8,2444423,2.26
20260731,1432,12,2,998831,0.92
20260731,1432,13,1,616000,0.57
20260731,1432,14,0,0,0.0
20260731,1432,15,13,57699710,53.42
20260731,1432,16,255917,108000000,100.0
20260731,1434,1,18167,4145849,0.24
20260731,1434,2,30850,70781649,4.2
20260731,1434,3,7250,57550839,3.41
20260731,1434,4,2660,33997969,2.01
20260731,1434,5,1806,33323833,1.97
20260731,1434,6,1595,40804438,2.42
20260731,1434,7,803,28960241,1.71
20260731,1434,8,505,23493265,1.39
20260731,1434,9,943,68093608,4.04
20260731,1434,10,422,60551898,3.59
20260731,1434,11,181,50268061,2.98
20260731,1434,12,58,28488854,1.69
20260731,1434,13,22,15273486,0.9
20260731,1434,14,12,10935807,0.64
20260731,1434,15,73,1157994840,68.73
20260731,1434,16,65347,1684664637,100.0
20260731,1435,1,31997,510368,0.36
20260731,1435,2,1021,1928630,1.37
20260731,1435,3,89,705972,0.5
20260731,1435,4,27,337049,0.24
20260731,1435,5,21,399705,0.28
20260731,1435,6,9,231848,0.16
20260731,1435,7,3,111000,0.07
20260731,1435,8,2,95000,0.06
20260731,1435,9,19,1463339,1.04
20260731,1435,10,6,816000,0.58
20260731,1435,11,2,555000,0.39
20260731,1435,12,4,1849000,1.32
20260731,1435,13,1,700000,0.5
20260731,1435,14,0,0,0.0
20260731,1435,15,19,130077169,93.05
20260731,1435,16,33220,139780080,100.0
20260731,1436,1,7571,1619031,0.83
20260731,1436,2,5440,11437963,5.89
20260731,1436,3,820,5889402,3.03
20260731,1436,4,281,3513577,1.8
20260731,1436,5,143,2548088,1.31
20260731,1436,6,147,3583039,1.84
20260731,1436,7,76,2664470,1.37
20260731,1436,8,29,1318648,0.67
20260731,1436,9,71,4980024,2.56
20260731,1436,10,35,4900658,2.52
20260731,1436,11,14,3734557,1.92
20260731,1436,12,6,2889085,1.48
20260731,1436,13,4,2846862,1.46
20260731,1436,14,1,893384,0.46
20260731,1436,15,28,141333007,72.79
20260731,1436,16,14666,194151795,100.0
20260731,1437,1,4617,634829,0.31
20260731,1437,2,2745,5613103,2.78
20260731,1437,3,502,3550433,1.75
20260731,1437,4,222,2687797,1.33
20260731,1437,5,99,1747587,0.86
20260731,1437,6,107,2598972,1.28
20260731,1437,7,66,2335976,1.15
20260731,1437,8,39,1796731,0.89
20260731,1437,9,69,4766758,2.36
20260731,1437,10,62,8193848,4.05
20260731,1437,11,27,7467335,3.69
20260731,1437,12,18,8382150,4.15
20260731,1437,13,13,9007063,4.46
20260731,1437,14,10,9429937,4.67
20260731,1437,15,35,133658765,66.2
20260731,1437,16,8631,201871284,100.0
20260731,1438,1,2798,584567,0.52
20260731,1438,2,1736,3336584,3.0
20260731,1438,3,210,1593929,1.43
20260731,1438,4,80,1029048,0.92
20260731,1438,5,37,651852,0.58
20260731,1438,6,53,1365959,1.22
20260731,1438,7,23,809653,0.72
20260731,1438,8,22,1007590,0.9
20260731,1438,9,35,2544517,2.28
20260731,1438,10,20,2814911,2.53
20260731,1438,11,11,2978825,2.67
20260731,1438,12,6,3118511,2.8
20260731,1438,13,2,1444651,1.29
20260731,1438,14,3,2881972,2.59
20260731,1438,15,18,85043190,76.47
20260731,1438,16,5054,111205759,100.0
20260731,1439,1,2537,257671,0.28
20260731,1439,2,1486,2825825,3.07
20260731,1439,3,187,1501422,1.63
20260731,1439,4,49,632291,0.68
20260731,1439,5,29,524669,0.57
20260731,1439,6,27,702200,0.76
20260731,1439,7,14,504425,0.54
20260731,1439,8,15,667055,0.72
20260731,1439,9,27,1970399,2.14
20260731,1439,10,14,2027001,2.2
20260731,1439,11,8,2351547,2.55
20260731,1439,12,7,3658000,3.97
20260731,1439,13,3,2016000,2.19
20260731,1439,14,4,3657430,3.97
20260731,1439,15,17,68704065,74.67
20260731,1439,16,4424,92000000,100.0
20260731,1440,1,52157,3436352,0.2
20260731,1440,2,31085,68227104,4.11
20260731,1440,3,5726,45143566,2.72
20260731,1440,4,1751,21956311,1.32
20260731,1440,5,1213,22601612,1.36
20260731,1440,6,1055,27152222,1.63
20260731,1440,7,459,16525615,0.99
20260731,1440,8,339,15830483,0.95
20260731,1440,9,666,48962318,2.95
20260731,1440,10,345,48935806,2.95
20260731,1440,11,173,49526016,2.98
20260731,1440,12,63,30902520,1.86
20260731,1440,13,35,24330615,1.46
20260731,1440,14,29,25595453,1.54
20260731,1440,15,142,1207689864,72.89
20260731,1440,16,95238,1656815857,100.0
20260731,1441,1,10114,2415346,3.36
20260731,1441,2,3739,7556026,10.53
20260731,1441,3,613,4253541,5.92
20260731,1441,4,155,1887533,2.63
20260731,1441,5,69,1219093,1.69
20260731,1441,6,60,1471517,2.05
20260731,1441,7,14,502113,0.69
20260731,1441,8,13,570225,0.79
20260731,1441,9,24,1689517,2.35
20260731,1441,10,16,2177234,3.03
20260731,1441,11,5,1347593,1.87
20260731,1441,12,5,2324127,3.23
20260731,1441,13,1,638452,0.88
20260731,1441,14,2,1823881,2.54
20260731,1441,15,7,41868189,58.35
20260731,1441,16,14837,71744387,100.0
20260731,1442,1,4038,739874,0.2
20260731,1442,2,3334,7051347,1.92
20260731,1442,3,554,4293149,1.17
20260731,1442,4,173,2224769,0.6
20260731,1442,5,119,2193046,0.59
20260731,1442,6,100,2535256,0.69
20260731,1442,7,58,2037980,0.55
20260731,1442,8,42,1955941,0.53
20260731,1442,9,69,5242251,1.43
20260731,1442,10,55,7808239,2.13
20260731,1442,11,42,11368433,3.1
20260731,1442,12,19,9585468,2.61
20260731,1442,13,11,8010998,2.18
20260731,1442,14,15,13172308,3.59
20260731,1442,15,63,287992299,78.64
20260731,1442,16,8692,366211358,100.0
20260731,1443,1,14433,848021,0.62
20260731,1443,2,939,1970256,1.45
20260731,1443,3,132,967665,0.71
20260731,1443,4,66,834260,0.61
20260731,1443,5,19,341368,0.25
20260731,1443,6,35,883229,0.65
20260731,1443,7,18,614118,0.45
20260731,1443,8,12,568959,0.42
20260731,1443,9,30,1944419,1.43
20260731,1443,10,18,2585180,1.91
20260731,1443,11,8,2087662,1.54
20260731,1443,12,12,5930646,4.38
20260731,1443,13,1,699000,0.51
20260731,1443,14,6,5301619,3.91
20260731,1443,15,21,109766609,81.1
20260731,1443,16,15750,135343011,100.0
20260731,1444,1,20918,4449134,0.44
20260731,1444,2,26389,56705155,5.69
20260731,1444,3,6675,46987042,4.71
20260731,1444,4,3167,36875324,3.7
20260731,1444,5,1222,21780134,2.18
20260731,1444,6,1404,33432818,3.35
20260731,1444,7,638,21798782,2.18
20260731,1444,8,365,16353649,1.64
20260731,1444,9,689,47410833,4.76
20260731,1444,10,306,41506176,4.16
20260731,1444,11,116,31765275,3.19
20260731,1444,12,32,15719741,1.57
20260731,1444,13,18,12277494,1.23
20260731,1444,14,13,11707525,1.17
20260731,1444,15,72,596825977,59.94
20260731,1444,16,62024,995595059,100.0
20260731,1445,1,8232,564364,0.43
20260731,1445,2,2533,5504262,4.21
20260731,1445,3,505,3945134,3.01
20260731,1445,4,160,1992797,1.52
20260731,1445,5,109,2012522,1.54
20260731,1445,6,110,2843655,2.17
20260731,1445,7,46,1607473,1.23
20260731,1445,8,39,1804171,1.38
20260731,1445,9,56,3776766,2.89
20260731,1445,10,51,7043544,5.39
20260731,1445,11,34,10191931,7.79
20260731,1445,12,10,5054864,3.86
20260731,1445,13,6,4287000,3.28
20260731,1445,14,1,1000000,0.76
20260731,1445,15,21,79037551,60.48
20260731,1445,16,11913,130666034,100.0
20260731,1446,1,3745,645065,0.46
20260731,1446,2,2844,6490586,4.71
20260731,1446,3,633,5125392,3.72
20260731,1446,4,233,2991808,2.17
20260731,1446,5,143,2667546,1.93
20260731,1446,6,141,3566480,2.58
20260731,1446,7,66,2325994,1.68
20260731,1446,8,55,2557130,1.85
20260731,1446,9,94,6973510,5.06
20260731,1446,10,56,7967724,5.78
20260731,1446,11,23,6106037,4.43
20260731,1446,12,6,2982000,2.16
20260731,1446,13,2,1234000,0.89
20260731,1446,14,1,881000,0.63
20260731,1446,15,19,85195241,61.86
20260731,1446,16,8061,137709513,100.0
20260731,1447,1,10710,2776535,0.3
20260731,1447,2,23977,53096198,5.83
20260731,1447,3,4817,39409711,4.33
20260731,1447,4,1407,17973449,1.97
20260731,1447,5,1037,19429442,2.13
20260731,1447,6,820,21269834,2.33
20260731,1447,7,351,12644441,1.38
20260731,1447,8,291,13671536,1.5
20260731,1447,9,459,34159942,3.75
20260731,1447,10,216,31177215,3.42
20260731,1447,11,99,27185758,2.98
20260731,1447,12,32,16128354,1.77
20260731,1447,13,16,11445933,1.25
20260731,1447,14,11,9743314,1.07
20260731,1447,15,67,599959580,65.92
20260731,1447,16,44310,910071242,100.0
20260731,1449,1,33454,1390224,1.09
20260731,1449,2,9408,18925235,14.88
20260731,1449,3,1432,10606333,8.34
20260731,1449,4,529,6448970,5.07
20260731,1449,5,287,5231939,4.11
20260731,1449,6,230,5610707,4.41
20260731,1449,7,115,4044979,3.18
20260731,1449,8,56,2559798,2.01
20260731,1449,9,134,9589948,7.54
20260731,1449,10,56,7510430,5.9
20260731,1449,11,24,6460912,5.08
20260731,1449,12,4,2036170,1.6
20260731,1449,13,7,4799087,3.77
20260731,1449,14,1,890000,0.7
20260731,1449,15,15,41009840,32.26
20260731,1449,16,45752,127114572,100.0
20260731,1451,1,9143,2474807,1.24
20260731,1451,2,5642,12002156,6.06
20260731,1451,3,941,7200410,3.63
20260731,1451,4,299,3809382,1.92
20260731,1451,5,194,3529898,1.78
20260731,1451,6,173,4389204,2.21
20260731,1451,7,86,3049369,1.54
20260731,1451,8,71,3317623,1.67
20260731,1451,9,157,11568903,5.84
20260731,1451,10,74,10699829,5.4
20260731,1451,11,36,9595170,4.84
20260731,1451,12,18,8379116,4.23
20260731,1451,13,5,3366656,1.7
20260731,1451,14,3,2490000,1.25
20260731,1451,15,15,112127477,56.63
20260731,1451,16,16857,198000000,100.0
20260731,1452,1,39694,649711,0.48
20260731,1452,2,5225,11356158,8.56
20260731,1452,3,1050,8310260,6.26
20260731,1452,4,322,4132006,3.11
20260731,1452,5,229,4267490,3.21
20260731,1452,6,181,4664298,3.51
20260731,1452,7,107,3818090,2.87
20260731,1452,8,42,1962942,1.47
20260731,1452,9,137,9800704,7.38
20260731,1452,10,58,8479397,6.39
20260731,1452,11,36,10249766,7.72
20260731,1452,12,7,3334262,2.51
20260731,1452,13,9,6107302,4.6
20260731,1452,14,6,5173637,3.9
20260731,1452,15,18,50335377,37.94
20260731,1452,16,47121,132641400,100.0
20260731,1453,1,8918,1863405,1.64
20260731,1453,2,4166,8232144,7.26
20260731,1453,3,586,3979105,3.51
20260731,1453,4,209,2419976,2.13
20260731,1453,5,54,919714,0.81
20260731,1453,6,79,1857392,1.64
20260731,1453,7,39,1336746,1.18
20260731,1453,8,15,678474,0.59
20260731,1453,9,33,2233160,1.97
20260731,1453,10,16,2172131,1.91
20260731,1453,11,7,1860369,1.64
20260731,1453,12,3,1453696,1.28
20260731,1453,13,1,766011,0.67
20260731,1453,14,0,0,0.0
20260731,1453,15,14,83470725,73.7
20260731,1453,16,14140,113243048,100.0
20260731,1454,1,10826,1235393,0.95
20260731,1454,2,2373,4848304,3.73
20260731,1454,3,307,2314948,1.78
20260731,1454,4,85,1052973,0.81
20260731,1454,5,51,925474,0.71
20260731,1454,6,41,1013535,0.78
20260731,1454,7,19,670051,0.51
20260731,1454,8,12,534258,0.41
20260731,1454,9,40,2956544,2.27
20260731,1454,10,24,3702977,2.85
20260731,1454,11,15,4461027,3.43
20260731,1454,12,3,1540154,1.18
20260731,1454,13,3,2075556,1.59
20260731,1454,14,2,1835379,1.41
20260731,1454,15,27,100667275,77.53
20260731,1454,16,13828,129833848,100.0
20260731,1455,1,13313,2655745,0.49
20260731,1455,2,15669,34912590,6.56
20260731,1455,3,3174,25334782,4.76
20260731,1455,4,874,11088785,2.08
20260731,1455,5,660,12447054,2.34
20260731,1455,6,566,14678600,2.76
20260731,1455,7,254,9213932,1.73
20260731,1455,8,191,9076455,1.7
20260731,1455,9,311,21955632,4.12
20260731,1455,10,132,18931536,3.56
20260731,1455,11,57,15078814,2.83
20260731,1455,12,25,11902791,2.23
20260731,1455,13,4,2776927,0.52
20260731,1455,14,9,8223776,1.54
20260731,1455,15,41,333410961,62.7
20260731,1455,16,35280,531688380,100.0
20260731,1456,1,3385,384685,0.41
20260731,1456,2,887,1802065,1.92
20260731,1456,3,121,950993,1.01
20260731,1456,4,37,475721,0.5
20260731,1456,5,32,599256,0.63
20260731,1456,6,21,566705,0.6
20260731,1456,7,17,619944,0.66
20260731,1456,8,13,567647,0.6
20260731,1456,9,22,1569152,1.67
20260731,1456,10,12,1654419,1.76
20260731,1456,11,15,4360314,4.65
20260731,1456,12,3,1294000,1.38
20260731,1456,13,2,1365247,1.45
20260731,1456,14,2,1842890,1.96
20260731,1456,15,8,75666962,80.73
20260731,1456,16,4577,93720000,100.0
20260731,1457,1,8361,1364492,0.43
20260731,1457,2,5471,11325169,3.57
20260731,1457,3,1261,8645759,2.72
20260731,1457,4,552,6371756,2.01
20260731,1457,5,232,4077639,1.28
20260731,1457,6,257,6115253,1.93
20260731,1457,7,121,4092978,1.29
20260731,1457,8,89,3970486,1.25
20260731,1457,9,149,10186593,3.21
20260731,1457,10,80,10689005,3.37
20260731,1457,11,45,13057824,4.12
20260731,1457,12,16,8067197,2.54
20260731,1457,13,10,7051698,2.22
20260731,1457,14,5,4547762,1.43
20260731,1457,15,39,217166411,68.56
20260731,1457,16,16688,316730022,100.0
20260731,1459,1,0,0,0.0
20260731,1459,2,0,0,0.0
20260731,1459,3,0,0,0.0
20260731,1459,4,0,0,0.0
20260731,1459,5,0,0,0.0
20260731,1459,6,0,0,0.0
20260731,1459,7,0,0,0.0
20260731,1459,8,0,0,0.0
20260731,1459,9,0,0,0.0
20260731,1459,10,0,0,0.0
20260731,1459,11,0,0,0.0
20260731,1459,12,0,0,0.0
20260731,1459,13,0,0,0.0
20260731,1459,14,0,0,0.0
20260731,1459,15,1,268971680,100.0
20260731,1459,16,1,268971680,100.0
20260731,1460,1,8574,2668746,0.38
20260731,1460,2,9869,24036198,3.46
20260731,1460,3,2289,17881341,2.57
20260731,1460,4,845,10652717,1.53
20260731,1460,5,666,12047732,1.73
20260731,1460,6,625,15780333,2.27
20260731,1460,7,293,10324623,1.48
20260731,1460,8,224,10333685,1.48
20260731,1460,9,404,28538739,4.1
20260731,1460,10,248,35076877,5.04
20260731,1460,11,100,27528480,3.96
20260731,1460,12,36,17548184,2.52
20260731,1460,13,17,11889947,1.71
20260731,1460,14,19,17276290,2.48
20260731,1460,15,51,453059592,65.22
20260731,1460,16,24260,694643484,100.0
20260731,1463,1,30147,418684,0.24
20260731,1463,2,2421,5243101,3.02
20260731,1463,3,402,3276386,1.89
20260731,1463,4,100,1344536,0.77
20260731,1463,5,92,1720201,0.99
20260731,1463,6,80,2093627,1.2
20260731,1463,7,47,1682599,0.97
20260731,1463,8,26,1244000,0.71
20260731,1463,9,67,5022378,2.89
20260731,1463,10,37,5100952,2.94
20260731,1463,11,19,5127857,2.95
20260731,1463,12,14,6513489,3.75
20260731,1463,13,6,3889366,2.24
20260731,1463,14,1,928000,0.53
20260731,1463,15,20,129663205,74.83
20260731,1463,16,33479,173268381,100.0
20260731,1464,1,47187,2702105,0.63
20260731,1464,2,10513,22579114,5.3
20260731,1464,3,2481,17242802,4.05
20260731,1464,4,1134,13563283,3.18
20260731,1464,5,471,8293412,1.94
20260731,1464,6,570,13924494,3.27
20260731,1464,7,265,9088092,2.13
20260731,1464,8,145,6519243,1.53
20260731,1464,9,348,23747368,5.58
20260731,1464,10,175,24125237,5.66
20260731,1464,11,83,22876258,5.37
20260731,1464,12,23,11490955,2.7
20260731,1464,13,14,9837294,2.31
20260731,1464,14,9,8082977,1.89
20260731,1464,15,38,231503099,54.39
20260731,1464,16,63456,425575733,100.0
20260731,1465,1,6417,1433075,1.38
20260731,1465,2,3000,6140865,5.92
20260731,1465,3,400,2928173,2.82
20260731,1465,4,131,1638502,1.58
20260731,1465,5,57,1054683,1.01
20260731,1465,6,74,1882628,1.81
20260731,1465,7,30,1073371,1.03
20260731,1465,8,20,906019,0.87
20260731,1465,9,52,3650668,3.52
20260731,1465,10,24,3277279,3.16
20260731,1465,11,14,4200537,4.05
20260731,1465,12,8,4133332,3.98
20260731,1465,13,3,2078164,2.0
20260731,1465,14,5,4583400,4.42
20260731,1465,15,22,64626571,62.37
20260731,1465,16,10257,103607267,100.0
20260731,1466,1,17407,622847,0.56
20260731,1466,2,3519,7339788,6.6
20260731,1466,3,527,4314302,3.88
20260731,1466,4,143,1800276,1.61
20260731,1466,5,88,1651476,1.48
20260731,1466,6,75,1964760,1.76
20260731,1466,7,35,1231031,1.1
20260731,1466,8,23,1094026,0.98
20260731,1466,9,48,3500693,3.14
20260731,1466,10,38,5766893,5.18
20260731,1466,11,21,6334122,5.69
20260731,1466,12,3,1396793,1.25
20260731,1466,13,4,2721751,2.44
20260731,1466,14,3,2740000,2.46
20260731,1466,15,23,68678562,61.78
20260731,1466,16,21957,111157320,100.0
20260731,1467,1,9419,1301684,0.55
20260731,1467,2,6161,13320894,5.7
20260731,1467,3,1226,9503314,4.06
20260731,1467,4,358,4465944,1.91
20260731,1467,5,225,4231314,1.81
20260731,1467,6,195,5042420,2.15
20260731,1467,7,109,3971545,1.69
20260731,1467,8,71,3349884,1.43
20260731,1467,9,139,9966093,4.26
20260731,1467,10,77,11257759,4.81
20260731,1467,11,38,10393953,4.44
20260731,1467,12,15,7609741,3.25
20260731,1467,13,4,2628000,1.12
20260731,1467,14,8,7041161,3.01
20260731,1467,15,18,139540961,59.72
20260731,1467,16,18063,233624667,100.0
20260731,1468,1,1047,41011,0.02
20260731,1468,2,189,414048,0.25
20260731,1468,3,31,244216,0.15
20260731,1468,4,12,151136,0.09
20260731,1468,5,8,151000,0.09
20260731,1468,6,9,229102,0.14
20260731,1468,7,7,240134,0.14
20260731,1468,8,2,87429,0.05
20260731,1468,9,12,874427,0.54
20260731,1468,10,6,913750,0.56
20260731,1468,11,2,645170,0.4
20260731,1468,12,2,1122623,0.69
20260731,1468,13,0,0,0.0
20260731,1468,14,0,0,0.0
20260731,1468,15,16,155291198,96.81
20260731,1468,16,1343,160405244,100.0
20260731,1470,1,850,51694,0.06
20260731,1470,2,176,362495,0.42
20260731,1470,3,32,246223,0.28
20260731,1470,4,22,280702,0.32
20260731,1470,5,6,99303,0.11
20260731,1470,6,10,245700,0.28
20260731,1470,7,6,197225,0.22
20260731,1470,8,14,640839,0.74
20260731,1470,9,33,2472595,2.88
20260731,1470,10,16,2305028,2.68
20260731,1470,11,15,4056076,4.72
20260731,1470,12,11,5187316,6.04
20260731,1470,13,5,3281377,3.82
20260731,1470,14,7,6141966,7.16
20260731,1470,15,13,60198461,70.18
20260731,1470,16,1216,85767000,100.0
20260731,1471,1,41297,1440228,0.95
20260731,1471,2,10860,25113791,16.69
20260731,1471,3,2257,18609215,12.37
20260731,1471,4,596,7795031,5.18
20260731,1471,5,513,9740697,6.47
20260731,1471,6,425,10973871,7.29
20260731,1471,7,180,6478218,4.3
20260731,1471,8,119,5603751,3.72
20260731,1471,9,187,13465929,8.95
20260731,1471,10,78,10556954,7.01
20260731,1471,11,23,6723781,4.47
20260731,1471,12,12,5693397,3.78
20260731,1471,13,4,2725898,1.81
20260731,1471,14,0,0,0.0
20260731,1471,15,8,25493775,16.94
20260731,1471,16,56559,150414536,100.0
20260731,1472,1,3024,179528,0.34
20260731,1472,2,402,833826,1.58
20260731,1472,3,53,391950,0.74
20260731,1472,4,19,231123,0.44
20260731,1472,5,18,329930,0.62
20260731,1472,6,25,630078,1.2
20260731,1472,7,9,324772,0.61
20260731,1472,8,13,585850,1.11
20260731,1472,9,15,1134581,2.16
20260731,1472,10,20,2921900,5.56
20260731,1472,11,8,2286826,4.35
20260731,1472,12,7,3430288,6.53
20260731,1472,13,2,1547206,2.94
20260731,1472,14,1,1000000,1.9
20260731,1472,15,7,36660224,69.84
20260731,1472,16,3623,52488082,100.0
20260731,1473,1,7006,1191072,0.81
20260731,1473,2,4461,8895943,6.08
20260731,1473,3,597,4537663,3.1
20260731,1473,4,160,2004735,1.37
20260731,1473,5,108,1970778,1.34
20260731,1473,6,87,2199954,1.5
20260731,1473,7,59,2071062,1.41
20260731,1473,8,41,1877295,1.28
20260731,1473,9,64,4426443,3.02
20260731,1473,10,38,5335180,3.65
20260731,1473,11,25,6893194,4.71
20260731,1473,12,4,1986000,1.35
20260731,1473,13,1,758000,0.51
20260731,1473,14,1,831000,0.56
20260731,1473,15,24,101175215,69.22
20260731,1473,16,12676,146153534,100.0
20260731,1474,1,10002,1177028,0.9
20260731,1474,2,4824,10015640,7.71
20260731,1474,3,789,6231519,4.79
20260731,1474,4,196,2522183,1.94
20260731,1474,5,173,3230647,2.48
20260731,1474,6,153,3880153,2.98
20260731,1474,7,62,2185804,1.68
20260731,1474,8,65,3012255,2.31
20260731,1474,9,87,6215617,4.78
20260731,1474,10,50,7166115,5.51
20260731,1474,11,24,7040169,5.41
20260731,1474,12,9,4276580,3.29
20260731,1474,13,6,4096403,3.15
20260731,1474,14,0,0,0.0
20260731,1474,15,17,68846856,53.0
20260731,1474,16,16457,129896969,100.0
20260731,1475,1,1102,98892,0.14
20260731,1475,2,848,1684891,2.55
20260731,1475,3,143,1126220,1.7
20260731,1475,4,44,559737,0.84
20260731,1475,5,34,619660,0.93
20260731,1475,6,25,620142,0.93
20260731,1475,7,17,607974,0.92
20260731,1475,8,10,443299,0.67
20260731,1475,9,24,1662754,2.51
20260731,1475,10,24,3483987,5.27
20260731,1475,11,16,4738443,7.17
20260731,1475,12,4,1957457,2.96
20260731,1475,13,3,2059277,3.11
20260731,1475,14,1,810499,1.22
20260731,1475,15,8,45543517,68.98
20260731,1475,16,2303,66016749,100.0
20260731,1476,1,11010,1647452,0.6
20260731,1476,2,5984,10683518,3.89
20260731,1476,3,487,3712982,1.35
20260731,1476,4,157,1986315,0.72
20260731,1476,5,99,1786088,0.65
20260731,1476,6,96,2382563,0.86
20260731,1476,7,49,1722611,0.62
20260731,1476,8,39,1781251,0.64
20260731,1476,9,78,5381269,1.96
20260731,1476,10,48,7004585,2.55
20260731,1476,11,48,13937265,5.07
20260731,1476,12,14,6838204,2.49
20260731,1476,13,8,5632873,2.05
20260731,1476,14,7,6139417,2.23
20260731,1476,15,48,203730718,74.25
20260731,1476,16,18172,274367111,100.0
20260731,1477,1,13333,2477248,1.0
20260731,1477,2,12552,22960932,9.3
20260731,1477,3,1386,10189189,4.13
20260731,1477,4,409,5030827,2.03
20260731,1477,5,199,3563444,1.44
20260731,1477,6,207,5042380,2.04
20260731,1477,7,93,3278228,1.32
20260731,1477,8,68,3053976,1.23
20260731,1477,9,123,8430308,3.41
20260731,1477,10,80,11345904,4.59
20260731,1477,11,53,14508972,5.88
20260731,1477,12,19,9583326,3.88
20260731,1477,13,12,8240072,3.34
20260731,1477,14,9,8056895,3.26
20260731,1477,15,43,130932012,53.07
20260731,1477,16,28586,246693713,100.0
20260731,1503,1,44669,5470411,1.05
20260731,1503,2,32097,54693924,10.49
20260731,1503,3,1969,15164460,2.91
20260731,1503,4,561,7114638,1.36
20260731,1503,5,279,5102072,0.97
20260731,1503,6,255,6393791,1.22
20260731,1503,7,118,4248411,0.81
20260731,1503,8,82,3789214,0.72
20260731,1503,9,155,11226467,2.15
20260731,1503,10,91,13067980,2.5
20260731,1503,11,45,12212305,2.34
20260731,1503,12,9,4616548,0.88
20260731,1503,13,6,4181029,0.8
20260731,1503,14,4,3575934,0.68
20260731,1503,15,43,370115039,71.04
20260731,1503,16,80383,520972223,100.0
20260731,1504,1,69662,10090043,0.42
20260731,1504,2,114586,233776088,9.83
20260731,1504,3,14902,116923700,4.92
20260731,1504,4,4130,52803459,2.22
20260731,1504,5,2443,45353800,1.9
20260731,1504,6,1955,50008679,2.1
20260731,1504,7,857,30807303,1.29
20260731,1504,8,561,26050320,1.09
20260731,1504,9,898,63877549,2.68
20260731,1504,10,345,49709014,2.09
20260731,1504,11,182,51741277,2.17
20260731,1504,12,58,28594373,1.2
20260731,1504,13,29,19924933,0.83
20260731,1504,14,15,13301408,0.55
20260731,1504,15,121,1583478738,66.63
20260731,1504,16,210744,2376440684,100.0
20260731,1506,1,16720,700917,0.23
20260731,1506,2,2941,6590667,2.19
20260731,1506,3,647,5429608,1.8
20260731,1506,4,227,2980398,0.99
20260731,1506,5,182,3413038,1.13
20260731,1506,6,189,4920757,1.63
20260731,1506,7,107,3854006,1.28
20260731,1506,8,65,3055802,1.01
20260731,1506,9,154,11495395,3.82
20260731,1506,10,86,12184056,4.05
20260731,1506,11,48,13461669,4.48
20260731,1506,12,21,10561021,3.51
20260731,1506,13,8,5674484,1.88
20260731,1506,14,2,1752000,0.58
20260731,1506,15,16,214314683,71.34
20260731,1506,16,21413,300388501,100.0
20260731,1512,1,16719,970909,0.98
20260731,1512,2,1986,4670936,4.75
20260731,1512,3,492,3693912,3.76
20260731,1512,4,204,2522654,2.56
20260731,1512,5,149,2691524,2.74
20260731,1512,6,137,3444148,3.5
20260731,1512,7,93,3257762,3.31
20260731,1512,8,49,2247286,2.28
20260731,1512,9,125,8899448,9.06
20260731,1512,10,49,6455706,6.57
20260731,1512,11,22,6383137,6.5
20260731,1512,12,8,3876247,3.94
20260731,1512,13,3,2104595,2.14
20260731,1512,14,0,0,0.0
20260731,1512,15,8,46965234,47.83
20260731,1512,16,20044,98183498,100.0
20260731,1513,1,77487,10130738,2.01
20260731,1513,2,78415,137632505,27.35
20260731,1513,3,5359,42023572,8.35
20260731,1513,4,1283,16465890,3.27
20260731,1513,5,734,13663973,2.71
20260731,1513,6,501,12940859,2.57
20260731,1513,7,200,7217327,1.43
20260731,1513,8,140,6548047,1.3
20260731,1513,9,222,16052281,3.19
20260731,1513,10,96,13153801,2.61
20260731,1513,11,46,13278221,2.63
20260731,1513,12,23,11906405,2.36
20260731,1513,13,9,6143105,1.22
20260731,1513,14,4,3778375,0.75
20260731,1513,15,36,192177416,38.19
20260731,1513,16,164555,503112515,100.0
20260731,1514,1,52689,4624324,1.69
20260731,1514,2,41645,71808920,26.29
20260731,1514,3,3373,23750895,8.69
20260731,1514,4,968,11600071,4.24
20260731,1514,5,379,6776384,2.48
20260731,1514,6,296,7234508,2.64
20260731,1514,7,123,4236164,1.55
20260731,1514,8,57,2554987,0.93
20260731,1514,9,149,10182089,3.72
20260731,1514,10,77,11058089,4.04
20260731,1514,11,30,8753821,3.2
20260731,1514,12,18,9516075,3.48
20260731,1514,13,12,8524222,3.12
20260731,1514,14,4,3693197,1.35
20260731,1514,15,23,88794727,32.51
20260731,1514,16,99843,273108473,100.0
20260731,1515,1,9490,833059,0.45
20260731,1515,2,10842,22719935,12.51
20260731,1515,3,1557,12382612,6.82
20260731,1515,4,482,6254914,3.44
20260731,1515,5,310,5772207,3.18
20260731,1515,6,274,7055430,3.88
20260731,1515,7,114,4101325,2.26
20260731,1515,8,76,3539319,1.95
20260731,1515,9,138,10095159,5.56
20260731,1515,10,51,7120049,3.92
20260731,1515,11,31,8547451,4.71
20260731,1515,12,11,5533257,3.04
20260731,1515,13,6,4327499,2.38
20260731,1515,14,9,7916194,4.36
20260731,1515,15,12,75275090,41.47
20260731,1515,16,23403,181473500,100.0
20260731,1516,1,43255,794285,1.98
20260731,1516,2,1334,2638174,6.59
20260731,1516,3,188,1267546,3.16
20260731,1516,4,78,922612,2.3
20260731,1516,5,45,795665,1.98
20260731,1516,6,38,921644,2.3
20260731,1516,7,33,1140283,2.85
20260731,1516,8,12,538549,1.34
20260731,1516,9,21,1401297,3.5
20260731,1516,10,13,1750399,4.37
20260731,1516,11,6,1901633,4.75
20260731,1516,12,2,938531,2.34
20260731,1516,13,2,1515000,3.78
20260731,1516,14,0,0,0.0
20260731,1516,15,11,23482577,58.69
20260731,1516,16,45038,40008195,100.0
20260731,1517,1,29032,1767931,0.8
20260731,1517,2,13326,29169460,13.25
20260731,1517,3,2267,18219076,8.28
20260731,1517,4,590,7578914,3.44
20260731,1517,5,392,7366946,3.34
20260731,1517,6,326,8461120,3.84
20260731,1517,7,142,5242334,2.38
20260731,1517,8,97,4569648,2.07
20260731,1517,9,165,11767266,5.34
20260731,1517,10,72,10267240,4.66
20260731,1517,11,29,8063219,3.66
20260731,1517,12,9,4241843,1.92
20260731,1517,13,4,2650815,1.2
20260731,1517,14,4,3661900,1.66
20260731,1517,15,14,96972295,44.07
20260731,1517,16,46469,220000007,100.0
20260731,1519,1,66656,9043467,2.86
20260731,1519,2,17264,28928648,9.15
20260731,1519,3,1053,7651204,2.42
20260731,1519,4,300,3721974,1.17
20260731,1519,5,145,2581514,0.81
20260731,1519,6,137,3380040,1.07
20260731,1519,7,85,2961429,0.93
20260731,1519,8,39,1786251,0.56
20260731,1519,9,96,6976255,2.2
20260731,1519,10,50,7576339,2.39
20260731,1519,11,43,12194549,3.86
20260731,1519,12,14,6837952,2.16
20260731,1519,13,15,10695303,3.38
20260731,1519,14,6,5344770,1.69
20260731,1519,15,40,206201149,65.27
20260731,1519,16,85943,315880844,100.0
20260731,1521,1,19477,173477,0.22
20260731,1521,2,3170,6458737,8.47
20260731,1521,3,455,3633221,4.76
20260731,1521,4,124,1551685,2.03
20260731,1521,5,97,1781119,2.33
20260731,1521,6,82,2083148,2.73
20260731,1521,7,27,979512,1.28
20260731,1521,8,22,1020000,1.33
20260731,1521,9,43,3099460,4.06
20260731,1521,10,10,1347681,1.76
20260731,1521,11,8,2508004,3.29
20260731,1521,12,1,500000,0.65
20260731,1521,13,1,746000,0.97
20260731,1521,14,0,0,0.0
20260731,1521,15,10,50347956,66.04
20260731,1521,16,23527,76230000,100.0
20260731,1522,1,7133,1450476,0.46
20260731,1522,2,18286,38643084,12.35
20260731,1522,3,2866,22751033,7.27
20260731,1522,4,826,10596048,3.38
20260731,1522,5,493,9199483,2.94
20260731,1522,6,387,10004962,3.19
20260731,1522,7,158,5720503,1.82
20260731,1522,8,103,4840929,1.54
20260731,1522,9,149,10584589,3.38
20260731,1522,10,78,10701986,3.42
20260731,1522,11,33,9191746,2.93
20260731,1522,12,16,8427031,2.69
20260731,1522,13,4,2562056,0.81
20260731,1522,14,5,4263818,1.36
20260731,1522,15,24,163960137,52.4
20260731,1522,16,30561,312897881,100.0
20260731,1524,1,26415,1099002,0.66
20260731,1524,2,15836,33401179,20.2
20260731,1524,3,2142,17585379,10.63
20260731,1524,4,492,6389292,3.86
20260731,1524,5,381,7213244,4.36
20260731,1524,6,245,6365775,3.85
20260731,1524,7,95,3409762,2.06
20260731,1524,8,87,4103658,2.48
20260731,1524,9,112,8319080,5.03
20260731,1524,10,65,9128322,5.52
20260731,1524,11,19,5423982,3.28
20260731,1524,12,6,2982179,1.8
20260731,1524,13,2,1348000,0.81
20260731,1524,14,0,0,0.0
20260731,1524,15,12,58541543,35.41
20260731,1524,16,45909,165310397,100.0
20260731,1525,1,1415,145079,0.19
20260731,1525,2,1538,2811131,3.82
20260731,1525,3,152,1138054,1.55
20260731,1525,4,42,532986,0.72
20260731,1525,5,31,552329,0.75
20260731,1525,6,19,496369,0.67
20260731,1525,7,10,347213,0.47
20260731,1525,8,5,226495,0.3
20260731,1525,9,11,772570,1.05
20260731,1525,10,2,248569,0.33
20260731,1525,11,4,1179040,1.6
20260731,1525,12,0,0,0.0
20260731,1525,13,2,1427317,1.94
20260731,1525,14,0,0,0.0
20260731,1525,15,6,63522983,86.54
20260731,1525,16,3237,73400135,100.0
20260731,1526,1,46731,478946,0.79
20260731,1526,2,4482,9158401,15.26
20260731,1526,3,631,5044510,8.4
20260731,1526,4,199,2551521,4.25
20260731,1526,5,144,2655407,4.42
20260731,1526,6,99,2574645,4.29
20260731,1526,7,44,1588045,2.64
20260731,1526,8,28,1313528,2.18
20260731,1526,9,62,4349677,7.24
20260731,1526,10,25,3524675,5.87
20260731,1526,11,14,4436415,7.39
20260731,1526,12,7,3606205,6.01
20260731,1526,13,1,751000,1.25
20260731,1526,14,0,0,0.0
20260731,1526,15,3,17967025,29.94
20260731,1526,16,52470,60000000,100.0
20260731,1527,1,49729,899541,0.64
20260731,1527,2,11150,23817307,17.18
20260731,1527,3,1946,15403066,11.11
20260731,1527,4,601,7679377,5.54
20260731,1527,5,352,6519412,4.7
20260731,1527,6,300,7733498,5.58
20260731,1527,7,120,4365122,3.15
20260731,1527,8,85,3916646,2.82
20260731,1527,9,128,8791874,6.34
20260731,1527,10,58,8094684,5.84
20260731,1527,11,24,6641674,4.79
20260731,1527,12,4,2013000,1.45
20260731,1527,13,4,2636285,1.9
20260731,1527,14,1,824971,0.59
20260731,1527,15,11,39234183,28.31
20260731,1527,16,64513,138570640,100.0
20260731,1528,1,61676,1245152,0.65
20260731,1528,2,24969,49220498,25.72
20260731,1528,3,2823,23272440,12.16
20260731,1528,4,626,8109691,4.23
20260731,1528,5,466,8770422,4.58
20260731,1528,6,329,8608135,4.49
20260731,1528,7,144,5189039,2.71
20260731,1528,8,76,3662258,1.91
20260731,1528,9,140,10484776,5.47
20260731,1528,10,55,7649481,3.99
20260731,1528,11,26,7827258,4.09
20260731,1528,12,5,2614826,1.36
20260731,1528,13,1,693000,0.36
20260731,1528,14,1,906000,0.47
20260731,1528,15,4,53078024,27.74
20260731,1528,16,91341,191331000,100.0
20260731,1529,1,12480,1166659,0.75
20260731,1529,2,12039,24193019,15.59
20260731,1529,3,1961,14010855,9.03
20260731,1529,4,725,8649296,5.57
20260731,1529,5,318,5755406,3.71
20260731,1529,6,270,6492984,4.18
20260731,1529,7,123,4256858,2.74
20260731,1529,8,76,3403749,2.19
20260731,1529,9,101,6913650,4.45
20260731,1529,10,48,6594437,4.25
20260731,1529,11,13,3346436,2.15
20260731,1529,12,6,2775172,1.78
20260731,1529,13,3,2091717,1.34
20260731,1529,14,2,1828507,1.17
20260731,1529,15,11,63616329,41.01
20260731,1529,16,28176,155095074,100.0
20260731,1530,1,6693,1331665,1.4
20260731,1530,2,3372,6471247,6.84
20260731,1530,3,372,2774483,2.93
20260731,1530,4,146,1828575,1.93
20260731,1530,5,61,1093174,1.15
20260731,1530,6,69,1747458,1.84
20260731,1530,7,47,1645555,1.73
20260731,1530,8,9,417457,0.44
20260731,1530,9,28,2039852,2.15
20260731,1530,10,13,1609738,1.7
20260731,1530,11,7,1770333,1.87
20260731,1530,12,6,3155926,3.33
20260731,1530,13,1,786728,0.83
20260731,1530,14,2,1646562,1.74
20260731,1530,15,6,66275418,70.06
20260731,1530,16,10832,94594171,100.0
20260731,1531,1,6697,1571476,0.86
20260731,1531,2,4440,9528231,5.23
20260731,1531,3,755,5876267,3.22
20260731,1531,4,221,2830268,1.55
20260731,1531,5,172,3165657,1.73
20260731,1531,6,138,3568827,1.95
20260731,1531,7,69,2481460,1.36
20260731,1531,8,56,2625829,1.44
20260731,1531,9,128,9112825,5.0
20260731,1531,10,84,12195162,6.69
20260731,1531,11,42,12111530,6.65
20260731,1531,12,20,10037392,5.51
20260731,1531,13,11,7616980,4.18
20260731,1531,14,1,901000,0.49
20260731,1531,15,21,98485176,54.08
20260731,1531,16,12855,182108080,100.0
20260731,1532,1,6137,1050027,0.24
20260731,1532,2,9155,20067150,4.74
20260731,1532,3,1919,15130654,3.58
20260731,1532,4,658,8359655,1.97
20260731,1532,5,457,8401561,1.98
20260731,1532,6,413,10463618,2.47
20260731,1532,7,202,7315577,1.73
20260731,1532,8,145,6744471,1.59
20260731,1532,9,296,21640010,5.12
20260731,1532,10,158,22156421,5.24
20260731,1532,11,75,20320802,4.8
20260731,1532,12,31,15569038,3.68
20260731,1532,13,13,9228639,2.18
20260731,1532,14,8,7474126,1.76
20260731,1532,15,53,248682522,58.84
20260731,1532,16,19720,422604271,100.0
20260731,1533,1,2652,295470,0.29
20260731,1533,2,6047,11518592,11.68
20260731,1533,3,658,5136128,5.21
20260731,1533,4,194,2460535,2.49
20260731,1533,5,108,1986630,2.01
20260731,1533,6,73,1854391,1.88
20260731,1533,7,52,1829467,1.85
20260731,1533,8,24,1105035,1.12
20260731,1533,9,49,3354480,3.4
20260731,1533,10,21,2924376,2.96
20260731,1533,11,13,3707701,3.76
20260731,1533,12,7,3469992,3.52
20260731,1533,13,7,4912578,4.98
20260731,1533,14,3,2636410,2.67
20260731,1533,15,18,51355701,52.11
20260731,1533,16,9926,98547486,100.0
20260731,1535,1,4265,318351,0.25
20260731,1535,2,4585,9180539,7.41
20260731,1535,3,580,4488076,3.62
20260731,1535,4,185,2361169,1.9
20260731,1535,5,115,2102144,1.69
20260731,1535,6,91,2251857,1.81
20260731,1535,7,44,1591311,1.28
20260731,1535,8,22,1042093,0.84
20260731,1535,9,43,3004272,2.42
20260731,1535,10,14,1944827,1.57
20260731,1535,11,6,1876370,1.51
20260731,1535,12,1,515000,0.41
20260731,1535,13,0,0,0.0
20260731,1535,14,0,0,0.0
20260731,1535,15,9,93066543,75.2
20260731,1535,16,9960,123742552,100.0
20260731,1536,1,48551,1773426,0.63
20260731,1536,2,29088,57270540,20.53
20260731,1536,3,3763,29467196,10.56
20260731,1536,4,1111,14279834,5.11
20260731,1536,5,619,11428628,4.09
20260731,1536,6,542,13906846,4.98
20260731,1536,7,240,8585720,3.07
20260731,1536,8,149,6910843,2.47
20260731,1536,9,249,17621349,6.31
20260731,1536,10,85,11828909,4.24
20260731,1536,11,52,13983759,5.01
20260731,1536,12,16,8013243,2.87
20260731,1536,13,7,4978618,1.78
20260731,1536,14,3,2627948,0.94
20260731,1536,15,25,76282654,27.34
20260731,1536,16,84500,278959513,100.0
20260731,1537,1,7103,465181,0.56
20260731,1537,2,7021,12910077,15.73
20260731,1537,3,744,5895698,7.18
20260731,1537,4,213,2727494,3.32
20260731,1537,5,115,2138653,2.6
20260731,1537,6,92,2319481,2.82
20260731,1537,7,38,1333603,1.62
20260731,1537,8,26,1187956,1.44
20260731,1537,9,53,3722430,4.53
20260731,1537,10,17,2438710,2.97
20260731,1537,11,16,4451471,5.42
20260731,1537,12,3,1360700,1.65
20260731,1537,13,6,4365486,5.31
20260731,1537,14,2,1698932,2.07
20260731,1537,15,14,35046922,42.7
20260731,1537,16,15463,82062794,100.0
20260731,1538,1,6962,651981,2.01
20260731,1538,2,486,1000184,3.09
20260731,1538,3,73,510272,1.57
20260731,1538,4,32,385608,1.19
20260731,1538,5,15,257766,0.79
20260731,1538,6,13,305885,0.94
20260731,1538,7,9,316817,0.98
20260731,1538,8,7,317664,0.98
20260731,1538,9,14,1024185,3.17
20260731,1538,10,14,1944545,6.02
20260731,1538,11,1,239615,0.74
20260731,1538,12,2,999189,3.09
20260731,1538,13,2,1485770,4.59
20260731,1538,14,0,0,0.0
20260731,1538,15,3,22860519,70.77
20260731,1538,16,7633,32300000,100.0
20260731,1539,1,1225,157581,0.24
20260731,1539,2,3237,6592353,10.08
20260731,1539,3,463,3689323,5.64
20260731,1539,4,120,1548017,2.36
20260731,1539,5,101,1890681,2.89
20260731,1539,6,67,1682770,2.57
20260731,1539,7,23,800000,1.22
20260731,1539,8,21,969044,1.48
20260731,1539,9,46,3233621,4.94
20260731,1539,10,22,2996683,4.58
20260731,1539,11,5,1515713,2.31
20260731,1539,12,2,818558,1.25
20260731,1539,13,0,0,0.0
20260731,1539,14,0,0,0.0
20260731,1539,15,10,39475656,60.38
20260731,1539,16,5342,65370000,100.0
20260731,1540,1,29525,444112,0.51
20260731,1540,2,8655,17450741,20.41
20260731,1540,3,1114,9080221,10.62
20260731,1540,4,287,3734556,4.36
20260731,1540,5,231,4309465,5.04
20260731,1540,6,158,4100193,4.79
20260731,1540,7,57,2048953,2.39
20260731,1540,8,33,1519884,1.77
20260731,1540,9,79,5780187,6.76
20260731,1540,10,25,3344608,3.91
20260731,1540,11,12,3454393,4.04
20260731,1540,12,10,5359487,6.27
20260731,1540,13,6,4061259,4.75
20260731,1540,14,1,954346,1.11
20260731,1540,15,5,19831207,23.2
20260731,1540,16,40198,85473612,100.0
20260731,1541,1,858,90966,0.11
20260731,1541,2,1235,2477640,3.14
20260731,1541,3,158,1213281,1.53
20260731,1541,4,62,795326,1.0
20260731,1541,5,30,565164,0.71
20260731,1541,6,36,900449,1.14
20260731,1541,7,15,537994,0.68
20260731,1541,8,18,818051,1.03
20260731,1541,9,22,1449774,1.83
20260731,1541,10,4,526111,0.66
20260731,1541,11,13,3402166,4.31
20260731,1541,12,2,1093627,1.38
20260731,1541,13,2,1314148,1.66
20260731,1541,14,1,995000,1.26
20260731,1541,15,10,62620303,79.46
20260731,1541,16,2466,78800000,100.0
20260731,1558,1,21699,447032,0.69
20260731,1558,2,5017,10008130,15.5
20260731,1558,3,719,5323325,8.24
20260731,1558,4,236,2941885,4.55
20260731,1558,5,121,2163404,3.35
20260731,1558,6,107,2584555,4.0
20260731,1558,7,67,2302251,3.56
20260731,1558,8,24,1052171,1.63
20260731,1558,9,59,3928537,6.08
20260731,1558,10,31,4336632,6.71
20260731,1558,11,25,6399150,9.91
20260731,1558,12,10,5077811,7.86
20260731,1558,13,9,6290998,9.74
20260731,1558,14,3,2759311,4.27
20260731,1558,15,7,8920439,13.82
20260731,1558,16,28134,64535631,100.0
20260731,1560,1,15839,1912661,1.26
20260731,1560,2,7768,12695970,8.42
20260731,1560,3,489,3734288,2.47
20260731,1560,4,148,1893093,1.25
20260731,1560,5,80,1421795,0.94
20260731,1560,6,89,2275348,1.51
20260731,1560,7,55,1911477,1.26
20260731,1560,8,33,1511409,1.0
20260731,1560,9,92,6474094,4.29
20260731,1560,10,60,8654763,5.74
20260731,1560,11,33,9838283,6.52
20260731,1560,12,19,8986905,5.96
20260731,1560,13,12,8570198,5.68
20260731,1560,14,9,8376559,5.55
20260731,1560,15,26,72421369,48.06
20260731,1560,16,24752,150678212,100.0
20260731,1563,1,30834,499547,0.22
20260731,1563,2,7867,16204172,7.18
20260731,1563,3,1348,10395585,4.6
20260731,1563,4,520,6539425,2.89
20260731,1563,5,341,6197098,2.74
20260731,1563,6,334,8491786,3.76
20260731,1563,7,182,6434915,2.85
20260731,1563,8,120,5514022,2.44
20260731,1563,9,213,15460447,6.85
20260731,1563,10,142,19323166,8.56
20260731,1563,11,79,21867849,9.69
20260731,1563,12,22,10939275,4.84
20260731,1563,13,13,8754798,3.88
20260731,1563,14,10,8589947,3.8
20260731,1563,15,27,80396108,35.63
20260731,1563,16,42052,225608140,100.0
20260731,1568,1,4285,747310,0.72
20260731,1568,2,4275,8576456,8.31
20260731,1568,3,482,3934264,3.81
20260731,1568,4,143,1867704,1.81
20260731,1568,5,121,2274681,2.2
20260731,1568,6,84,2182914,2.11
20260731,1568,7,46,1671035,1.62
20260731,1568,8,31,1461838,1.41
20260731,1568,9,76,5528181,5.36
20260731,1568,10,26,3660084,3.55
20260731,1568,11,16,4132974,4.0
20260731,1568,12,7,3268012,3.17
20260731,1568,13,6,4244858,4.11
20260731,1568,14,2,1690584,1.63
20260731,1568,15,17,57845664,56.11
20260731,1568,16,9617,103086559,100.0
20260731,1582,1,45249,1781127,1.23
20260731,1582,2,18212,34945079,24.22
20260731,1582,3,1865,14654466,10.15
20260731,1582,4,510,6604750,4.57
20260731,1582,5,305,5671225,3.93
20260731,1582,6,234,6032479,4.18
20260731,1582,7,114,4096712,2.83
20260731,1582,8,63,2883684,1.99
20260731,1582,9,128,9028015,6.25
20260731,1582,10,59,8091568,5.6
20260731,1582,11,26,7311004,5.06
20260731,1582,12,6,2855672,1.97
20260731,1582,13,4,2785547,1.93
20260731,1582,14,1,834000,0.57
20260731,1582,15,12,36693276,25.43
20260731,1582,16,66788,144268604,100.0
20260731,1583,1,1003,138453,0.12
20260731,1583,2,1175,2169428,1.98
20260731,1583,3,133,990757,0.9
20260731,1583,4,43,558759,0.51
20260731,1583,5,31,557265,0.5
20260731,1583,6,19,475923,0.43
20260731,1583,7,17,593371,0.54
20260731,1583,8,14,612425,0.55
20260731,1583,9,18,1232396,1.12
20260731,1583,10,7,1005384,0.91
20260731,1583,11,4,1227508,1.12
20260731,1583,12,2,1040233,0.95
20260731,1583,13,0,0,0.0
20260731,1583,14,1,873800,0.79
20260731,1583,15,14,97924670,89.51
20260731,1583,16,2481,109400372,100.0
20260731,1587,1,5269,436521,0.54
20260731,1587,2,5320,10578759,13.21
20260731,1587,3,762,5654988,7.06
20260731,1587,4,245,3019753,3.77
20260731,1587,5,127,2346712,2.93
20260731,1587,6,137,3445309,4.3
20260731,1587,7,57,1999501,2.49
20260731,1587,8,32,1476729,1.84
20260731,1587,9,67,4882338,6.09
20260731,1587,10,29,3994541,4.98
20260731,1587,11,19,5408664,6.75
20260731,1587,12,9,4445717,5.55
20260731,1587,13,3,2030964,2.53
20260731,1587,14,0,0,0.0
20260731,1587,15,8,30336176,37.89
20260731,1587,16,0,-1000,0.0
20260731,1587,17,12084,80055672,100.0
20260731,1589,1,28666,1387402,0.9
20260731,1589,2,10481,21996772,14.36
20260731,1589,3,1950,14905164,9.73
20260731,1589,4,644,8138710,5.31
20260731,1589,5,383,6972006,4.55
20260731,1589,6,381,9603826,6.27
20260731,1589,7,176,6255281,4.08
20260731,1589,8,110,5031845,3.28
20260731,1589,9,200,14316711,9.34
20260731,1589,10,90,12001810,7.83
20260731,1589,11,33,9061999,5.91
20260731,1589,12,13,6504303,4.24
20260731,1589,13,2,1301393,0.84
20260731,1589,14,4,3487271,2.27
20260731,1589,15,11,32171448,21.0
20260731,1589,16,43144,153135941,100.0
20260731,1590,1,4215,293030,0.14
20260731,1590,2,872,1651991,0.82
20260731,1590,3,185,1374557,0.68
20260731,1590,4,93,1181816,0.59
20260731,1590,5,77,1369348,0.68
20260731,1590,6,105,2596636,1.29
20260731,1590,7,65,2294546,1.14
20260731,1590,8,43,1939337,0.96
20260731,1590,9,116,8215653,4.1
20260731,1590,10,113,16302054,8.15
20260731,1590,11,62,17367628,8.68
20260731,1590,12,39,19549328,9.77
20260731,1590,13,19,13301047,6.65
20260731,1590,14,9,7958817,3.97
20260731,1590,15,36,104604210,52.3
20260731,1590,16,6049,199999998,100.0
20260731,1597,1,7571,1434736,1.6
20260731,1597,2,9433,16621390,18.62
20260731,1597,3,609,4651309,5.21
20260731,1597,4,136,1744980,1.95
20260731,1597,5,97,1753773,1.96
20260731,1597,6,65,1684923,1.88
20260731,1597,7,37,1273355,1.42
20260731,1597,8,17,782652,0.87
20260731,1597,9,46,3318838,3.71
20260731,1597,10,17,2174514,2.43
20260731,1597,11,24,6238339,6.98
20260731,1597,12,12,5791109,6.48
20260731,1597,13,4,2561067,2.86
20260731,1597,14,7,6468911,7.24
20260731,1597,15,14,32766908,36.7
20260731,1597,16,0,-5000,0.0
20260731,1597,17,18089,89261804,100.0
20260731,1598,1,2081,392252,0.21
20260731,1598,2,6141,12165150,6.79
20260731,1598,3,1211,8499307,4.74
20260731,1598,4,453,5478052,3.05
20260731,1598,5,197,3499753,1.95
20260731,1598,6,209,5086721,2.83
20260731,1598,7,130,4439715,2.47
20260731,1598,8,76,3439104,1.91
20260731,1598,9,153,10513413,5.86
20260731,1598,10,62,8701934,4.85
20260731,1598,11,31,8233281,4.59
20260731,1598,12,9,4468484,2.49
20260731,1598,13,8,5526777,3.08
20260731,1598,14,4,3751438,2.09
20260731,1598,15,29,94946711,53.0
20260731,1598,16,10794,179142092,100.0
20260731,1603,1,4265,1107146,0.57
20260731,1603,2,7566,15154494,7.9
20260731,1603,3,1089,8584652,4.47
20260731,1603,4,286,3669582,1.91
20260731,1603,5,182,3376989,1.76
20260731,1603,6,130,3355287,1.75
20260731,1603,7,57,2024909,1.05
20260731,1603,8,42,1952199,1.01
20260731,1603,9,60,4373712,2.28
20260731,1603,10,32,4701906,2.45
20260731,1603,11,19,4900643,2.55
20260731,1603,12,3,1648000,0.85
20260731,1603,13,4,2755026,1.43
20260731,1603,14,3,2782000,1.45
20260731,1603,15,19,131301455,68.49
20260731,1603,16,13757,191688000,100.0
20260731,1604,1,76172,5400404,1.4
20260731,1604,2,20305,39639450,10.31
20260731,1604,3,2771,21138691,5.5
20260731,1604,4,899,11171559,2.9
20260731,1604,5,506,9143918,2.37
20260731,1604,6,418,10537846,2.74
20260731,1604,7,192,6862431,1.78
20260731,1604,8,122,5587811,1.45
20260731,1604,9,220,15373742,4.0
20260731,1604,10,114,15869080,4.13
20260731,1604,11,72,20552212,5.34
20260731,1604,12,18,8920401,2.32
20260731,1604,13,10,7015502,1.82
20260731,1604,14,5,4674178,1.21
20260731,1604,15,36,202312775,52.65
20260731,1604,16,101860,384200000,100.0
20260731,1605,1,82339,10992367,0.24
20260731,1605,2,142331,301436475,6.8
20260731,1605,3,24249,189562823,4.27
20260731,1605,4,7800,98891359,2.23
20260731,1605,5,4672,86384610,1.94
20260731,1605,6,3920,99491772,2.24
20260731,1605,7,1805,64452446,1.45
20260731,1605,8,1152,53276188,1.2
20260731,1605,9,1887,134453623,3.03
20260731,1605,10,757,106340112,2.39
20260731,1605,11,351,97318211,2.19
20260731,1605,12,117,56747943,1.28
20260731,1605,13,38,27044195,0.61
20260731,1605,14,36,33032585,0.74
20260731,1605,15,191,3071909239,69.32
20260731,1605,16,0,-1000,0.0
20260731,1605,17,271645,4431332948,100.0
20260731,1608,1,13195,2384024,0.37
20260731,1608,2,31524,66308507,10.47
20260731,1608,3,4797,39061273,6.17
20260731,1608,4,1217,15662915,2.47
20260731,1608,5,866,16281491,2.57
20260731,1608,6,658,17077159,2.69
20260731,1608,7,283,10193256,1.61
20260731,1608,8,197,9335768,1.47
20260731,1608,9,303,22100960,3.49
20260731,1608,10,123,17913993,2.83
20260731,1608,11,56,15796722,2.49
20260731,1608,12,16,7397528,1.16
20260731,1608,13,10,6913796,1.09
20260731,1608,14,6,5200820,0.82
20260731,1608,15,21,381145294,60.23
20260731,1608,16,53272,632773506,100.0
20260731,1609,1,101685,8370115,1.06
20260731,1609,2,73689,148451560,18.9
20260731,1609,3,12787,89616564,11.41
20260731,1609,4,4829,57389398,7.3
20260731,1609,5,1887,33269519,4.23
20260731,1609,6,1869,44884079,5.71
20260731,1609,7,792,27301989,3.47
20260731,1609,8,412,18503277,2.35
20260731,1609,9,713,48490753,6.17
20260731,1609,10,282,39087385,4.97
20260731,1609,11,76,21228609,2.7
20260731,1609,12,31,14914010,1.89
20260731,1609,13,13,8892802,1.13
20260731,1609,14,9,8094876,1.03
20260731,1609,15,57,216767008,27.6
20260731,1609,16,199131,785261944,100.0
20260731,1611,1,64380,2152667,0.66
20260731,1611,2,17075,38353052,11.88
20260731,1611,3,3048,25078715,7.77
20260731,1611,4,778,10160940,3.14
20260731,1611,5,619,11649194,3.6
20260731,1611,6,435,11327322,3.5
20260731,1611,7,144,5195994,1.6
20260731,1611,8,128,5965269,1.84
20260731,1611,9,211,15421086,4.77
20260731,1611,10,80,11181056,3.46
20260731,1611,11,48,13507903,4.18
20260731,1611,12,29,13387372,4.14
20260731,1611,13,9,6196176,1.91
20260731,1611,14,10,9201646,2.85
20260731,1611,15,34,143957350,44.6
20260731,1611,16,87028,322735742,100.0
20260731,1612,1,17033,766138,0.24
20260731,1612,2,16826,35694534,11.29
20260731,1612,3,2527,20498588,6.48
20260731,1612,4,632,8110601,2.56
20260731,1612,5,435,8200754,2.59
20260731,1612,6,360,9392846,2.97
20260731,1612,7,157,5682142,1.79
20260731,1612,8,102,4779426,1.51
20260731,1612,9,162,11954313,3.78
20260731,1612,10,89,12343358,3.9
20260731,1612,11,34,9656048,3.05
20260731,1612,12,23,10829647,3.42
20260731,1612,13,7,4951804,1.56
20260731,1612,14,3,2827993,0.89
20260731,1612,15,30,170392871,53.9
20260731,1612,16,0,-1000,0.0
20260731,1612,17,38420,316080063,100.0
20260731,1614,1,1807,324482,0.12
20260731,1614,2,1445,3139537,1.16
20260731,1614,3,322,2571402,0.95
20260731,1614,4,99,1256218,0.46
20260731,1614,5,66,1204658,0.44
20260731,1614,6,86,2163870,0.8
20260731,1614,7,52,1815767,0.67
20260731,1614,8,33,1498844,0.55
20260731,1614,9,103,7269992,2.7
20260731,1614,10,75,10327715,3.83
20260731,1614,11,53,14756631,5.48
20260731,1614,12,18,9056894,3.36
20260731,1614,13,9,6212763,2.3
20260731,1614,14,5,4559000,1.69
20260731,1614,15,51,202955633,75.41
20260731,1614,16,4224,269113406,100.0
20260731,1616,1,3370,635462,0.32
20260731,1616,2,8678,18702623,9.63
20260731,1616,3,1459,11743917,6.04
20260731,1616,4,441,5655358,2.91
20260731,1616,5,297,5496551,2.83
20260731,1616,6,261,6674710,3.43
20260731,1616,7,99,3565755,1.83
20260731,1616,8,66,3073680,1.58
20260731,1616,9,121,8567861,4.41
20260731,1616,10,51,7208533,3.71
20260731,1616,11,24,6474877,3.33
20260731,1616,12,5,2586548,1.33
20260731,1616,13,3,1933604,0.99
20260731,1616,14,4,3444506,1.77
20260731,1616,15,15,108384530,55.82
20260731,1616,16,14894,194148515,100.0
20260731,1617,1,5074,873483,0.51
20260731,1617,2,5260,10589696,6.24
20260731,1617,3,601,4830423,2.84
20260731,1617,4,178,2286562,1.34
20260731,1617,5,115,2119786,1.25
20260731,1617,6,96,2496655,1.47
20260731,1617,7,48,1734192,1.02
20260731,1617,8,37,1715180,1.01
20260731,1617,9,60,4092670,2.41
20260731,1617,10,35,5083692,2.99
20260731,1617,11,15,4231417,2.49
20260731,1617,12,8,3913538,2.3
20260731,1617,13,4,2804676,1.65
20260731,1617,14,6,5585722,3.29
20260731,1617,15,22,117157008,69.11
20260731,1617,16,11559,169514700,100.0
20260731,1618,1,5812,1353466,0.7
20260731,1618,2,14047,28079562,14.57
20260731,1618,3,1649,13110151,6.8
20260731,1618,4,430,5512359,2.86
20260731,1618,5,255,4722723,2.45
20260731,1618,6,231,5915606,3.06
20260731,1618,7,105,3759948,1.95
20260731,1618,8,53,2473178,1.28
20260731,1618,9,100,7122702,3.69
20260731,1618,10,35,4989972,2.58
20260731,1618,11,26,7379382,3.82
20260731,1618,12,5,2400510,1.24
20260731,1618,13,3,1842964,0.95
20260731,1618,14,1,883432,0.45
20260731,1618,15,16,103145792,53.52
20260731,1618,16,22768,192691747,100.0
20260731,1623,1,2421,371998,0.56
20260731,1623,2,3304,5576944,8.44
20260731,1623,3,195,1545524,2.34
20260731,1623,4,66,844804,1.28
20260731,1623,5,37,692090,1.04
20260731,1623,6,26,657190,0.99
20260731,1623,7,22,776316,1.17
20260731,1623,8,9,418316,0.63
20260731,1623,9,17,1192000,1.8
20260731,1623,10,10,1540788,2.33
20260731,1623,11,7,1987077,3.01
20260731,1623,12,2,905267,1.37
20260731,1623,13,0,0,0.0
20260731,1623,14,1,1000000,1.51
20260731,1623,15,9,48491686,73.47
20260731,1623,16,6126,66000000,100.0
20260731,1626,1,5081,1415989,0.94
20260731,1626,2,3595,7485401,4.99
20260731,1626,3,614,4404902,2.94
20260731,1626,4,185,2227964,1.48
20260731,1626,5,96,1700794,1.13
20260731,1626,6,118,2834703,1.89
20260731,1626,7,40,1374918,0.91
20260731,1626,8,37,1664896,1.11
20260731,1626,9,72,5198716,3.46
20260731,1626,10,53,7736270,5.16
20260731,1626,11,33,9694850,6.47
20260731,1626,12,10,4894175,3.26
20260731,1626,13,9,6368078,4.25
20260731,1626,14,3,2787672,1.86
20260731,1626,15,27,90032393,60.09
20260731,1626,16,9973,149821721,100.0
20260731,1702,1,41447,1562750,0.53
20260731,1702,2,17786,36468558,12.39
20260731,1702,3,2609,20513699,6.97
20260731,1702,4,819,10489755,3.56
20260731,1702,5,473,8663671,2.94
20260731,1702,6,350,8976393,3.05
20260731,1702,7,176,6333839,2.15
20260731,1702,8,103,4791502,1.62
20260731,1702,9,151,10831864,3.68
20260731,1702,10,70,9431490,3.2
20260731,1702,11,25,6819625,2.31
20260731,1702,12,4,1808000,0.61
20260731,1702,13,7,4684410,1.59
20260731,1702,14,2,1728152,0.58
20260731,1702,15,16,161029254,54.74
20260731,1702,16,64038,294132962,100.0
20260731,1707,1,54486,1731283,1.16
20260731,1707,2,11634,21968743,14.82
20260731,1707,3,1164,8961498,6.04
20260731,1707,4,348,4428196,2.98
20260731,1707,5,185,3379568,2.28
20260731,1707,6,162,4047595,2.73
20260731,1707,7,79,2772151,1.87
20260731,1707,8,32,1457790,0.98
20260731,1707,9,82,5806263,3.91
20260731,1707,10,50,6791754,4.58
20260731,1707,11,31,8467201,5.71
20260731,1707,12,11,5470369,3.69
20260731,1707,13,8,5422000,3.66
20260731,1707,14,6,5273140,3.55
20260731,1707,15,26,62159822,41.96
20260731,1707,16,68304,148137373,100.0
20260731,1708,1,52637,2916803,1.17
20260731,1708,2,28048,55941414,22.46
20260731,1708,3,3126,24681038,9.91
20260731,1708,4,770,9749802,3.91
20260731,1708,5,541,9911096,3.98
20260731,1708,6,363,9231620,3.7
20260731,1708,7,168,5957156,2.39
20260731,1708,8,90,4184505,1.68
20260731,1708,9,141,10119347,4.06
20260731,1708,10,56,7675923,3.08
20260731,1708,11,31,9144309,3.67
20260731,1708,12,7,3320263,1.33
20260731,1708,13,10,6716226,2.69
20260731,1708,14,4,3662088,1.47
20260731,1708,15,22,85790061,34.45
20260731,1708,16,86014,249001651,100.0
20260731,1709,1,23912,2377102,0.49
20260731,1709,2,12682,27227504,5.7
20260731,1709,3,2369,19064149,3.99
20260731,1709,4,681,8674533,1.81
20260731,1709,5,479,8894270,1.86
20260731,1709,6,373,9671590,2.02
20260731,1709,7,206,7336904,1.53
20260731,1709,8,149,6910059,1.44
20260731,1709,9,260,18867619,3.95
20260731,1709,10,154,21869080,4.58
20260731,1709,11,79,21852312,4.58
20260731,1709,12,34,16844465,3.53
20260731,1709,13,22,15042599,3.15
20260731,1709,14,15,13808552,2.89
20260731,1709,15,54,278575534,58.39
20260731,1709,16,41469,477016272,100.0
20260731,1710,1,22828,4890330,0.55
20260731,1710,2,26888,60742489,6.85
20260731,1710,3,5652,45079493,5.08
20260731,1710,4,1760,22319025,2.51
20260731,1710,5,1263,23581302,2.66
20260731,1710,6,1046,27063684,3.05
20260731,1710,7,544,19470741,2.19
20260731,1710,8,388,18241374,2.05
20260731,1710,9,648,48456335,5.47
20260731,1710,10,261,37085440,4.18
20260731,1710,11,135,38028009,4.29
20260731,1710,12,43,20874232,2.35
20260731,1710,13,18,13003016,1.46
20260731,1710,14,14,12614558,1.42
20260731,1710,15,59,494253001,55.8
20260731,1710,16,61547,885703029,100.0
20260731,1711,1,45859,3628785,0.66
20260731,1711,2,43736,89261960,16.29
20260731,1711,3,5928,47226162,8.62
20260731,1711,4,1716,22009764,4.01
20260731,1711,5,1173,21869432,3.99
20260731,1711,6,872,22421570,4.09
20260731,1711,7,374,13498357,2.46
20260731,1711,8,222,10311134,1.88
20260731,1711,9,460,32734602,5.97
20260731,1711,10,151,21352559,3.89
20260731,1711,11,94,27048105,4.93
20260731,1711,12,27,13089969,2.38
20260731,1711,13,10,6827085,1.24
20260731,1711,14,7,6385600,1.16
20260731,1711,15,36,210087142,38.35
20260731,1711,16,100665,547752226,100.0
20260731,1712,1,58507,2168546,0.51
20260731,1712,2,17737,36453500,8.66
20260731,1712,3,3030,23714786,5.63
20260731,1712,4,961,11984772,2.85
20260731,1712,5,556,10219370,2.43
20260731,1712,6,468,11759878,2.79
20260731,1712,7,244,8644004,2.05
20260731,1712,8,164,7626506,1.81
20260731,1712,9,306,21695388,5.15
20260731,1712,10,162,22840107,5.43
20260731,1712,11,89,24743233,5.88
20260731,1712,12,34,16812022,3.99
20260731,1712,13,20,14000503,3.32
20260731,1712,14,14,12680079,3.01
20260731,1712,15,56,195149891,46.4
20260731,1712,16,82348,420492585,100.0
20260731,1713,1,19082,630203,0.41
20260731,1713,2,3495,6938961,4.59
20260731,1713,3,460,3510997,2.32
20260731,1713,4,129,1668062,1.1
20260731,1713,5,93,1741892,1.15
20260731,1713,6,83,2082383,1.37
20260731,1713,7,56,1990920,1.31
20260731,1713,8,33,1516767,1.0
20260731,1713,9,55,4348620,2.88
20260731,1713,10,52,7317789,4.84
20260731,1713,11,29,8417856,5.57
20260731,1713,12,12,5923509,3.92
20260731,1713,13,5,3432000,2.27
20260731,1713,14,1,877000,0.58
20260731,1713,15,11,100554741,66.61
20260731,1713,16,23596,150951700,100.0
20260731,1714,1,49963,4655718,0.46
20260731,1714,2,40815,89679382,9.04
20260731,1714,3,7552,61201940,6.17
20260731,1714,4,2161,27740981,2.79
20260731,1714,5,1763,32920858,3.31
20260731,1714,6,1346,34756244,3.5
20260731,1714,7,600,21560691,2.17
20260731,1714,8,459,21538718,2.17
20260731,1714,9,767,55855699,5.63
20260731,1714,10,345,49350941,4.97
20260731,1714,11,156,43627255,4.39
20260731,1714,12,52,24623532,2.48
20260731,1714,13,21,14213657,1.43
20260731,1714,14,11,9682807,0.97
20260731,1714,15,65,500416385,50.45
20260731,1714,16,106076,991824808,100.0
20260731,1717,1,28768,7303911,0.61
20260731,1717,2,63015,119451991,10.08
20260731,1717,3,8348,60313702,5.09
20260731,1717,4,2854,34153024,2.88
20260731,1717,5,1331,23526494,1.98
20260731,1717,6,1243,29749796,2.51
20260731,1717,7,554,18760045,1.58
20260731,1717,8,339,15068906,1.27
20260731,1717,9,557,38149202,3.22
20260731,1717,10,292,40311219,3.4
20260731,1717,11,143,39215212,3.31
20260731,1717,12,61,29805756,2.51
20260731,1717,13,34,23575571,1.99
20260731,1717,14,24,21035552,1.77
20260731,1717,15,114,683825102,57.74
20260731,1717,16,107677,1184245483,100.0
20260731,1718,1,87479,10710882,0.63
20260731,1718,2,75661,163647345,9.7
20260731,1718,3,14717,113862566,6.75
20260731,1718,4,5118,62510017,3.7
20260731,1718,5,2930,53909163,3.19
20260731,1718,6,2619,65580000,3.88
20260731,1718,7,1243,43653341,2.58
20260731,1718,8,748,34596587,2.05
20260731,1718,9,1304,93475669,5.54
20260731,1718,10,582,80803025,4.79
20260731,1718,11,215,59111146,3.5
20260731,1718,12,79,38416338,2.27
20260731,1718,13,38,26596399,1.57
20260731,1718,14,20,17916507,1.06
20260731,1718,15,79,821116760,48.7
20260731,1718,16,192832,1685905745,100.0
20260731,1720,1,5391,809780,0.45
20260731,1720,2,7846,15918650,8.9
20260731,1720,3,1085,8518911,4.76
20260731,1720,4,363,4556309,2.54
20260731,1720,5,189,3444463,1.92
20260731,1720,6,175,4424908,2.47
20260731,1720,7,75,2721267,1.52
20260731,1720,8,66,3065397,1.71
20260731,1720,9,95,6884037,3.85
20260731,1720,10,41,5690116,3.18
20260731,1720,11,20,5221623,2.92
20260731,1720,12,10,4829619,2.7
20260731,1720,13,1,641000,0.35
20260731,1720,14,6,5529639,3.09
20260731,1720,15,15,106440370,59.56
20260731,1720,16,15378,178696089,100.0
20260731,1721,1,48648,1826654,0.98
20260731,1721,2,15634,33258071,17.98
20260731,1721,3,2178,17784402,9.61
20260731,1721,4,603,7896254,4.27
20260731,1721,5,460,8643919,4.67
20260731,1721,6,301,7889412,4.26
20260731,1721,7,152,5533200,2.99
20260731,1721,8,113,5342271,2.88
20260731,1721,9,167,11784937,6.37
20260731,1721,10,56,8322001,4.5
20260731,1721,11,28,8263355,4.46
20260731,1721,12,8,3861692,2.08
20260731,1721,13,6,4316896,2.33
20260731,1721,14,2,1754817,0.94
20260731,1721,15,14,58406211,31.59
20260731,1721,16,68370,184884092,100.0
20260731,1722,1,75324,1995253,0.2
20260731,1722,2,35645,72860850,7.43
20260731,1722,3,5314,42914626,4.37
20260731,1722,4,1512,19678762,2.0
20260731,1722,5,1106,20766412,2.11
20260731,1722,6,927,24184841,2.46
20260731,1722,7,484,17435573,1.77
20260731,1722,8,323,15270928,1.55
20260731,1722,9,576,41852578,4.27
20260731,1722,10,315,43809844,4.47
20260731,1722,11,138,37533351,3.82
20260731,1722,12,46,22321262,2.27
20260731,1722,13,23,15877975,1.62
20260731,1722,14,21,18776468,1.91
20260731,1722,15,67,584721277,59.66
20260731,1722,16,121821,980000000,100.0
20260731,1723,1,42198,1346119,0.56
20260731,1723,2,16545,33146699,13.99
20260731,1723,3,2192,16937896,7.14
20260731,1723,4,636,8100025,3.41
20260731,1723,5,383,6978710,2.94
20260731,1723,6,326,8192086,3.45
20260731,1723,7,156,5572055,2.35
20260731,1723,8,93,4266583,1.8
20260731,1723,9,184,13174777,5.56
20260731,1723,10,51,6969651,2.94
20260731,1723,11,33,9396772,3.96
20260731,1723,12,14,6514565,2.74
20260731,1723,13,3,2098000,0.88
20260731,1723,14,3,2772683,1.17
20260731,1723,15,16,111437859,47.03
20260731,1723,16,62833,236904480,100.0
20260731,1725,1,1499,157289,0.08
20260731,1725,2,1881,3562550,1.95
20260731,1725,3,178,1433097,0.78
20260731,1725,4,55,720645,0.39
20260731,1725,5,32,583535,0.32
20260731,1725,6,24,593074,0.32
20260731,1725,7,11,395984,0.21
20260731,1725,8,9,411046,0.22
20260731,1725,9,11,706990,0.38
20260731,1725,10,8,1155576,0.63
20260731,1725,11,3,776618,0.42
20260731,1725,12,1,468000,0.25
20260731,1725,13,1,751000,0.41
20260731,1725,14,1,818860,0.45
20260731,1725,15,16,169295714,93.1
20260731,1725,16,3730,181829978,100.0
20260731,1726,1,6300,220742,0.13
20260731,1726,2,2501,5046419,3.11
20260731,1726,3,336,2570562,1.58
20260731,1726,4,106,1316527,0.81
20260731,1726,5,77,1423274,0.87
20260731,1726,6,63,1573838,0.97
20260731,1726,7,33,1178311,0.72
20260731,1726,8,24,1099849,0.67
20260731,1726,9,46,3399252,2.09
20260731,1726,10,23,3143163,1.94
20260731,1726,11,8,2431209,1.5
20260731,1726,12,3,1335634,0.82
20260731,1726,13,0,0,0.0
20260731,1726,14,2,1693000,1.04
20260731,1726,15,22,135568220,83.68
20260731,1726,16,9544,162000000,100.0
20260731,1727,1,8425,1550083,1.21
20260731,1727,2,13255,23823272,18.6
20260731,1727,3,1028,8172476,6.38
20260731,1727,4,224,2870671,2.24
20260731,1727,5,152,2811287,2.19
20260731,1727,6,105,2705750,2.11
20260731,1727,7,51,1831908,1.43
20260731,1727,8,26,1209571,0.94
20260731,1727,9,66,5046861,3.94
20260731,1727,10,29,4234077,3.3
20260731,1727,11,15,3997405,3.12
20260731,1727,12,5,2543958,1.98
20260731,1727,13,5,3462823,2.7
20260731,1727,14,0,0,0.0
20260731,1727,15,12,63759417,49.8
20260731,1727,16,23398,128019559,100.0
20260731,1730,1,3343,334778,0.52
20260731,1730,2,5776,10989170,17.37
20260731,1730,3,646,4836355,7.64
20260731,1730,4,156,1980645,3.13
20260731,1730,5,84,1545738,2.44
20260731,1730,6,74,1847724,2.92
20260731,1730,7,22,771500,1.22
20260731,1730,8,17,772000,1.22
20260731,1730,9,19,1326927,2.09
20260731,1730,10,9,1235533,1.95
20260731,1730,11,5,1352183,2.13
20260731,1730,12,1,414220,0.65
20260731,1730,13,0,0,0.0
20260731,1730,14,2,1851000,2.92
20260731,1730,15,8,33976078,53.73
20260731,1730,16,10162,63233851,100.0
20260731,1731,1,10760,586989,0.44
20260731,1731,2,5768,11841240,8.9
20260731,1731,3,989,7822506,5.88
20260731,1731,4,351,4428892,3.33
20260731,1731,5,218,3978567,2.99
20260731,1731,6,168,4280506,3.22
20260731,1731,7,68,2437833,1.83
20260731,1731,8,58,2692236,2.02
20260731,1731,9,106,7780021,5.85
20260731,1731,10,45,6214939,4.67
20260731,1731,11,24,6405748,4.81
20260731,1731,12,7,3307323,2.48
20260731,1731,13,0,0,0.0
20260731,1731,14,3,2830000,2.12
20260731,1731,15,8,68308444,51.39
20260731,1731,16,18573,132915244,100.0
20260731,1732,1,32891,204264,0.48
20260731,1732,2,4373,8180932,19.27
20260731,1732,3,436,3581728,8.43
20260731,1732,4,95,1213677,2.85
20260731,1732,5,65,1220001,2.87
20260731,1732,6,45,1135899,2.67
20260731,1732,7,21,768995,1.81
20260731,1732,8,11,519000,1.22
20260731,1732,9,32,2315641,5.45
20260731,1732,10,9,1423632,3.35
20260731,1732,11,7,1761906,4.15
20260731,1732,12,1,422400,0.99
20260731,1732,13,0,0,0.0
20260731,1732,14,1,965069,2.27
20260731,1732,15,4,18730813,44.13
20260731,1732,16,37991,42443957,100.0
20260731,1733,1,30287,435360,0.43
20260731,1733,2,6168,12653367,12.65
20260731,1733,3,968,7682166,7.68
20260731,1733,4,299,3801564,3.8
20260731,1733,5,205,3783963,3.78
20260731,1733,6,173,4438784,4.44
20260731,1733,7,81,2856463,2.85
20260731,1733,8,56,2576545,2.57
20260731,1733,9,97,6730306,6.73
20260731,1733,10,45,6243285,6.24
20260731,1733,11,22,6211162,6.21
20260731,1733,12,2,1141000,1.14
20260731,1733,13,5,3555648,3.55
20260731,1733,14,5,4819000,4.82
20260731,1733,15,5,33021579,33.03
20260731,1733,16,38418,99950192,100.0
20260731,1734,1,55718,2009846,1.05
20260731,1734,2,11497,21845698,11.48
20260731,1734,3,1695,11516370,6.05
20260731,1734,4,700,8384687,4.4
20260731,1734,5,236,4112944,2.16
20260731,1734,6,291,7134632,3.75
20260731,1734,7,120,4194317,2.2
20260731,1734,8,70,3163806,1.66
20260731,1734,9,147,10241441,5.38
20260731,1734,10,77,10619983,5.58
20260731,1734,11,42,12186372,6.4
20260731,1734,12,15,7450304,3.91
20260731,1734,13,7,4792716,2.51
20260731,1734,14,5,4457034,2.34
20260731,1734,15,19,78086624,41.05
20260731,1734,16,70639,190196774,100.0
20260731,1735,1,4514,837547,0.84
20260731,1735,2,3329,6392905,6.43
20260731,1735,3,337,2621772,2.63
20260731,1735,4,90,1154578,1.16
20260731,1735,5,58,1091191,1.09
20260731,1735,6,52,1334391,1.34
20260731,1735,7,27,991264,0.99
20260731,1735,8,19,912215,0.91
20260731,1735,9,34,2470807,2.48
20260731,1735,10,15,2096409,2.1
20260731,1735,11,6,1545721,1.55
20260731,1735,12,1,597000,0.6
20260731,1735,13,0,0,0.0
20260731,1735,14,0,0,0.0
20260731,1735,15,11,77342200,77.81
20260731,1735,16,8493,99388000,100.0
20260731,1736,1,3523,501676,0.16
20260731,1736,2,3288,6336027,2.08
20260731,1736,3,427,3278223,1.08
20260731,1736,4,155,1946845,0.64
20260731,1736,5,81,1443556,0.47
20260731,1736,6,85,2140661,0.7
20260731,1736,7,49,1713318,0.56
20260731,1736,8,24,1095676,0.36
20260731,1736,9,50,3415846,1.12
20260731,1736,10,35,5032064,1.65
20260731,1736,11,23,6282213,2.07
20260731,1736,12,10,4958552,1.63
20260731,1736,13,9,6366003,2.09
20260731,1736,14,6,5069198,1.67
20260731,1736,15,23,253814759,83.65
20260731,1736,16,7788,303394617,100.0
20260731,1737,1,60014,2045495,1.02
20260731,1737,2,12073,22614851,11.3
20260731,1737,3,1382,10853200,5.42
20260731,1737,4,358,4561770,2.28
20260731,1737,5,189,3457251,1.72
20260731,1737,6,140,3499751,1.74
20260731,1737,7,85,3059329,1.52
20260731,1737,8,55,2552574,1.27
20260731,1737,9,85,6218183,3.1
20260731,1737,10,46,6417440,3.2
20260731,1737,11,26,7685079,3.84
20260731,1737,12,7,3416094,1.7
20260731,1737,13,6,4099037,2.04
20260731,1737,14,1,874000,0.43
20260731,1737,15,13,118645946,59.32
20260731,1737,16,74480,200000000,100.0
20260731,1752,1,1661,258262,0.25
20260731,1752,2,5383,10610007,10.5
20260731,1752,3,618,4986992,4.93
20260731,1752,4,189,2447810,2.42
20260731,1752,5,114,2093118,2.07
20260731,1752,6,92,2359585,2.33
20260731,1752,7,48,1708188,1.69
20260731,1752,8,30,1401807,1.38
20260731,1752,9,56,3889628,3.85
20260731,1752,10,28,4271964,4.23
20260731,1752,11,7,2152050,2.13
20260731,1752,12,2,944000,0.93
20260731,1752,13,3,2034000,2.01
20260731,1752,14,3,2610611,2.58
20260731,1752,15,12,59220450,58.64
20260731,1752,16,8246,100988472,100.0
20260731,1760,1,29317,569380,0.66
20260731,1760,2,7963,14872502,17.34
20260731,1760,3,875,6772437,7.89
20260731,1760,4,252,3203612,3.73
20260731,1760,5,139,2517112,2.93
20260731,1760,6,106,2687304,3.13
20260731,1760,7,43,1506697,1.75
20260731,1760,8,37,1672844,1.95
20260731,1760,9,70,4879231,5.69
20260731,1760,10,38,5041387,5.87
20260731,1760,11,21,5345764,6.23
20260731,1760,12,10,4611425,5.37
20260731,1760,13,3,2180041,2.54
20260731,1760,14,1,857163,0.99
20260731,1760,15,8,29022114,33.84
20260731,1760,16,38883,85739013,100.0
20260731,1762,1,47455,1244065,1.61
20260731,1762,2,5205,10285238,13.37
20260731,1762,3,651,5110186,6.64
20260731,1762,4,205,2618443,3.4
20260731,1762,5,117,2149251,2.79
20260731,1762,6,118,3028440,3.93
20260731,1762,7,52,1901436,2.47
20260731,1762,8,44,2075609,2.69
20260731,1762,9,64,4568396,5.93
20260731,1762,10,39,5413251,7.03
20260731,1762,11,12,3448408,4.48
20260731,1762,12,4,1977605,2.57
20260731,1762,13,5,3539036,4.6
20260731,1762,14,2,1785745,2.32
20260731,1762,15,5,27772891,36.1
20260731,1762,16,53978,76918000,100.0
20260731,1773,1,6540,1336196,0.44
20260731,1773,2,7108,14107917,4.7
20260731,1773,3,943,7072784,2.35
20260731,1773,4,378,4710190,1.57
20260731,1773,5,216,3881783,1.29
20260731,1773,6,214,5336304,1.77
20260731,1773,7,113,3953948,1.31
20260731,1773,8,66,2973045,0.99
20260731,1773,9,157,11051441,3.68
20260731,1773,10,88,11869616,3.95
20260731,1773,11,33,9331593,3.11
20260731,1773,12,21,10819069,3.6
20260731,1773,13,7,4783339,1.59
20260731,1773,14,3,2790807,0.93
20260731,1773,15,28,205981968,68.66
20260731,1773,16,15915,300000000,100.0
20260731,1776,1,1259,387846,0.64
20260731,1776,2,1407,2977585,4.95
20260731,1776,3,258,2018084,3.35
20260731,1776,4,84,1057601,1.75
20260731,1776,5,60,1083916,1.8
20260731,1776,6,49,1230420,2.04
20260731,1776,7,28,999123,1.66
20260731,1776,8,19,866784,1.44
20260731,1776,9,44,3235411,5.38
20260731,1776,10,23,3336931,5.55
20260731,1776,11,11,3351603,5.57
20260731,1776,12,6,2965730,4.93
20260731,1776,13,8,5659890,9.41
20260731,1776,14,5,4403532,7.32
20260731,1776,15,13,26532496,44.14
20260731,1776,16,3274,60106952,100.0
20260731,1783,1,34159,312527,0.34
20260731,1783,2,2986,5761642,6.42
20260731,1783,3,470,3433023,3.82
20260731,1783,4,199,2389398,2.66
20260731,1783,5,81,1428146,1.59
20260731,1783,6,91,2234652,2.49
20260731,1783,7,36,1253107,1.39
20260731,1783,8,25,1115785,1.24
20260731,1783,9,60,4052299,4.51
20260731,1783,10,37,5102907,5.68
20260731,1783,11,20,5106140,5.69
20260731,1783,12,8,3534478,3.94
20260731,1783,13,3,2148254,2.39
20260731,1783,14,2,1768692,1.97
20260731,1783,15,7,50057065,55.8
20260731,1783,16,38184,89698115,100.0
20260731,1786,1,39455,675837,0.9
20260731,1786,2,4014,7991058,10.67
20260731,1786,3,551,4266296,5.7
20260731,1786,4,176,2237630,2.99
20260731,1786,5,104,1868646,2.49
20260731,1786,6,105,2668903,3.56
20260731,1786,7,43,1505418,2.01
20260731,1786,8,45,2076183,2.77
20260731,1786,9,65,4509763,6.02
20260731,1786,10,23,2995247,4.0
20260731,1786,11,16,4257899,5.69
20260731,1786,12,7,3622390,4.84
20260731,1786,13,3,2070669,2.76
20260731,1786,14,0,0,0.0
20260731,1786,15,17,34081702,45.54
20260731,1786,16,44624,74827641,100.0
20260731,1789,1,5784,1008044,0.12
20260731,1789,2,13189,28196973,3.56
20260731,1789,3,2639,20457398,2.58
20260731,1789,4,964,12122756,1.53
20260731,1789,5,564,10326907,1.3
20260731,1789,6,546,13779928,1.74
20260731,1789,7,269,9650999,1.22
20260731,1789,8,224,10310662,1.3
20260731,1789,9,358,25588963,3.23
20260731,1789,10,182,25243680,3.19
20260731,1789,11,94,26183395,3.31
20260731,1789,12,22,10783880,1.36
20260731,1789,13,5,3629806,0.45
20260731,1789,14,4,3481390,0.44
20260731,1789,15,23,589974441,74.61
20260731,1789,16,24867,790739222,100.0
20260731,1795,1,17495,3035647,1.13
20260731,1795,2,20224,39183319,14.68
20260731,1795,3,2292,17598477,6.59
20260731,1795,4,693,8839249,3.31
20260731,1795,5,378,6930028,2.59
20260731,1795,6,319,8063007,3.02
20260731,1795,7,130,4675532,1.75
20260731,1795,8,71,3269154,1.22
20260731,1795,9,135,9735533,3.64
20260731,1795,10,51,7283359,2.72
20260731,1795,11,26,7203152,2.69
20260731,1795,12,13,6078927,2.27
20260731,1795,13,3,2066617,0.77
20260731,1795,14,6,5256673,1.96
20260731,1795,15,9,137655138,51.58
20260731,1795,16,41845,266873812,100.0
20260731,1802,1,49113,10960588,0.37
20260731,1802,2,132605,258972068,8.9
20260731,1802,3,14394,114696067,3.94
20260731,1802,4,3694,48055434,1.65
20260731,1802,5,2424,45339426,1.55
20260731,1802,6,1727,44640486,1.53
20260731,1802,7,764,27746190,0.95
20260731,1802,8,464,21658529,0.74
20260731,1802,9,768,55323412,1.9
20260731,1802,10,261,35820340,1.23
20260731,1802,11,132,38645432,1.32
20260731,1802,12,43,20699305,0.71
20260731,1802,13,19,13085482,0.44
20260731,1802,14,24,21438300,0.73
20260731,1802,15,79,2150979741,73.96
20260731,1802,16,206511,2908060800,100.0
20260731,1805,1,6688,836162,0.61
20260731,1805,2,2024,3788605,2.8
20260731,1805,3,279,2170004,1.6
20260731,1805,4,98,1270521,0.94
20260731,1805,5,75,1367009,1.01
20260731,1805,6,85,2130254,1.57
20260731,1805,7,45,1610735,1.19
20260731,1805,8,24,1090863,0.8
20260731,1805,9,55,4140461,3.06
20260731,1805,10,39,5748574,4.25
20260731,1805,11,22,5930666,4.39
20260731,1805,12,10,5105190,3.78
20260731,1805,13,3,2168000,1.6
20260731,1805,14,3,2742948,2.03
20260731,1805,15,23,94870463,70.28
20260731,1805,16,9473,134970455,100.0
20260731,1806,1,12726,3429941,0.87
20260731,1806,2,8290,19419279,4.97
20260731,1806,3,1931,15033090,3.85
20260731,1806,4,531,6598145,1.69
20260731,1806,5,407,7448690,1.9
20260731,1806,6,300,7688796,1.96
20260731,1806,7,149,5249148,1.34
20260731,1806,8,104,4807626,1.23
20260731,1806,9,164,11480001,2.94
20260731,1806,10,62,8927268,2.28
20260731,1806,11,34,9839363,2.52
20260731,1806,12,12,5866251,1.5
20260731,1806,13,8,5600744,1.43
20260731,1806,14,3,2447545,0.62
20260731,1806,15,36,276567983,70.84
20260731,1806,16,24757,390403870,100.0
20260731,1808,1,8698,3608979,0.4
20260731,1808,2,13087,32202129,3.6
20260731,1808,3,3244,24076046,2.69
20260731,1808,4,959,12039366,1.34
20260731,1808,5,657,11872702,1.32
20260731,1808,6,534,13398093,1.5
20260731,1808,7,265,9247946,1.03
20260731,1808,8,137,6312510,0.7
20260731,1808,9,330,22916060,2.56
20260731,1808,10,150,20963993,2.34
20260731,1808,11,68,18223874,2.04
20260731,1808,12,20,9586782,1.07
20260731,1808,13,8,5690351,0.63
20260731,1808,14,5,4596567,0.51
20260731,1808,15,64,698296345,78.19
20260731,1808,16,28226,893031743,100.0
20260731,1809,1,32695,1737227,1.03
20260731,1809,2,18177,34872118,20.87
20260731,1809,3,1740,14274853,8.54
20260731,1809,4,378,4877226,2.91
20260731,1809,5,319,5990641,3.58
20260731,1809,6,181,4725595,2.82
20260731,1809,7,78,2843694,1.7
20260731,1809,8,53,2484799,1.48
20260731,1809,9,84,5934142,3.55
20260731,1809,10,35,4737536,2.83
20260731,1809,11,10,2779336,1.66
20260731,1809,12,10,4803774,2.87
20260731,1809,13,4,2924965,1.75
20260731,1809,14,2,1770231,1.05
20260731,1809,15,18,72285800,43.27
20260731,1809,16,53784,167041937,100.0
20260731,1810,1,5138,1495771,0.49
20260731,1810,2,14561,30212350,9.99
20260731,1810,3,2089,17409010,5.75
20260731,1810,4,435,5645205,1.86
20260731,1810,5,393,7410158,2.45
20260731,1810,6,266,6981843,2.3
20260731,1810,7,120,4382533,1.44
20260731,1810,8,110,5242410,1.73
20260731,1810,9,145,10554261,3.49
20260731,1810,10,75,10307888,3.4
20260731,1810,11,26,7198340,2.38
20260731,1810,12,14,6665438,2.2
20260731,1810,13,7,4907359,1.62
20260731,1810,14,5,4301607,1.42
20260731,1810,15,49,179589546,59.4
20260731,1810,16,23433,302303719,100.0
20260731,1817,1,1008,130534,0.17
20260731,1817,2,2821,5456667,7.51
20260731,1817,3,347,2790541,3.84
20260731,1817,4,118,1512328,2.08
20260731,1817,5,51,945457,1.3
20260731,1817,6,47,1204439,1.65
20260731,1817,7,32,1157015,1.59
20260731,1817,8,18,835538,1.15
20260731,1817,9,36,2550111,3.51
20260731,1817,10,30,4216569,5.8
20260731,1817,11,17,4552864,6.27
20260731,1817,12,6,2845227,3.91
20260731,1817,13,3,2018909,2.78
20260731,1817,14,0,0,0.0
20260731,1817,15,17,42383801,58.37
20260731,1817,16,4551,72600000,100.0
20260731,1903,1,16423,687680,0.26
20260731,1903,2,3389,6491445,2.49
20260731,1903,3,427,3456915,1.32
20260731,1903,4,179,2308489,0.88
20260731,1903,5,115,2121397,0.81
20260731,1903,6,125,3138355,1.2
20260731,1903,7,60,2148977,0.82
20260731,1903,8,49,2252922,0.86
20260731,1903,9,88,6228546,2.39
20260731,1903,10,75,10834961,4.16
20260731,1903,11,34,9318938,3.58
20260731,1903,12,12,5638263,2.16
20260731,1903,13,6,4333040,1.66
20260731,1903,14,7,6393096,2.45
20260731,1903,15,41,194686097,74.86
20260731,1903,16,21030,260039121,100.0
20260731,1904,1,264849,7924807,0.71
20260731,1904,2,52832,95887650,8.65
20260731,1904,3,6076,45485332,4.1
20260731,1904,4,2117,26134681,2.35
20260731,1904,5,1039,18865583,1.7
20260731,1904,6,943,23440148,2.11
20260731,1904,7,504,17669003,1.59
20260731,1904,8,292,13374076,1.2
20260731,1904,9,616,43115680,3.89
20260731,1904,10,310,42734803,3.85
20260731,1904,11,118,32749229,2.95
20260731,1904,12,34,17650848,1.59
20260731,1904,13,22,15503533,1.39
20260731,1904,14,20,17630433,1.59
20260731,1904,15,67,690108716,62.26
20260731,1904,16,329839,1108274522,100.0
20260731,1905,1,18598,4376485,0.39
20260731,1905,2,42576,90791544,8.23
20260731,1905,3,6441,52491049,4.75
20260731,1905,4,1596,20664510,1.87
20260731,1905,5,1253,23757842,2.15
20260731,1905,6,906,23682844,2.14
20260731,1905,7,387,14045461,1.27
20260731,1905,8,242,11520061,1.04
20260731,1905,9,436,32008199,2.9
20260731,1905,10,160,22929560,2.07
20260731,1905,11,59,16562531,1.5
20260731,1905,12,22,10389356,0.94
20260731,1905,13,13,9119273,0.82
20260731,1905,14,7,6317311,0.57
20260731,1905,15,28,764179290,69.29
20260731,1905,16,72724,1102835316,100.0
20260731,1906,1,6785,1622044,1.07
20260731,1906,2,4577,9586832,6.34
20260731,1906,3,669,5244242,3.47
20260731,1906,4,177,2265161,1.5
20260731,1906,5,121,2250116,1.49
20260731,1906,6,99,2539608,1.68
20260731,1906,7,37,1336249,0.88
20260731,1906,8,38,1790996,1.18
20260731,1906,9,42,3221500,2.13
20260731,1906,10,27,4179510,2.76
20260731,1906,11,16,4479332,2.96
20260731,1906,12,3,1576000,1.04
20260731,1906,13,2,1225000,0.81
20260731,1906,14,4,3555535,2.35
20260731,1906,15,17,106127875,70.28
20260731,1906,16,12614,151000000,100.0
20260731,1907,1,48508,3229163,0.19
20260731,1907,2,27607,55629417,3.35
20260731,1907,3,3917,29893820,1.8
20260731,1907,4,1262,15746070,0.94
20260731,1907,5,664,12154149,0.73
20260731,1907,6,635,15898527,0.95
20260731,1907,7,273,9705720,0.58
20260731,1907,8,186,8510520,0.51
20260731,1907,9,375,27023907,1.62
20260731,1907,10,224,32526452,1.95
20260731,1907,11,135,38091092,2.29
20260731,1907,12,47,22763980,1.37
20260731,1907,13,27,18759331,1.12
20260731,1907,14,17,15809623,0.95
20260731,1907,15,118,1354681724,81.58
20260731,1907,16,0,-52000,0.0
20260731,1907,17,83995,1660371495,100.0
20260731,1909,1,41885,2923135,0.22
20260731,1909,2,27463,61176325,4.6
20260731,1909,3,6172,48244088,3.63
20260731,1909,4,2341,29467685,2.21
20260731,1909,5,1662,30598053,2.3
20260731,1909,6,1378,34850515,2.62
20260731,1909,7,660,23480966,1.76
20260731,1909,8,455,20951093,1.57
20260731,1909,9,906,65638694,4.94
20260731,1909,10,425,59179791,4.45
20260731,1909,11,184,53215254,4.0
20260731,1909,12,58,29477664,2.22
20260731,1909,13,23,16181271,1.21
20260731,1909,14,12,10944323,0.82
20260731,1909,15,76,841356870,63.37
20260731,1909,16,83700,1327685727,100.0
20260731,2002,1,319471,44766035,0.28
20260731,2002,2,734019,1486337358,9.44
20260731,2002,3,136296,1029111182,6.54
20260731,2002,4,50686,625212226,3.97
20260731,2002,5,29520,535479461,3.4
20260731,2002,6,25706,639660354,4.06
20260731,2002,7,11835,416033600,2.64
20260731,2002,8,7358,337426815,2.14
20260731,2002,9,12553,886037485,5.63
20260731,2002,10,5513,759701607,4.82
20260731,2002,11,2568,705506694,4.48
20260731,2002,12,686,331633108,2.1
20260731,2002,13,231,158368428,1.0
20260731,2002,14,118,105749267,0.67
20260731,2002,15,461,7673837377,48.76
20260731,2002,16,1337021,15734860997,100.0
20260731,2006,1,38943,5993364,0.82
20260731,2006,2,18321,37470762,5.13
20260731,2006,3,2552,18570469,2.54
20260731,2006,4,814,9962854,1.36
20260731,2006,5,335,5937130,0.81
20260731,2006,6,360,8774704,1.2
20260731,2006,7,157,5459604,0.74
20260731,2006,8,113,5173122,0.7
20260731,2006,9,177,12192637,1.66
20260731,2006,10,111,16009291,2.19
20260731,2006,11,71,19923367,2.72
20260731,2006,12,28,14019061,1.91
20260731,2006,13,26,18521076,2.53
20260731,2006,14,13,11931614,1.63
20260731,2006,15,89,540274763,73.98
20260731,2006,16,62110,730213818,100.0
20260731,2007,1,11066,3063515,0.57
20260731,2007,2,12348,27124905,5.11
20260731,2007,3,2258,18239392,3.43
20260731,2007,4,618,7993366,1.5
20260731,2007,5,481,9046782,1.7
20260731,2007,6,375,9744347,1.83
20260731,2007,7,181,6496221,1.22
20260731,2007,8,111,5254837,0.99
20260731,2007,9,214,15442608,2.91
20260731,2007,10,83,11516696,2.17
20260731,2007,11,33,9304444,1.75
20260731,2007,12,5,2427084,0.45
20260731,2007,13,4,2533053,0.47
20260731,2007,14,1,936000,0.17
20260731,2007,15,4,401528363,75.66
20260731,2007,16,27782,530651613,100.0
20260731,2008,1,5582,1351202,0.7
20260731,2008,2,1593,3192281,1.67
20260731,2008,3,217,1619552,0.84
20260731,2008,4,58,719152,0.37
20260731,2008,5,35,649312,0.34
20260731,2008,6,26,637587,0.33
20260731,2008,7,12,412225,0.21
20260731,2008,8,7,317500,0.16
20260731,2008,9,13,892258,0.46
20260731,2008,10,13,1893228,0.99
20260731,2008,11,9,2766429,1.44
20260731,2008,12,3,1560458,0.81
20260731,2008,13,0,0,0.0
20260731,2008,14,1,1000000,0.52
20260731,2008,15,14,173841109,91.08
20260731,2008,16,7583,190852293,100.0
20260731,2009,1,11895,2229754,0.62
20260731,2009,2,31726,62106742,17.26
20260731,2009,3,3484,27999989,7.78
20260731,2009,4,797,10364310,2.88
20260731,2009,5,535,10042879,2.79
20260731,2009,6,388,10191619,2.83
20260731,2009,7,155,5634229,1.56
20260731,2009,8,103,4851359,1.34
20260731,2009,9,130,9186137,2.55
20260731,2009,10,52,7428724,2.06
20260731,2009,11,21,5967521,1.65
20260731,2009,12,7,3476374,0.96
20260731,2009,13,1,730480,0.2
20260731,2009,14,1,824000,0.22
20260731,2009,15,6,198588048,55.22
20260731,2009,16,49301,359622165,100.0
20260731,2010,1,10067,2044228,0.31
20260731,2010,2,18367,39184292,6.05
20260731,2010,3,3455,27451081,4.23
20260731,2010,4,975,12407681,1.91
20260731,2010,5,728,13546822,2.09
20260731,2010,6,560,14345235,2.21
20260731,2010,7,266,9477182,1.46
20260731,2010,8,201,9409664,1.45
20260731,2010,9,345,24834639,3.83
20260731,2010,10,184,26029273,4.01
20260731,2010,11,88,25172148,3.88
20260731,2010,12,22,10695187,1.65
20260731,2010,13,14,9676421,1.49
20260731,2010,14,6,5433345,0.83
20260731,2010,15,75,417948192,64.53
20260731,2010,16,35353,647655390,100.0
20260731,2012,1,38184,836869,0.27
20260731,2012,2,4742,9072778,3.0
20260731,2012,3,765,5179908,1.71
20260731,2012,4,315,3688654,1.22
20260731,2012,5,109,1922127,0.63
20260731,2012,6,124,2960920,0.97
20260731,2012,7,59,2027213,0.67
20260731,2012,8,33,1481619,0.49
20260731,2012,9,69,4670654,1.54
20260731,2012,10,41,5483596,1.81
20260731,2012,11,38,10754314,3.55
20260731,2012,12,27,13187455,4.36
20260731,2012,13,11,7887323,2.61
20260731,2012,14,9,7628089,2.52
20260731,2012,15,33,225381181,74.58
20260731,2012,16,44559,302162700,100.0
20260731,2013,1,34474,1300270,0.65
20260731,2013,2,8292,15055171,7.52
20260731,2013,3,778,6103376,3.05
20260731,2013,4,199,2532104,1.26
20260731,2013,5,97,1779229,0.88
20260731,2013,6,106,2682539,1.34
20260731,2013,7,37,1313079,0.65
20260731,2013,8,28,1291852,0.64
20260731,2013,9,49,3659641,1.82
20260731,2013,10,18,2675682,1.33
20260731,2013,11,11,2994464,1.49
20260731,2013,12,4,1942019,0.97
20260731,2013,13,1,600069,0.3
20260731,2013,14,2,1773000,0.88
20260731,2013,15,17,154297505,77.14
20260731,2013,16,44113,200000000,100.0
20260731,2014,1,72430,5560703,0.38
20260731,2014,2,74852,166667497,11.61
20260731,2014,3,14424,116422678,8.11
20260731,2014,4,4080,52420021,3.65
20260731,2014,5,3030,56843318,3.95
20260731,2014,6,2354,61067075,4.25
20260731,2014,7,1056,38342175,2.67
20260731,2014,8,711,33386909,2.32
20260731,2014,9,1132,82345328,5.73
20260731,2014,10,399,57072268,3.97
20260731,2014,11,166,46580618,3.24
20260731,2014,12,38,18928067,1.31
20260731,2014,13,17,11967242,0.83
20260731,2014,14,13,12057232,0.83
20260731,2014,15,31,675884315,47.08
20260731,2014,16,0,-1000,0.0
20260731,2014,17,174733,1435544446,100.0
20260731,2015,1,4970,618867,0.1
20260731,2015,2,5083,10327071,1.77
20260731,2015,3,713,5566163,0.95
20260731,2015,4,217,2751735,0.47
20260731,2015,5,126,2339524,0.4
20260731,2015,6,124,3172660,0.54
20260731,2015,7,70,2467395,0.42
20260731,2015,8,45,2072417,0.35
20260731,2015,9,91,6404336,1.1
20260731,2015,10,52,7844407,1.34
20260731,2015,11,85,24995845,4.29
20260731,2015,12,36,17940936,3.08
20260731,2015,13,13,9216819,1.58
20260731,2015,14,11,10141260,1.74
20260731,2015,15,92,475739989,81.79
20260731,2015,16,11728,581599424,100.0
20260731,2017,1,20045,3488027,0.78
20260731,2017,2,14539,31650244,7.08
20260731,2017,3,3137,22523971,5.04
20260731,2017,4,1193,14432947,3.22
20260731,2017,5,578,10337277,2.31
20260731,2017,6,577,14157001,3.16
20260731,2017,7,293,10297690,2.3
20260731,2017,8,153,6985856,1.56
20260731,2017,9,269,18701288,4.18
20260731,2017,10,138,19785331,4.42
20260731,2017,11,59,16517480,3.69
20260731,2017,12,27,13634947,3.05
20260731,2017,13,6,4184900,0.93
20260731,2017,14,3,2828389,0.63
20260731,2017,15,33,257349343,57.58
20260731,2017,16,41050,446874691,100.0
20260731,2020,1,43524,1075914,0.4
20260731,2020,2,11078,24890327,9.32
20260731,2020,3,2647,19621033,7.34
20260731,2020,4,1001,12381143,4.63
20260731,2020,5,497,8986766,3.36
20260731,2020,6,523,13312382,4.98
20260731,2020,7,214,7568339,2.83
20260731,2020,8,129,5888737,2.2
20260731,2020,9,204,14478060,5.42
20260731,2020,10,104,14025241,5.25
20260731,2020,11,36,9731384,3.64
20260731,2020,12,8,4091663,1.53
20260731,2020,13,6,4072023,1.52
20260731,2020,14,8,7342330,2.74
20260731,2020,15,29,119565978,44.77
20260731,2020,16,60008,267031320,100.0
20260731,2022,1,38180,6640999,1.96
20260731,2022,2,16819,39731151,11.78
20260731,2022,3,3784,28030864,8.31
20260731,2022,4,1381,17231509,5.11
20260731,2022,5,642,11463032,3.39
20260731,2022,6,718,17754243,5.26
20260731,2022,7,353,12275521,3.64
20260731,2022,8,183,8370795,2.48
20260731,2022,9,319,22082675,6.54
20260731,2022,10,142,19793209,5.87
20260731,2022,11,69,19277361,5.71
20260731,2022,12,8,3760380,1.11
20260731,2022,13,6,3975147,1.17
20260731,2022,14,2,1810869,0.53
20260731,2022,15,15,124970383,37.06
20260731,2022,16,62621,337168138,100.0
20260731,2023,1,51616,6509189,0.35
20260731,2023,2,34486,71820393,3.9
20260731,2023,3,7868,52838848,2.86
20260731,2023,4,3447,40214419,2.18
20260731,2023,5,1356,23157778,1.25
20260731,2023,6,1505,35698267,1.93
20260731,2023,7,697,23596920,1.28
20260731,2023,8,384,17062513,0.92
20260731,2023,9,627,42400433,2.3
20260731,2023,10,279,37813890,2.05
20260731,2023,11,105,30224850,1.64
20260731,2023,12,32,15919471,0.86
20260731,2023,13,14,9630699,0.52
20260731,2023,14,6,5115307,0.27
20260731,2023,15,66,1429237237,77.62
20260731,2023,16,102488,1841240214,100.0
20260731,2024,1,47926,610831,0.62
20260731,2024,2,2043,4096065,4.2
20260731,2024,3,265,2084441,2.13
20260731,2024,4,67,848770,0.87
20260731,2024,5,49,885741,0.9
20260731,2024,6,30,770394,0.79
20260731,2024,7,24,841558,0.86
20260731,2024,8,14,667111,0.68
20260731,2024,9,31,2120199,2.17
20260731,2024,10,18,2320072,2.37
20260731,2024,11,5,1310166,1.34
20260731,2024,12,3,1515316,1.55
20260731,2024,13,1,675000,0.69
20260731,2024,14,0,0,0.0
20260731,2024,15,9,78754336,80.77
20260731,2024,16,50485,97500000,100.0
20260731,2025,1,23422,1568088,0.9
20260731,2025,2,4735,10309390,5.97
20260731,2025,3,1200,8499634,4.92
20260731,2025,4,405,4992127,2.89
20260731,2025,5,211,3841695,2.22
20260731,2025,6,162,4032563,2.33
20260731,2025,7,111,3769790,2.18
20260731,2025,8,56,2570361,1.48
20260731,2025,9,125,8725399,5.05
20260731,2025,10,54,7542349,4.36
20260731,2025,11,33,9340657,5.4
20260731,2025,12,5,2368569,1.37
20260731,2025,13,3,2184650,1.26
20260731,2025,14,1,876338,0.5
20260731,2025,15,20,102038926,59.09
20260731,2025,16,30543,172660536,100.0
20260731,2027,1,34536,7314990,0.28
20260731,2027,2,57812,120292986,4.65
20260731,2027,3,10415,75089910,2.9
20260731,2027,4,4089,50164898,1.94
20260731,2027,5,1900,33909572,1.31
20260731,2027,6,2142,53394481,2.06
20260731,2027,7,972,33943266,1.31
20260731,2027,8,556,25323158,0.97
20260731,2027,9,1109,78255763,3.02
20260731,2027,10,534,73360229,2.83
20260731,2027,11,271,75469211,2.92
20260731,2027,12,95,47383451,1.83
20260731,2027,13,46,31747197,1.22
20260731,2027,14,24,21360654,0.82
20260731,2027,15,205,1857250849,71.86
20260731,2027,16,114706,2584260615,100.0
20260731,2028,1,13521,1125974,0.34
20260731,2028,2,6205,12940316,3.97
20260731,2028,3,887,6976180,2.14
20260731,2028,4,321,4108646,1.26
20260731,2028,5,180,3336493,1.02
20260731,2028,6,173,4494681,1.37
20260731,2028,7,62,2261523,0.69
20260731,2028,8,47,2125738,0.65
20260731,2028,9,79,5629959,1.72
20260731,2028,10,39,5460052,1.67
20260731,2028,11,18,5164178,1.58
20260731,2028,12,6,2741000,0.84
20260731,2028,13,2,1374000,0.42
20260731,2028,14,4,3451000,1.05
20260731,2028,15,28,264525060,81.21
20260731,2028,16,21572,325714800,100.0
20260731,2029,1,3526,361446,0.11
20260731,2029,2,7930,16907914,5.26
20260731,2029,3,1357,11030771,3.43
20260731,2029,4,461,6002835,1.86
20260731,2029,5,322,6044990,1.88
20260731,2029,6,276,7160041,2.22
20260731,2029,7,128,4639723,1.44
20260731,2029,8,114,5349821,1.66
20260731,2029,9,188,13563049,4.22
20260731,2029,10,81,11337606,3.52
20260731,2029,11,32,8610986,2.68
20260731,2029,12,12,5815517,1.81
20260731,2029,13,4,2949000,0.91
20260731,2029,14,2,1756000,0.54
20260731,2029,15,6,219650301,68.38
20260731,2029,16,14439,321180000,100.0
20260731,2030,1,35939,910456,0.32
20260731,2030,2,15667,33945406,12.1
20260731,2030,3,2709,21722892,7.74
20260731,2030,4,871,11180309,3.98
20260731,2030,5,594,11032574,3.93
20260731,2030,6,485,12555408,4.47
20260731,2030,7,211,7484315,2.66
20260731,2030,8,160,7539880,2.68
20260731,2030,9,229,15869818,5.65
20260731,2030,10,87,12265383,4.37
20260731,2030,11,38,10275997,3.66
20260731,2030,12,10,5024942,1.79
20260731,2030,13,4,2831367,1.0
20260731,2030,14,4,3622659,1.29
20260731,2030,15,25,124264621,44.29
20260731,2030,16,57033,280526027,100.0
20260731,2031,1,44868,1120501,0.34
20260731,2031,2,16361,33595688,10.46
20260731,2031,3,2606,20556521,6.4
20260731,2031,4,723,9207995,2.86
20260731,2031,5,485,9076423,2.82
20260731,2031,6,394,10121681,3.15
20260731,2031,7,210,7454773,2.32
20260731,2031,8,103,4825512,1.5
20260731,2031,9,201,14252149,4.43
20260731,2031,10,86,12570643,3.91
20260731,2031,11,51,14654104,4.56
20260731,2031,12,18,8887921,2.76
20260731,2031,13,5,3406319,1.06
20260731,2031,14,5,4548281,1.41
20260731,2031,15,34,166867830,51.96
20260731,2031,16,66150,321146341,100.0
20260731,2032,1,3338,426997,0.32
20260731,2032,2,6916,14449350,11.07
20260731,2032,3,1068,8624652,6.6
20260731,2032,4,291,3719899,2.85
20260731,2032,5,184,3389020,2.59
20260731,2032,6,158,4040673,3.09
20260731,2032,7,49,1790970,1.37
20260731,2032,8,44,2046569,1.56
20260731,2032,9,90,6138454,4.7
20260731,2032,10,31,4483788,3.43
20260731,2032,11,18,4923199,3.77
20260731,2032,12,13,6184200,4.73
20260731,2032,13,7,4987708,3.82
20260731,2032,14,2,1783000,1.36
20260731,2032,15,20,63533066,48.67
20260731,2032,16,12229,130521545,100.0
20260731,2033,1,2281,240185,0.29
20260731,2033,2,2094,4184793,5.18
20260731,2033,3,293,2370664,2.93
20260731,2033,4,80,1002218,1.24
20260731,2033,5,51,951630,1.17
20260731,2033,6,31,827599,1.02
20260731,2033,7,22,763220,0.94
20260731,2033,8,18,832160,1.03
20260731,2033,9,39,2961323,3.66
20260731,2033,10,15,2194644,2.71
20260731,2033,11,18,4962781,6.15
20260731,2033,12,6,2935646,3.63
20260731,2033,13,1,735000,0.91
20260731,2033,14,6,5568344,6.9
20260731,2033,15,16,50164329,62.16
20260731,2033,16,4971,80694536,100.0
20260731,2034,1,6631,1667720,0.31
20260731,2034,2,22254,48304452,9.13
20260731,2034,3,4714,36011934,6.8
20260731,2034,4,1833,22663117,4.28
20260731,2034,5,1010,18330670,3.46
20260731,2034,6,933,23295266,4.4
20260731,2034,7,440,15406270,2.91
20260731,2034,8,268,12365226,2.33
20260731,2034,9,526,36677511,6.93
20260731,2034,10,198,27600127,5.21
20260731,2034,11,101,26962864,5.09
20260731,2034,12,35,17176691,3.24
20260731,2034,13,12,8191620,1.54
20260731,2034,14,10,8788944,1.66
20260731,2034,15,44,225553177,42.63
20260731,2034,16,39009,528995589,100.0
20260731,2038,1,11541,680728,0.35
20260731,2038,2,9779,19580293,10.08
20260731,2038,3,1975,13221441,6.81
20260731,2038,4,881,10193457,5.25
20260731,2038,5,332,5799649,2.98
20260731,2038,6,364,8494449,4.37
20260731,2038,7,147,5055987,2.6
20260731,2038,8,85,3786031,1.95
20260731,2038,9,128,8884932,4.57
20260731,2038,10,50,6765134,3.48
20260731,2038,11,24,6697624,3.44
20260731,2038,12,9,4220188,2.17
20260731,2038,13,3,2159155,1.11
20260731,2038,14,3,2923650,1.5
20260731,2038,15,13,95671585,49.28
20260731,2038,16,25334,194134303,100.0
20260731,2049,1,43760,5158428,1.45
20260731,2049,2,20991,35971257,10.16
20260731,2049,3,1522,11215557,3.17
20260731,2049,4,430,5330171,1.5
20260731,2049,5,214,3815337,1.07
20260731,2049,6,205,5101686,1.44
20260731,2049,7,104,3723694,1.05
20260731,2049,8,54,2432266,0.68
20260731,2049,9,119,8408335,2.37
20260731,2049,10,98,13937418,3.93
20260731,2049,11,58,16218707,4.58
20260731,2049,12,29,14127522,3.99
20260731,2049,13,8,5747157,1.62
20260731,2049,14,9,8188781,2.31
20260731,2049,15,55,214415924,60.6
20260731,2049,16,67656,353792240,100.0
20260731,2059,1,20980,750126,0.78
20260731,2059,2,1279,2392451,2.51
20260731,2059,3,228,1687398,1.77
20260731,2059,4,97,1230580,1.29
20260731,2059,5,71,1273168,1.33
20260731,2059,6,90,2254458,2.36
20260731,2059,7,40,1432668,1.5
20260731,2059,8,20,916687,0.96
20260731,2059,9,73,5306950,5.56
20260731,2059,10,65,9201355,9.65
20260731,2059,11,20,5934022,6.22
20260731,2059,12,10,4779530,5.01
20260731,2059,13,4,2855389,2.99
20260731,2059,14,2,1875705,1.96
20260731,2059,15,16,53406585,56.04
20260731,2059,16,22995,95297072,100.0
20260731,2062,1,1456,235785,0.11
20260731,2062,2,7530,15630066,7.81
20260731,2062,3,1201,9697141,4.84
20260731,2062,4,414,5305966,2.65
20260731,2062,5,250,4700352,2.35
20260731,2062,6,190,4810093,2.4
20260731,2062,7,112,3985618,1.99
20260731,2062,8,76,3516976,1.75
20260731,2062,9,159,11141223,5.57
20260731,2062,10,55,7718748,3.85
20260731,2062,11,38,9960129,4.98
20260731,2062,12,16,7594901,3.79
20260731,2062,13,6,4140296,2.07
20260731,2062,14,2,1855081,0.92
20260731,2062,15,15,109701777,54.85
20260731,2062,16,11520,199994152,100.0
20260731,2069,1,1087,162469,0.09
20260731,2069,2,6165,12831392,7.71
20260731,2069,3,1030,8377959,5.03
20260731,2069,4,335,4233736,2.54
20260731,2069,5,208,3866816,2.32
20260731,2069,6,190,4912611,2.95
20260731,2069,7,88,3131818,1.88
20260731,2069,8,57,2652444,1.59
20260731,2069,9,102,7393058,4.44
20260731,2069,10,53,7291746,4.38
20260731,2069,11,28,7655901,4.6
20260731,2069,12,11,5247313,3.15
20260731,2069,13,12,8523428,5.12
20260731,2069,14,4,3427798,2.06
20260731,2069,15,18,86678347,52.09
20260731,2069,16,9388,166386836,100.0
20260731,2072,1,2794,520237,0.27
20260731,2072,2,5477,9870843,5.14
20260731,2072,3,580,4471992,2.32
20260731,2072,4,193,2483545,1.29
20260731,2072,5,108,1952387,1.01
20260731,2072,6,113,2815670,1.46
20260731,2072,7,59,2093170,1.09
20260731,2072,8,44,1982446,1.03
20260731,2072,9,86,6308295,3.28
20260731,2072,10,47,6671493,3.47
20260731,2072,11,32,8551385,4.45
20260731,2072,12,6,2886325,1.5
20260731,2072,13,3,2053898,1.06
20260731,2072,14,1,808681,0.42
20260731,2072,15,16,138529633,72.15
20260731,2072,16,9559,192000000,100.0
20260731,2101,1,15192,6421476,0.87
20260731,2101,2,13628,31854392,4.34
20260731,2101,3,3346,24861486,3.38
20260731,2101,4,1222,15133535,2.06
20260731,2101,5,751,13253194,1.8
20260731,2101,6,704,17372800,2.36
20260731,2101,7,407,14064539,1.91
20260731,2101,8,284,12807010,1.74
20260731,2101,9,548,38510814,5.24
20260731,2101,10,302,41299195,5.62
20260731,2101,11,131,36946844,5.03
20260731,2101,12,41,19806669,2.69
20260731,2101,13,17,11526596,1.57
20260731,2101,14,13,11608285,1.58
20260731,2101,15,62,438468069,59.74
20260731,2101,16,36648,733934904,100.0
20260731,2102,1,70084,3017473,0.63
20260731,2102,2,6334,13737027,2.9
20260731,2102,3,1308,9843677,2.07
20260731,2102,4,455,5633401,1.19
20260731,2102,5,287,5123927,1.08
20260731,2102,6,236,5843950,1.23
20260731,2102,7,99,3514246,0.74
20260731,2102,8,94,4340991,0.91
20260731,2102,9,163,11562964,2.44
20260731,2102,10,99,13767201,2.9
20260731,2102,11,51,13620502,2.87
20260731,2102,12,16,8176551,1.72
20260731,2102,13,8,5503572,1.16
20260731,2102,14,6,5539062,1.17
20260731,2102,15,36,364104663,76.92
20260731,2102,16,79276,473329207,100.0
20260731,2103,1,47875,3873449,0.46
20260731,2103,2,24368,54804160,6.63
20260731,2103,3,5754,44072406,5.33
20260731,2103,4,2072,26113641,3.16
20260731,2103,5,1373,25224953,3.05
20260731,2103,6,1172,29801042,3.6
20260731,2103,7,558,20054272,2.42
20260731,2103,8,397,18481337,2.23
20260731,2103,9,715,51326147,6.21
20260731,2103,10,286,40625910,4.92
20260731,2103,11,163,44789169,5.42
20260731,2103,12,41,19053644,2.3
20260731,2103,13,12,7990750,0.96
20260731,2103,14,14,12413715,1.5
20260731,2103,15,54,427085383,51.72
20260731,2103,16,84854,825709978,100.0
20260731,2104,1,63141,3607123,0.36
20260731,2104,2,27483,62900620,6.38
20260731,2104,3,7255,55965589,5.68
20260731,2104,4,2815,35550144,3.61
20260731,2104,5,1911,35106926,3.56
20260731,2104,6,1813,46137479,4.68
20260731,2104,7,976,34670178,3.52
20260731,2104,8,630,29314814,2.97
20260731,2104,9,1185,85746490,8.7
20260731,2104,10,554,78233276,7.94
20260731,2104,11,273,76045514,7.72
20260731,2104,12,71,34749362,3.52
20260731,2104,13,47,32005361,3.25
20260731,2104,14,19,17153537,1.74
20260731,2104,15,69,357547212,36.3
20260731,2104,16,108242,984733625,100.0
20260731,2105,1,14177,3580131,0.11
20260731,2105,2,44270,100128002,3.08
20260731,2105,3,10054,80146869,2.47
20260731,2105,4,3375,43173884,1.33
20260731,2105,5,2413,44520785,1.37
20260731,2105,6,2010,51681798,1.59
20260731,2105,7,928,33288567,1.02
20260731,2105,8,670,31283264,0.96
20260731,2105,9,1164,84724231,2.61
20260731,2105,10,516,72653077,2.24
20260731,2105,11,226,63946699,1.97
20260731,2105,12,85,41442637,1.27
20260731,2105,13,34,23280523,0.71
20260731,2105,14,28,25092475,0.77
20260731,2105,15,161,2542472594,78.43
20260731,2105,16,80111,3241415536,100.0
20260731,2106,1,14200,3379466,0.35
20260731,2106,2,12352,26649995,2.79
20260731,2106,3,2717,19477809,2.03
20260731,2106,4,1160,14041322,1.47
20260731,2106,5,574,10228121,1.07
20260731,2106,6,626,15307053,1.6
20260731,2106,7,312,10858438,1.13
20260731,2106,8,199,9032851,0.94
20260731,2106,9,388,27115614,2.83
20260731,2106,10,218,29350282,3.07
20260731,2106,11,78,22364154,2.34
20260731,2106,12,51,24427610,2.55
20260731,2106,13,17,11704293,1.22
20260731,2106,14,14,12761457,1.33
20260731,2106,15,85,718191535,75.21
20260731,2106,16,32991,954890000,100.0
20260731,2107,1,34249,4521126,1.48
20260731,2107,2,9706,21779757,7.17
20260731,2107,3,2093,15467405,5.09
20260731,2107,4,676,8570119,2.82
20260731,2107,5,329,5868183,1.93
20260731,2107,6,321,7918461,2.6
20260731,2107,7,139,4946849,1.62
20260731,2107,8,118,5346844,1.76
20260731,2107,9,192,13550454,4.46
20260731,2107,10,81,11030662,3.63
20260731,2107,11,39,11076669,3.64
20260731,2107,12,19,9273594,3.05
20260731,2107,13,7,4659937,1.53
20260731,2107,14,3,2845719,0.93
20260731,2107,15,44,176757621,58.22
20260731,2107,16,0,-20000,0.0
20260731,2107,17,48016,303593400,100.0
20260731,2108,1,31664,1541511,0.31
20260731,2108,2,17046,35740177,7.25
20260731,2108,3,2641,20654496,4.19
20260731,2108,4,848,10879934,2.2
20260731,2108,5,474,8773766,1.78
20260731,2108,6,439,11270291,2.28
20260731,2108,7,215,7676642,1.55
20260731,2108,8,145,6732796,1.36
20260731,2108,9,223,15903075,3.22
20260731,2108,10,102,14420997,2.92
20260731,2108,11,48,12767887,2.59
20260731,2108,12,19,9236014,1.87
20260731,2108,13,11,7629291,1.54
20260731,2108,14,13,11868612,2.41
20260731,2108,15,54,317321170,64.44
20260731,2108,16,53942,492416659,100.0
20260731,2109,1,29232,834283,0.29
20260731,2109,2,3804,8617120,3.08
20260731,2109,3,834,6689187,2.39
20260731,2109,4,309,3948261,1.41
20260731,2109,5,199,3699846,1.32
20260731,2109,6,193,4977010,1.78
20260731,2109,7,118,4173999,1.49
20260731,2109,8,71,3287169,1.17
20260731,2109,9,150,10632879,3.8
20260731,2109,10,72,10280659,3.68
20260731,2109,11,49,14037313,5.02
20260731,2109,12,20,9568146,3.42
20260731,2109,13,7,4975456,1.78
20260731,2109,14,8,7259749,2.59
20260731,2109,15,35,186368057,66.71
20260731,2109,16,35101,279349134,100.0
20260731,2114,1,1749,293578,0.37
20260731,2114,2,2804,5447538,6.98
20260731,2114,3,389,2863254,3.67
20260731,2114,4,130,1575890,2.02
20260731,2114,5,75,1305091,1.67
20260731,2114,6,73,1774642,2.27
20260731,2114,7,29,1052831,1.34
20260731,2114,8,24,1106261,1.41
20260731,2114,9,48,3541216,4.54
20260731,2114,10,30,4236181,5.43
20260731,2114,11,13,3876759,4.97
20260731,2114,12,5,2224203,2.85
20260731,2114,13,4,2652945,3.4
20260731,2114,14,0,0,0.0
20260731,2114,15,9,46041318,59.03
20260731,2114,16,5382,77991707,100.0
20260731,2115,1,1087,188693,0.18
20260731,2115,2,1698,3450611,3.3
20260731,2115,3,369,2661338,2.54
20260731,2115,4,178,2160786,2.07
20260731,2115,5,74,1326701,1.27
20260731,2115,6,98,2364803,2.26
20260731,2115,7,43,1516397,1.45
20260731,2115,8,31,1381838,1.32
20260731,2115,9,68,4808257,4.6
20260731,2115,10,39,5551047,5.31
20260731,2115,11,20,5531546,5.29
20260731,2115,12,8,3775557,3.61
20260731,2115,13,6,3948169,3.78
20260731,2115,14,5,4510332,4.32
20260731,2115,15,17,61197088,58.63
20260731,2115,16,3741,104373163,100.0
20260731,2201,1,37636,9199353,0.85
20260731,2201,2,40865,84897330,7.93
20260731,2201,3,6476,49204821,4.59
20260731,2201,4,2074,26245378,2.45
20260731,2201,5,1222,22325959,2.08
20260731,2201,6,1091,27717017,2.59
20260731,2201,7,539,19214244,1.79
20260731,2201,8,329,15150669,1.41
20260731,2201,9,615,43806217,4.09
20260731,2201,10,308,43452299,4.06
20260731,2201,11,144,41057053,3.83
20260731,2201,12,31,15598444,1.45
20260731,2201,13,14,9828481,0.91
20260731,2201,14,20,18149009,1.69
20260731,2201,15,46,644154977,60.2
20260731,2201,16,91410,1070001251,100.0
20260731,2204,1,16271,3887321,0.7
20260731,2204,2,19166,40036673,7.23
20260731,2204,3,2638,20430422,3.69
20260731,2204,4,758,9631512,1.73
20260731,2204,5,485,8921094,1.61
20260731,2204,6,397,10200384,1.84
20260731,2204,7,186,6649527,1.2
20260731,2204,8,119,5471922,0.98
20260731,2204,9,183,13128129,2.37
20260731,2204,10,91,12794994,2.31
20260731,2204,11,38,9754612,1.76
20260731,2204,12,13,6203732,1.12
20260731,2204,13,10,6776071,1.22
20260731,2204,14,2,1847200,0.33
20260731,2204,15,36,397886749,71.86
20260731,2204,16,40393,553620342,100.0
20260731,2206,1,48449,1767843,0.22
20260731,2206,2,16636,31825888,4.11
20260731,2206,3,1845,14309075,1.84
20260731,2206,4,582,7269332,0.93
20260731,2206,5,313,5721212,0.73
20260731,2206,6,284,7177585,0.92
20260731,2206,7,123,4374398,0.56
20260731,2206,8,86,3992227,0.51
20260731,2206,9,157,11215456,1.44
20260731,2206,10,89,12223276,1.57
20260731,2206,11,50,13897513,1.79
20260731,2206,12,18,8482086,1.09
20260731,2206,13,21,14593786,1.88
20260731,2206,14,9,8370240,1.08
20260731,2206,15,61,628455687,81.22
20260731,2206,16,68723,773675604,100.0
20260731,2207,1,9758,1207588,0.21
20260731,2207,2,3197,5448272,0.97
20260731,2207,3,311,2271245,0.4
20260731,2207,4,132,1620864,0.29
20260731,2207,5,79,1392416,0.24
20260731,2207,6,93,2238462,0.4
20260731,2207,7,68,2316409,0.41
20260731,2207,8,47,2074168,0.37
20260731,2207,9,113,8006533,1.43
20260731,2207,10,87,12170209,2.18
20260731,2207,11,70,19697125,3.53
20260731,2207,12,34,17110113,3.07
20260731,2207,13,16,10863262,1.94
20260731,2207,14,9,8116336,1.45
20260731,2207,15,53,462569766,83.03
20260731,2207,16,14067,557102768,100.0
20260731,2208,1,53368,5597782,0.43
20260731,2208,2,50710,111494491,8.74
20260731,2208,3,9402,75450974,5.91
20260731,2208,4,2947,37351777,2.93
20260731,2208,5,2106,39323984,3.08
20260731,2208,6,1780,45810619,3.59
20260731,2208,7,850,30384174,2.38
20260731,2208,8,644,29999134,2.35
20260731,2208,9,1097,79508056,6.23
20260731,2208,10,450,62316598,4.88
20260731,2208,11,185,51612695,4.04
20260731,2208,12,54,26892010,2.1
20260731,2208,13,34,23658203,1.85
20260731,2208,14,12,10751066,0.84
20260731,2208,15,44,644387886,50.55
20260731,2208,16,123683,1274539449,100.0
20260731,2211,1,11857,784464,0.18
20260731,2211,2,9685,18884205,4.52
20260731,2211,3,1104,8677795,2.08
20260731,2211,4,392,5062452,1.21
20260731,2211,5,223,4154553,0.99
20260731,2211,6,198,5019508,1.2
20260731,2211,7,111,3989502,0.95
20260731,2211,8,66,3033857,0.72
20260731,2211,9,123,8637139,2.07
20260731,2211,10,60,8534600,2.04
20260731,2211,11,19,5700327,1.36
20260731,2211,12,11,5319349,1.27
20260731,2211,13,10,7074056,1.69
20260731,2211,14,6,5298231,1.27
20260731,2211,15,32,326921425,78.38
20260731,2211,16,23897,417091463,100.0
20260731,2227,1,3013,504993,0.16
20260731,2227,2,3870,7126822,2.37
20260731,2227,3,404,3096724,1.03
20260731,2227,4,122,1523398,0.5
20260731,2227,5,57,1012531,0.33
20260731,2227,6,51,1292389,0.43
20260731,2227,7,15,512000,0.17
20260731,2227,8,17,762293,0.25
20260731,2227,9,21,1472604,0.49
20260731,2227,10,3,467199,0.15
20260731,2227,11,6,1697047,0.56
20260731,2227,12,0,0,0.0
20260731,2227,13,1,720000,0.24
20260731,2227,14,0,0,0.0
20260731,2227,15,10,279812000,93.27
20260731,2227,16,7590,300000000,100.0
20260731,2228,1,2421,394929,0.49
20260731,2228,2,6296,11480509,14.39
20260731,2228,3,649,4862866,6.09
20260731,2228,4,188,2351334,2.94
20260731,2228,5,101,1824921,2.28
20260731,2228,6,87,2170246,2.72
20260731,2228,7,43,1519750,1.9
20260731,2228,8,23,1057499,1.32
20260731,2228,9,36,2511040,3.14
20260731,2228,10,19,2437835,3.05
20260731,2228,11,13,3663350,4.59
20260731,2228,12,4,1836735,2.3
20260731,2228,13,1,680636,0.85
20260731,2228,14,0,0,0.0
20260731,2228,15,10,42988042,53.88
20260731,2228,16,9891,79779692,100.0
20260731,2231,1,4987,808269,0.59
20260731,2231,2,7249,13771638,10.13
20260731,2231,3,784,5809867,4.27
20260731,2231,4,233,2871778,2.11
20260731,2231,5,132,2378259,1.74
20260731,2231,6,138,3442622,2.53
20260731,2231,7,62,2129303,1.56
20260731,2231,8,35,1600886,1.17
20260731,2231,9,61,4449753,3.27
20260731,2231,10,28,3843892,2.82
20260731,2231,11,18,4638702,3.41
20260731,2231,12,11,5156990,3.79
20260731,2231,13,1,800000,0.58
20260731,2231,14,0,0,0.0
20260731,2231,15,19,84229911,61.96
20260731,2231,16,13758,135931870,100.0
20260731,2233,1,30957,1005251,1.66
20260731,2233,2,5572,9903090,16.42
20260731,2233,3,464,3544420,5.87
20260731,2233,4,134,1713469,2.84
20260731,2233,5,77,1403161,2.32
20260731,2233,6,85,2183028,3.62
20260731,2233,7,34,1192633,1.97
20260731,2233,8,20,905107,1.5
20260731,2233,9,33,2266048,3.75
20260731,2233,10,19,2720884,4.51
20260731,2233,11,17,4764267,7.9
20260731,2233,12,3,1583218,2.62
20260731,2233,13,7,4643201,7.7
20260731,2233,14,2,1819007,3.01
20260731,2233,15,4,20642105,34.23
20260731,2233,16,37428,60288889,100.0
20260731,2236,1,1374,172277,0.27
20260731,2236,2,1213,2329954,3.66
20260731,2236,3,158,1181506,1.86
20260731,2236,4,63,790550,1.24
20260731,2236,5,43,777481,1.22
20260731,2236,6,41,1033615,1.62
20260731,2236,7,33,1195168,1.88
20260731,2236,8,5,231000,0.36
20260731,2236,9,36,2644915,4.16
20260731,2236,10,15,2092705,3.29
20260731,2236,11,18,5143171,8.09
20260731,2236,12,6,2907035,4.57
20260731,2236,13,2,1353000,2.13
20260731,2236,14,1,893000,1.4
20260731,2236,15,12,40771655,64.19
20260731,2236,16,3020,63517032,100.0
20260731,2237,1,337,53441,0.04
20260731,2237,2,1256,2613457,2.14
20260731,2237,3,194,1528343,1.25
20260731,2237,4,82,1045447,0.85
20260731,2237,5,66,1212284,0.99
20260731,2237,6,53,1358274,1.11
20260731,2237,7,35,1272189,1.04
20260731,2237,8,19,842484,0.69
20260731,2237,9,49,3556012,2.92
20260731,2237,10,36,5029558,4.13
20260731,2237,11,18,4818376,3.95
20260731,2237,12,10,4775127,3.92
20260731,2237,13,1,736541,0.6
20260731,2237,14,2,1838911,1.51
20260731,2237,15,8,91092457,74.8
20260731,2237,16,2166,121772901,100.0
20260731,2239,1,521,70704,0.06
20260731,2239,2,1579,3083018,2.61
20260731,2239,3,264,2077708,1.76
20260731,2239,4,95,1228875,1.04
20260731,2239,5,70,1266542,1.07
20260731,2239,6,62,1577536,1.34
20260731,2239,7,25,873990,0.74
20260731,2239,8,18,826542,0.7
20260731,2239,9,56,3908371,3.32
20260731,2239,10,25,3680198,3.12
20260731,2239,11,19,5046373,4.28
20260731,2239,12,3,1500442,1.27
20260731,2239,13,0,0,0.0
20260731,2239,14,2,1627429,1.38
20260731,2239,15,12,90944865,77.26
20260731,2239,16,2751,117712593,100.0
20260731,2241,1,21550,281670,0.26
20260731,2241,2,5473,10929534,10.44
20260731,2241,3,741,5897834,5.63
20260731,2241,4,230,2958342,2.82
20260731,2241,5,148,2747588,2.62
20260731,2241,6,165,4181364,3.99
20260731,2241,7,58,2075018,1.98
20260731,2241,8,40,1840453,1.75
20260731,2241,9,119,8401879,8.03
20260731,2241,10,50,7338954,7.01
20260731,2241,11,41,10889690,10.41
20260731,2241,12,17,8205919,7.84
20260731,2241,13,2,1503476,1.43
20260731,2241,14,4,3340000,3.19
20260731,2241,15,14,34010585,32.51
20260731,2241,16,28652,104602306,100.0
20260731,2243,1,667,87702,0.11
20260731,2243,2,1524,3134877,4.05
20260731,2243,3,229,1799299,2.32
20260731,2243,4,81,1056788,1.36
20260731,2243,5,65,1194118,1.54
20260731,2243,6,67,1715051,2.21
20260731,2243,7,25,921002,1.19
20260731,2243,8,17,791500,1.02
20260731,2243,9,50,3578073,4.62
20260731,2243,10,28,3811915,4.92
20260731,2243,11,23,6611373,8.54
20260731,2243,12,10,4636666,5.99
20260731,2243,13,2,1423000,1.83
20260731,2243,14,3,2815000,3.63
20260731,2243,15,18,43797232,56.6
20260731,2243,16,2809,77373596,100.0
20260731,2247,1,4459,653983,0.81
20260731,2247,2,3107,5502963,6.81
20260731,2247,3,249,1948948,2.41
20260731,2247,4,94,1177648,1.45
20260731,2247,5,47,871462,1.07
20260731,2247,6,53,1320219,1.63
20260731,2247,7,23,810293,1.0
20260731,2247,8,16,719784,0.89
20260731,2247,9,25,1909664,2.36
20260731,2247,10,18,2439844,3.02
20260731,2247,11,5,1452507,1.79
20260731,2247,12,4,1759664,2.18
20260731,2247,13,1,650000,0.8
20260731,2247,14,1,810088,1.0
20260731,2247,15,8,58683859,72.7
20260731,2247,16,8110,80710926,100.0
20260731,2248,1,199,14785,0.03
20260731,2248,2,530,908295,1.9
20260731,2248,3,73,572790,1.2
20260731,2248,4,25,332001,0.69
20260731,2248,5,20,377000,0.79
20260731,2248,6,28,722156,1.51
20260731,2248,7,21,753821,1.58
20260731,2248,8,13,607000,1.27
20260731,2248,9,27,1854203,3.89
20260731,2248,10,13,1814723,3.81
20260731,2248,11,8,2369706,4.97
20260731,2248,12,2,1028520,2.16
20260731,2248,13,3,2185000,4.59
20260731,2248,14,1,893000,1.87
20260731,2248,15,10,33167000,69.67
20260731,2248,16,973,47600000,100.0
20260731,2250,1,5914,239401,0.65
20260731,2250,2,2784,5058174,13.9
20260731,2250,3,336,2353676,6.46
20260731,2250,4,136,1646738,4.52
20260731,2250,5,60,1049804,2.88
20260731,2250,6,52,1269956,3.49
20260731,2250,7,22,761497,2.09
20260731,2250,8,13,595756,1.63
20260731,2250,9,32,2107399,5.79
20260731,2250,10,14,1803608,4.95
20260731,2250,11,3,814539,2.23
20260731,2250,12,0,0,0.0
20260731,2250,13,0,0,0.0
20260731,2250,14,1,866285,2.38
20260731,2250,15,3,17821393,48.97
20260731,2250,16,9370,36388226,100.0
20260731,2254,1,2132,18068,0.02
20260731,2254,2,407,583991,0.91
20260731,2254,3,40,313260,0.49
20260731,2254,4,10,133910,0.2
20260731,2254,5,8,145800,0.22
20260731,2254,6,3,80480,0.12
20260731,2254,7,8,292067,0.45
20260731,2254,8,4,173599,0.27
20260731,2254,9,9,700287,1.09
20260731,2254,10,8,1125398,1.76
20260731,2254,11,3,967000,1.51
20260731,2254,12,2,869464,1.36
20260731,2254,13,1,626000,0.97
20260731,2254,14,2,1709000,2.67
20260731,2254,15,10,56169356,87.89
20260731,2254,16,2647,63907680,100.0
20260731,2258,1,1031,194743,0.01
20260731,2258,2,4951,10893611,0.62
20260731,2258,3,1059,8673090,0.49
20260731,2258,4,387,5027155,0.28
20260731,2258,5,375,7050833,0.4
20260731,2258,6,338,8775962,0.5
20260731,2258,7,151,5434471,0.31
20260731,2258,8,135,6368075,0.36
20260731,2258,9,269,19404156,1.1
20260731,2258,10,128,18150263,1.03
20260731,2258,11,57,16326245,0.93
20260731,2258,12,12,5955191,0.34
20260731,2258,13,9,6272000,0.35
20260731,2258,14,8,7400500,0.42
20260731,2258,15,25,1625351005,92.8
20260731,2258,16,8935,1751277300,100.0
20260731,2301,1,98573,20904149,0.9
20260731,2301,2,99719,181088668,7.81
20260731,2301,3,8461,63264916,2.73
20260731,2301,4,2302,28744962,1.24
20260731,2301,5,1154,20906743,0.9
20260731,2301,6,949,23747121,1.02
20260731,2301,7,456,16035639,0.69
20260731,2301,8,283,12977063,0.56
20260731,2301,9,474,33764856,1.45
20260731,2301,10,290,40441889,1.74
20260731,2301,11,196,56486762,2.43
20260731,2301,12,82,40451090,1.74
20260731,2301,13,48,32784614,1.41
20260731,2301,14,48,43783353,1.89
20260731,2301,15,264,1700725938,73.43
20260731,2301,16,213299,2316107763,100.0
20260731,2302,1,9825,2255707,1.35
20260731,2302,2,13028,24960345,15.0
20260731,2302,3,1208,9998735,6.01
20260731,2302,4,256,3283042,1.97
20260731,2302,5,205,3874788,2.32
20260731,2302,6,140,3560149,2.14
20260731,2302,7,55,1959391,1.17
20260731,2302,8,51,2426399,1.45
20260731,2302,9,54,3917637,2.35
20260731,2302,10,29,3959582,2.38
20260731,2302,11,25,6937196,4.17
20260731,2302,12,2,930556,0.55
20260731,2302,13,3,2107308,1.26
20260731,2302,14,2,1840000,1.1
20260731,2302,15,6,94292046,56.69
20260731,2302,16,24889,166302881,100.0
20260731,2303,1,375704,73793446,0.58
20260731,2303,2,486932,975956275,7.75
20260731,2303,3,64409,489716040,3.89
20260731,2303,4,19576,245574643,1.95
20260731,2303,5,10637,193389602,1.53
20260731,2303,6,9051,226363928,1.79
20260731,2303,7,3925,138422877,1.1
20260731,2303,8,2333,107264360,0.85
20260731,2303,9,3777,267124693,2.12
20260731,2303,10,1622,224562240,1.78
20260731,2303,11,743,209344218,1.66
20260731,2303,12,248,121675004,0.96
20260731,2303,13,165,115364693,0.91
20260731,2303,14,101,90800206,0.72
20260731,2303,15,668,9097652645,72.33
20260731,2303,16,0,-20000,0.0
20260731,2303,17,979891,12576984870,100.0
20260731,2305,1,11296,3369546,1.63
20260731,2305,2,8681,17782696,8.64
20260731,2305,3,1151,9165818,4.45
20260731,2305,4,295,3858815,1.87
20260731,2305,5,199,3724572,1.81
20260731,2305,6,186,4806405,2.33
20260731,2305,7,80,2889702,1.4
20260731,2305,8,73,3464898,1.68
20260731,2305,9,111,8215614,3.99
20260731,2305,10,47,6305035,3.06
20260731,2305,11,30,8512244,4.13
20260731,2305,12,4,2020000,0.98
20260731,2305,13,6,4097351,1.99
20260731,2305,14,3,2574000,1.25
20260731,2305,15,11,124874131,60.71
20260731,2305,16,22173,205660827,100.0
20260731,2308,1,499026,52446412,2.01
20260731,2308,2,71266,120542126,4.64
20260731,2308,3,4330,31616779,1.21
20260731,2308,4,1300,16220635,0.62
20260731,2308,5,639,11447608,0.44
20260731,2308,6,619,15292887,0.58
20260731,2308,7,377,13183625,0.5
20260731,2308,8,252,11515054,0.44
20260731,2308,9,702,50890105,1.95
20260731,2308,10,472,67092078,2.58
20260731,2308,11,359,101666841,3.91
20260731,2308,12,146,72638842,2.79
20260731,2308,13,79,54489647,2.09
20260731,2308,14,60,53230924,2.04
20260731,2308,15,283,1925269766,74.11
20260731,2308,16,579910,2597543329,100.0
20260731,2312,1,64834,6877404,0.45
20260731,2312,2,113677,236952208,15.73
20260731,2312,3,16135,132457303,8.79
20260731,2312,4,4225,54606163,3.62
20260731,2312,5,3002,56839239,3.77
20260731,2312,6,2252,58898198,3.91
20260731,2312,7,931,33752879,2.24
20260731,2312,8,702,33369152,2.21
20260731,2312,9,1009,73885595,4.9
20260731,2312,10,382,53939038,3.58
20260731,2312,11,177,50869871,3.37
20260731,2312,12,66,32756676,2.17
20260731,2312,13,26,18156959,1.2
20260731,2312,14,18,15936036,1.05
20260731,2312,15,100,646672490,42.94
20260731,2312,16,207536,1505969211,100.0
20260731,2313,1,158904,25437472,2.06
20260731,2313,2,132772,234662215,19.01
20260731,2313,3,10850,77599939,6.28
20260731,2313,4,2971,35930078,2.91
20260731,2313,5,1296,23247567,1.88
20260731,2313,6,1062,25971501,2.1
20260731,2313,7,453,15753050,1.27
20260731,2313,8,261,11725875,0.95
20260731,2313,9,398,27262856,2.2
20260731,2313,10,203,28156218,2.28
20260731,2313,11,99,27555897,2.23
20260731,2313,12,44,21297051,1.72
20260731,2313,13,32,22568698,1.82
20260731,2313,14,18,16492422,1.33
20260731,2313,15,113,640182748,51.88
20260731,2313,16,0,-22998,0.0
20260731,2313,17,309476,1233820589,100.0
20260731,2314,1,38449,9553605,8.79
20260731,2314,2,11566,25341530,23.33
20260731,2314,3,1791,13249423,12.2
20260731,2314,4,558,6883933,6.33
20260731,2314,5,295,5309041,4.88
20260731,2314,6,292,7244790,6.67
20260731,2314,7,100,3488818,3.21
20260731,2314,8,75,3367789,3.1
20260731,2314,9,146,10238062,9.42
20260731,2314,10,50,6603421,6.08
20260731,2314,11,19,4870495,4.48
20260731,2314,12,6,2845621,2.62
20260731,2314,13,4,2750121,2.53
20260731,2314,14,1,864204,0.79
20260731,2314,15,4,5985569,5.51
20260731,2314,16,53356,108596422,100.0
20260731,2316,1,45381,4164220,2.27
20260731,2316,2,12994,23492734,12.85
20260731,2316,3,1142,8466487,4.63
20260731,2316,4,309,3896243,2.13
20260731,2316,5,159,2879085,1.57
20260731,2316,6,141,3553377,1.94
20260731,2316,7,50,1791010,0.98
20260731,2316,8,31,1409376,0.77
20260731,2316,9,72,5131072,2.8
20260731,2316,10,31,4121278,2.25
20260731,2316,11,18,5150759,2.81
20260731,2316,12,14,6626015,3.62
20260731,2316,13,5,3408820,1.86
20260731,2316,14,3,2626488,1.43
20260731,2316,15,24,106023572,58.01
20260731,2316,16,60374,182740536,100.0
20260731,2317,1,443526,101129699,0.71
20260731,2317,2,561221,1161412781,8.25
20260731,2317,3,85628,641563945,4.55
20260731,2317,4,28601,357089120,2.53
20260731,2317,5,14798,265027890,1.88
20260731,2317,6,13923,346337162,2.46
20260731,2317,7,6331,221979199,1.57
20260731,2317,8,3783,172310414,1.22
20260731,2317,9,6582,458006917,3.25
20260731,2317,10,2670,361869317,2.57
20260731,2317,11,1027,283107362,2.01
20260731,2317,12,328,159025038,1.12
20260731,2317,13,175,121635103,0.86
20260731,2317,14,116,104120979,0.73
20260731,2317,15,825,9321131571,66.22
20260731,2317,16,1169534,14075746497,100.0
20260731,2321,1,13714,1899133,6.27
20260731,2321,2,701,1492085,4.92
20260731,2321,3,127,957675,3.16
20260731,2321,4,36,434054,1.43
20260731,2321,5,23,398639,1.31
20260731,2321,6,18,439978,1.45
20260731,2321,7,12,413906,1.36
20260731,2321,8,10,454555,1.5
20260731,2321,9,17,1173297,3.87
20260731,2321,10,6,829296,2.73
20260731,2321,11,1,226000,0.74
20260731,2321,12,0,0,0.0
20260731,2321,13,0,0,0.0
20260731,2321,14,1,993529,3.28
20260731,2321,15,2,20559782,67.91
20260731,2321,16,14668,30271929,100.0
20260731,2323,1,69102,13312737,1.22
20260731,2323,2,45501,100672194,9.24
20260731,2323,3,10755,79942343,7.33
20260731,2323,4,3384,41522135,3.81
20260731,2323,5,2210,40501294,3.71
20260731,2323,6,1821,46348013,4.25
20260731,2323,7,843,29972036,2.75
20260731,2323,8,583,27311613,2.5
20260731,2323,9,1104,79989748,7.34
20260731,2323,10,531,76324123,7.0
20260731,2323,11,216,59803526,5.48
20260731,2323,12,75,36794714,3.37
20260731,2323,13,33,22787766,2.09
20260731,2323,14,18,16623943,1.52
20260731,2323,15,80,417442143,38.32
20260731,2323,16,136256,1089348328,100.0
20260731,2324,1,57471,12568734,0.28
20260731,2324,2,211444,448097150,10.16
20260731,2324,3,34393,271864587,6.16
20260731,2324,4,9787,124401112,2.82
20260731,2324,5,6191,115154871,2.61
20260731,2324,6,4655,119975572,2.72
20260731,2324,7,2038,73418306,1.66
20260731,2324,8,1378,65006958,1.47
20260731,2324,9,2146,157204680,3.56
20260731,2324,10,852,121451629,2.75
20260731,2324,11,366,102397859,2.32
20260731,2324,12,143,69637895,1.58
20260731,2324,13,75,51732621,1.17
20260731,2324,14,43,38688094,0.87
20260731,2324,15,323,2635546557,59.8
20260731,2324,16,331305,4407146625,100.0
20260731,2327,1,394037,49811825,2.4
20260731,2327,2,111872,202197616,9.76
20260731,2327,3,8948,66433124,3.2
20260731,2327,4,2562,31947939,1.54
20260731,2327,5,1328,23669835,1.14
20260731,2327,6,1140,28210229,1.36
20260731,2327,7,535,18929892,0.91
20260731,2327,8,313,14240354,0.68
20260731,2327,9,648,45523884,2.19
20260731,2327,10,366,52088258,2.51
20260731,2327,11,226,64775579,3.12
20260731,2327,12,70,34335065,1.65
20260731,2327,13,42,29138752,1.4
20260731,2327,14,33,29560305,1.42
20260731,2327,15,192,1380622377,66.64
20260731,2327,16,0,-19550,0.0
20260731,2327,17,522312,2071465484,100.0
20260731,2328,1,56363,3369917,0.65
20260731,2328,2,52387,104764896,20.21
20260731,2328,3,6572,52535911,10.13
20260731,2328,4,1725,21915984,4.22
20260731,2328,5,1099,20604883,3.97
20260731,2328,6,799,20456650,3.94
20260731,2328,7,352,12683978,2.44
20260731,2328,8,210,9789750,1.88
20260731,2328,9,381,26966206,5.2
20260731,2328,10,133,18524097,3.57
20260731,2328,11,76,20637428,3.98
20260731,2328,12,8,3936125,0.75
20260731,2328,13,15,10533442,2.03
20260731,2328,14,8,7045167,1.35
20260731,2328,15,23,184581848,35.6
20260731,2328,16,120151,518346282,100.0
20260731,2329,1,62985,7353507,1.11
20260731,2329,2,55473,111425680,16.9
20260731,2329,3,6802,54214720,8.22
20260731,2329,4,1799,23221375,3.52
20260731,2329,5,1165,21836737,3.31
20260731,2329,6,847,21891173,3.32
20260731,2329,7,377,13748283,2.08
20260731,2329,8,237,11150778,1.69
20260731,2329,9,347,24888936,3.77
20260731,2329,10,144,20298064,3.08
20260731,2329,11,75,20441267,3.1
20260731,2329,12,21,10489857,1.59
20260731,2329,13,9,6101000,0.92
20260731,2329,14,9,7836553,1.18
20260731,2329,15,25,304050403,46.14
20260731,2329,16,130315,658948333,100.0
20260731,2330,1,2539702,296133619,1.14
20260731,2330,2,457999,875655638,3.37
20260731,2330,3,53307,381226919,1.47
20260731,2330,4,17525,214839474,0.82
20260731,2330,5,8129,142882134,0.55
20260731,2330,6,7825,191329159,0.73
20260731,2330,7,3671,127306609,0.49
20260731,2330,8,2056,92660455,0.35
20260731,2330,9,4114,287165889,1.1
20260731,2330,10,2047,286495059,1.1
20260731,2330,11,1319,369925961,1.42
20260731,2330,12,582,285569046,1.1
20260731,2330,13,349,243484284,0.93
20260731,2330,14,215,192086747,0.74
20260731,2330,15,1475,21945666949,84.62
20260731,2330,16,0,-57875,0.0
20260731,2330,17,3100315,25932370067,100.0
20260731,2331,1,20936,3568255,0.64
20260731,2331,2,28137,61196474,10.97
20260731,2331,3,4491,36731043,6.58
20260731,2331,4,1151,14884122,2.67
20260731,2331,5,902,16995039,3.04
20260731,2331,6,651,17006128,3.05
20260731,2331,7,287,10469612,1.87
20260731,2331,8,200,9434517,1.69
20260731,2331,9,322,23167738,4.15
20260731,2331,10,139,20363388,3.65
20260731,2331,11,65,18029435,3.23
20260731,2331,12,27,13060883,2.34
20260731,2331,13,13,8823266,1.58
20260731,2331,14,4,3558394,0.63
20260731,2331,15,20,300114674,53.84
20260731,2331,16,57345,557402968,100.0
20260731,2332,1,55015,6148766,1.02
20260731,2332,2,35783,78851780,13.09
20260731,2332,3,6524,53330502,8.85
20260731,2332,4,1837,23494662,3.9
20260731,2332,5,1440,27000155,4.48
20260731,2332,6,1148,29974076,4.97
20260731,2332,7,531,19134699,3.17
20260731,2332,8,395,18569121,3.08
20260731,2332,9,641,46984632,7.8
20260731,2332,10,264,37215465,6.18
20260731,2332,11,136,37570822,6.23
20260731,2332,12,41,20108510,3.33
20260731,2332,13,17,11660182,1.93
20260731,2332,14,2,1833000,0.3
20260731,2332,15,53,190294001,31.6
20260731,2332,16,103827,602170373,100.0
20260731,2337,1,220626,42528235,2.14
20260731,2337,2,227366,433637774,21.86
20260731,2337,3,22542,171270125,8.63
20260731,2337,4,6111,76800130,3.87
20260731,2337,5,3309,60609669,3.05
20260731,2337,6,2622,66651641,3.36
20260731,2337,7,1106,39221605,1.97
20260731,2337,8,699,32264677,1.62
20260731,2337,9,1126,79783855,4.02
20260731,2337,10,505,70340702,3.54
20260731,2337,11,254,70493139,3.55
20260731,2337,12,91,43736822,2.2
20260731,2337,13,44,30902663,1.55
20260731,2337,14,19,16317152,0.82
20260731,2337,15,150,748686317,37.75
20260731,2337,16,0,-27000,0.0
20260731,2337,17,486570,1983217506,100.0
20260731,2338,1,43848,2901043,0.79
20260731,2338,2,30026,60100849,16.38
20260731,2338,3,3974,29832859,8.13
20260731,2338,4,1392,17228718,4.69
20260731,2338,5,631,11405900,3.1
20260731,2338,6,570,14161086,3.86
20260731,2338,7,251,8726988,2.37
20260731,2338,8,152,6869479,1.87
20260731,2338,9,273,19346103,5.27
20260731,2338,10,106,13968737,3.8
20260731,2338,11,41,10812761,2.94
20260731,2338,12,9,4444088,1.21
20260731,2338,13,12,8456574,2.3
20260731,2338,14,6,5525578,1.5
20260731,2338,15,24,153068420,41.72
20260731,2338,16,81315,366849183,100.0
20260731,2340,1,65336,4751281,1.08
20260731,2340,2,35780,75173882,17.13
20260731,2340,3,5264,41792482,9.52
20260731,2340,4,1555,19962335,4.55
20260731,2340,5,972,18038531,4.11
20260731,2340,6,805,20648714,4.7
20260731,2340,7,401,14454222,3.29
20260731,2340,8,237,10972975,2.5
20260731,2340,9,436,31369046,7.15
20260731,2340,10,182,25784363,5.87
20260731,2340,11,61,16499329,3.76
20260731,2340,12,22,10664634,2.43
20260731,2340,13,5,3305543,0.75
20260731,2340,14,8,7160150,1.63
20260731,2340,15,20,138045359,31.47
20260731,2340,16,111084,438622846,100.0
20260731,2342,1,119053,6779769,4.3
20260731,2342,2,20638,38276586,24.3
20260731,2342,3,1921,15305955,9.71
20260731,2342,4,430,5471273,3.47
20260731,2342,5,258,4812253,3.05
20260731,2342,6,218,5697332,3.61
20260731,2342,7,93,3339338,2.12
20260731,2342,8,58,2686286,1.7
20260731,2342,9,98,7048991,4.47
20260731,2342,10,28,4054179,2.57
20260731,2342,11,21,5598825,3.55
20260731,2342,12,3,1295436,0.82
20260731,2342,13,1,750000,0.47
20260731,2342,14,2,1922007,1.22
20260731,2342,15,6,54436514,34.56
20260731,2342,16,142828,157474744,100.0
20260731,2344,1,227323,43934549,0.93
20260731,2344,2,288061,544645173,11.64
20260731,2344,3,28369,217148547,4.64
20260731,2344,4,7939,100046330,2.13
20260731,2344,5,4277,78552772,1.68
20260731,2344,6,3460,87258183,1.86
20260731,2344,7,1575,55945123,1.19
20260731,2344,8,938,43510347,0.93
20260731,2344,9,1537,108455293,2.31
20260731,2344,10,682,93695653,2.0
20260731,2344,11,346,95563914,2.04
20260731,2344,12,112,56100148,1.19
20260731,2344,13,71,49240305,1.05
20260731,2344,14,36,32748194,0.7
20260731,2344,15,248,3068669187,65.63
20260731,2344,16,0,-3000,0.0
20260731,2344,17,564974,4675510718,100.0
20260731,2345,1,63557,4575426,0.81
20260731,2345,2,8656,15113239,2.69
20260731,2345,3,844,6135277,1.09
20260731,2345,4,366,4538511,0.8
20260731,2345,5,216,3885730,0.69
20260731,2345,6,282,7108009,1.26
20260731,2345,7,157,5576306,0.99
20260731,2345,8,120,5431765,0.96
20260731,2345,9,355,25455498,4.53
20260731,2345,10,249,34901324,6.21
20260731,2345,11,171,47628585,8.48
20260731,2345,12,62,30307484,5.4
20260731,2345,13,38,26536273,4.72
20260731,2345,14,24,21218243,3.78
20260731,2345,15,98,322706227,57.51
20260731,2345,16,75195,561117897,100.0
20260731,2347,1,12832,2838717,0.17
20260731,2347,2,20609,41837487,2.5
20260731,2347,3,3050,22849805,1.36
20260731,2347,4,960,11862019,0.71
20260731,2347,5,494,8719647,0.52
20260731,2347,6,456,11279528,0.67
20260731,2347,7,200,7045739,0.42
20260731,2347,8,149,6803098,0.4
20260731,2347,9,297,20915857,1.25
20260731,2347,10,147,20603898,1.23
20260731,2347,11,99,27395574,1.64
20260731,2347,12,50,24262803,1.45
20260731,2347,13,25,17190375,1.03
20260731,2347,14,23,20517570,1.23
20260731,2347,15,158,1423824851,85.36
20260731,2347,16,39549,1667946968,100.0
20260731,2348,1,16033,1516552,0.99
20260731,2348,2,6915,13561212,8.92
20260731,2348,3,786,6061411,3.99
20260731,2348,4,268,3406264,2.24
20260731,2348,5,162,2998536,1.97
20260731,2348,6,121,3010271,1.98
20260731,2348,7,50,1799213,1.18
20260731,2348,8,30,1350660,0.88
20260731,2348,9,66,4818504,3.17
20260731,2348,10,24,3507193,2.3
20260731,2348,11,13,3778795,2.48
20260731,2348,12,7,3299405,2.17
20260731,2348,13,2,1433687,0.94
20260731,2348,14,2,1767724,1.16
20260731,2348,15,20,99589426,65.56
20260731,2348,16,24499,151898853,100.0
20260731,2349,1,80234,16140008,2.32
20260731,2349,2,46436,102282742,14.74
20260731,2349,3,8862,69364062,9.99
20260731,2349,4,2692,33982097,4.89
20260731,2349,5,2005,37343060,5.38
20260731,2349,6,1562,40396839,5.82
20260731,2349,7,687,24500212,3.53
20260731,2349,8,468,21944527,3.16
20260731,2349,9,828,58769196,8.47
20260731,2349,10,374,51797539,7.46
20260731,2349,11,131,36962783,5.32
20260731,2349,12,38,17621826,2.54
20260731,2349,13,21,13852050,1.99
20260731,2349,14,17,15130287,2.18
20260731,2349,15,42,153592435,22.14
20260731,2349,16,144397,693679663,100.0
20260731,2351,1,13137,1962559,1.0
20260731,2351,2,11889,20047825,10.29
20260731,2351,3,717,5586875,2.86
20260731,2351,4,204,2620977,1.34
20260731,2351,5,122,2263095,1.16
20260731,2351,6,96,2445224,1.25
20260731,2351,7,45,1612154,0.82
20260731,2351,8,23,1050236,0.53
20260731,2351,9,66,4650381,2.38
20260731,2351,10,33,4445844,2.28
20260731,2351,11,29,8385767,4.3
20260731,2351,12,10,5376981,2.76
20260731,2351,13,13,9047028,4.64
20260731,2351,14,6,5319646,2.73
20260731,2351,15,39,119924597,61.58
20260731,2351,16,0,-1000,0.0
20260731,2351,17,26429,194738189,100.0
20260731,2352,1,87849,23102603,1.46
20260731,2352,2,75757,172960843,10.94
20260731,2352,3,15467,116438372,7.36
20260731,2352,4,4949,61265534,3.87
20260731,2352,5,3172,55698959,3.52
20260731,2352,6,2610,64670862,4.09
20260731,2352,7,1129,39037737,2.46
20260731,2352,8,853,38273118,2.42
20260731,2352,9,1389,99182631,6.27
20260731,2352,10,564,77059940,4.87
20260731,2352,11,246,67279950,4.25
20260731,2352,12,76,37907889,2.39
20260731,2352,13,21,14380235,0.9
20260731,2352,14,32,28268731,1.78
20260731,2352,15,79,684979101,43.33
20260731,2352,16,194193,1580506505,100.0
20260731,2353,1,112477,23550934,0.77
20260731,2353,2,212685,466404559,15.3
20260731,2353,3,39101,306540616,10.05
20260731,2353,4,12150,154063883,5.05
20260731,2353,5,7693,142394504,4.67
20260731,2353,6,6338,161472330,5.29
20260731,2353,7,2851,102179875,3.35
20260731,2353,8,1857,86368347,2.83
20260731,2353,9,2925,208907496,6.85
20260731,2353,10,1212,169908305,5.57
20260731,2353,11,432,118986045,3.9
20260731,2353,12,127,63954114,2.09
20260731,2353,13,53,36914132,1.21
20260731,2353,14,32,29094964,0.95
20260731,2353,15,153,977113724,32.05
20260731,2353,16,400086,3047853828,100.0
20260731,2354,1,45106,8011723,0.56
20260731,2354,2,120314,249964213,17.67
20260731,2354,3,17235,134000481,9.47
20260731,2354,4,4872,61731551,4.36
20260731,2354,5,2858,52847060,3.73
20260731,2354,6,2196,55611584,3.93
20260731,2354,7,964,34366533,2.42
20260731,2354,8,584,27158871,1.92
20260731,2354,9,942,66764838,4.72
20260731,2354,10,341,47376060,3.34
20260731,2354,11,128,35039567,2.47
20260731,2354,12,29,14198838,1.0
20260731,2354,13,21,14104159,0.99
20260731,2354,14,9,7984062,0.56
20260731,2354,15,59,605325652,42.79
20260731,2354,16,195658,1414485192,100.0
20260731,2355,1,28947,2891232,0.72
20260731,2355,2,40856,80494910,20.25
20260731,2355,3,4813,38168086,9.6
20260731,2355,4,1270,16181515,4.07
20260731,2355,5,798,14885979,3.74
20260731,2355,6,550,14265108,3.58
20260731,2355,7,245,8824369,2.21
20260731,2355,8,168,7881170,1.98
20260731,2355,9,289,21048068,5.29
20260731,2355,10,119,17064469,4.29
20260731,2355,11,60,17495432,4.4
20260731,2355,12,32,16347007,4.11
20260731,2355,13,11,7787896,1.95
20260731,2355,14,8,7247153,1.82
20260731,2355,15,47,126913026,31.92
20260731,2355,16,78213,397495420,100.0
20260731,2356,1,60215,14857203,0.41
20260731,2356,2,167866,333443811,9.29
20260731,2356,3,20935,163491143,4.55
20260731,2356,4,5513,70119221,1.95
20260731,2356,5,3338,62034281,1.72
20260731,2356,6,2368,60554394,1.68
20260731,2356,7,979,35126608,0.97
20260731,2356,8,651,30387881,0.84
20260731,2356,9,1032,73511839,2.04
20260731,2356,10,439,61852087,1.72
20260731,2356,11,218,60304694,1.68
20260731,2356,12,101,49859238,1.38
20260731,2356,13,47,32964821,0.91
20260731,2356,14,36,32868479,0.91
20260731,2356,15,193,2506099366,69.85
20260731,2356,16,263931,3587475066,100.0
20260731,2357,1,88241,16491390,2.22
20260731,2357,2,30454,53272201,7.17
20260731,2357,3,2253,16764298,2.25
20260731,2357,4,724,9090764,1.22
20260731,2357,5,370,6653386,0.89
20260731,2357,6,330,8266252,1.11
20260731,2357,7,170,5987248,0.8
20260731,2357,8,128,5898367,0.79
20260731,2357,9,252,18037636,2.42
20260731,2357,10,180,25802027,3.47
20260731,2357,11,118,33073221,4.45
20260731,2357,12,50,24245443,3.26
20260731,2357,13,37,25516801,3.43
20260731,2357,14,30,27464636,3.69
20260731,2357,15,97,466196610,62.76
20260731,2357,16,123434,742760280,100.0
20260731,2359,1,35649,3665968,2.13
20260731,2359,2,25815,43697050,25.48
20260731,2359,3,1591,12570432,7.33
20260731,2359,4,363,4719489,2.75
20260731,2359,5,242,4482576,2.61
20260731,2359,6,151,3847740,2.24
20260731,2359,7,64,2308415,1.34
20260731,2359,8,44,2027905,1.18
20260731,2359,9,85,5941658,3.46
20260731,2359,10,42,5953846,3.47
20260731,2359,11,20,5961870,3.47
20260731,2359,12,7,3416536,1.99
20260731,2359,13,2,1378000,0.8
20260731,2359,14,7,6409871,3.73
20260731,2359,15,15,65089696,37.95
20260731,2359,16,64097,171471052,100.0
20260731,2360,1,25138,2124724,0.49
20260731,2360,2,4122,7332855,1.72
20260731,2360,3,472,3564799,0.83
20260731,2360,4,293,3689038,0.86
20260731,2360,5,162,2900045,0.68
20260731,2360,6,218,5436218,1.27
20260731,2360,7,131,4588393,1.07
20260731,2360,8,109,4891803,1.15
20260731,2360,9,296,20830687,4.89
20260731,2360,10,217,30066656,7.07
20260731,2360,11,132,36838920,8.66
20260731,2360,12,70,34127731,8.02
20260731,2360,13,22,15045091,3.53
20260731,2360,14,28,25071597,5.89
20260731,2360,15,75,228737185,53.78
20260731,2360,16,31485,425245742,100.0
20260731,2362,1,13059,2800651,0.45
20260731,2362,2,15729,32269788,5.18
20260731,2362,3,2257,17556820,2.82
20260731,2362,4,613,7835364,1.25
20260731,2362,5,390,7210223,1.15
20260731,2362,6,367,9287498,1.49
20260731,2362,7,173,6272837,1.0
20260731,2362,8,108,4996145,0.8
20260731,2362,9,194,14464730,2.32
20260731,2362,10,78,11389787,1.83
20260731,2362,11,44,11902565,1.91
20260731,2362,12,23,11429879,1.83
20260731,2362,13,5,3258415,0.52
20260731,2362,14,9,7863476,1.26
20260731,2362,15,74,473724822,76.12
20260731,2362,16,33123,622263000,100.0
20260731,2363,1,63962,16330505,3.17
20260731,2363,2,54227,107848359,20.94
20260731,2363,3,6642,50605363,9.82
20260731,2363,4,1849,23287132,4.52
20260731,2363,5,1063,19243375,3.73
20260731,2363,6,825,20843758,4.04
20260731,2363,7,414,14652869,2.84
20260731,2363,8,236,10903183,2.11
20260731,2363,9,413,28628286,5.55
20260731,2363,10,162,21964261,4.26
20260731,2363,11,68,19264767,3.74
20260731,2363,12,16,7762964,1.5
20260731,2363,13,13,9080619,1.76
20260731,2363,14,9,7996791,1.55
20260731,2363,15,28,156575929,30.4
20260731,2363,16,129927,514988161,100.0
20260731,2364,1,52178,2224641,4.24
20260731,2364,2,3230,6432652,12.27
20260731,2364,3,390,2867976,5.47
20260731,2364,4,132,1632439,3.11
20260731,2364,5,66,1179711,2.25
20260731,2364,6,60,1511943,2.88
20260731,2364,7,25,905550,1.72
20260731,2364,8,14,664695,1.26
20260731,2364,9,32,2100989,4.01
20260731,2364,10,16,2097060,4.0
20260731,2364,11,7,1942080,3.7
20260731,2364,12,0,0,0.0
20260731,2364,13,3,1923251,3.67
20260731,2364,14,0,0,0.0
20260731,2364,15,7,26905661,51.35
20260731,2364,16,56160,52388648,100.0
20260731,2365,1,59121,2414464,1.08
20260731,2365,2,34051,67107655,30.29
20260731,2365,3,3900,30767988,13.88
20260731,2365,4,1034,13152432,5.93
20260731,2365,5,603,11277228,5.09
20260731,2365,6,406,10396327,4.69
20260731,2365,7,175,6295896,2.84
20260731,2365,8,99,4604891,2.07
20260731,2365,9,172,12234137,5.52
20260731,2365,10,61,8073243,3.64
20260731,2365,11,21,5910499,2.66
20260731,2365,12,10,5000287,2.25
20260731,2365,13,2,1362635,0.61
20260731,2365,14,4,3719419,1.67
20260731,2365,15,12,39211395,17.7
20260731,2365,16,99671,221528496,100.0
20260731,2367,1,72882,8794407,1.24
20260731,2367,2,102859,201200975,28.48
20260731,2367,3,11279,87205253,12.34
20260731,2367,4,3094,38936364,5.51
20260731,2367,5,1703,31564223,4.46
20260731,2367,6,1262,32154658,4.55
20260731,2367,7,534,19039395,2.69
20260731,2367,8,317,14718278,2.08
20260731,2367,9,452,32077684,4.54
20260731,2367,10,165,22978545,3.25
20260731,2367,11,62,17358722,2.45
20260731,2367,12,18,8736961,1.23
20260731,2367,13,8,5300718,0.75
20260731,2367,14,7,6300303,0.89
20260731,2367,15,46,179907689,25.47
20260731,2367,16,0,-21000,0.0
20260731,2367,17,194688,706253175,100.0
20260731,2368,1,74382,8780309,1.66
20260731,2368,2,15227,25337988,4.8
20260731,2368,3,1028,7600269,1.44
20260731,2368,4,328,4054336,0.76
20260731,2368,5,185,3298273,0.62
20260731,2368,6,172,4240993,0.8
20260731,2368,7,91,3226839,0.61
20260731,2368,8,58,2631333,0.49
20260731,2368,9,190,13474922,2.55
20260731,2368,10,125,17592166,3.33
20260731,2368,11,77,21718198,4.11
20260731,2368,12,35,17283228,3.27
20260731,2368,13,16,11163632,2.11
20260731,2368,14,11,9696172,1.83
20260731,2368,15,62,377169683,71.53
20260731,2368,16,0,-1000,0.0
20260731,2368,17,91987,527267341,100.0
20260731,2369,1,72681,2710045,0.71
20260731,2369,2,46252,92705213,24.38
20260731,2369,3,5534,46026424,12.1
20260731,2369,4,1264,16323258,4.29
20260731,2369,5,998,18998990,4.99
20260731,2369,6,644,16984815,4.46
20260731,2369,7,287,10451850,2.74
20260731,2369,8,192,9165239,2.41
20260731,2369,9,286,21457207,5.64
20260731,2369,10,101,14537537,3.82
20260731,2369,11,35,9821629,2.58
20260731,2369,12,13,6162130,1.62
20260731,2369,13,6,4106889,1.08
20260731,2369,14,5,4533613,1.19
20260731,2369,15,29,106117505,27.91
20260731,2369,16,128327,380102344,100.0
20260731,2371,1,130798,28900943,1.34
20260731,2371,2,100804,233791964,10.86
20260731,2371,3,20714,163433967,7.59
20260731,2371,4,6444,81756099,3.8
20260731,2371,5,4409,81043680,3.76
20260731,2371,6,3778,96458688,4.48
20260731,2371,7,1798,64191301,2.98
20260731,2371,8,1169,54162074,2.51
20260731,2371,9,1964,140287368,6.52
20260731,2371,10,794,110195960,5.12
20260731,2371,11,301,83726901,3.89
20260731,2371,12,94,46807738,2.17
20260731,2371,13,39,27185979,1.26
20260731,2371,14,32,28454422,1.32
20260731,2371,15,117,910437767,42.32
20260731,2371,16,273255,2150834851,100.0
20260731,2373,1,8160,2105767,0.89
20260731,2373,2,5021,10045366,4.25
20260731,2373,3,574,4257177,1.8
20260731,2373,4,177,2205377,0.93
20260731,2373,5,88,1573162,0.66
20260731,2373,6,73,1822118,0.77
20260731,2373,7,33,1158169,0.49
20260731,2373,8,25,1139344,0.48
20260731,2373,9,20,1333262,0.56
20260731,2373,10,18,2535404,1.07
20260731,2373,11,7,1849983,0.78
20260731,2373,12,1,421000,0.17
20260731,2373,13,3,2124786,0.89
20260731,2373,14,0,0,0.0
20260731,2373,15,23,203631603,86.21
20260731,2373,16,14223,236202518,100.0
20260731,2374,1,51970,6181797,1.82
20260731,2374,2,43677,83611490,24.73
20260731,2374,3,5309,39170312,11.58
20260731,2374,4,1751,21302391,6.3
20260731,2374,5,757,13802917,4.08
20260731,2374,6,741,18255807,5.4
20260731,2374,7,326,11422704,3.37
20260731,2374,8,166,7544515,2.23
20260731,2374,9,291,19618378,5.8
20260731,2374,10,105,13837642,4.09
20260731,2374,11,39,10810095,3.19
20260731,2374,12,11,5377968,1.59
20260731,2374,13,7,4915707,1.45
20260731,2374,14,7,6257511,1.85
20260731,2374,15,19,75882899,22.45
20260731,2374,16,105176,337992133,100.0
20260731,2375,1,50617,6425593,5.91
20260731,2375,2,22714,38323632,35.26
20260731,2375,3,1194,8965945,8.25
20260731,2375,4,275,3461690,3.18
20260731,2375,5,132,2395956,2.2
20260731,2375,6,99,2508720,2.3
20260731,2375,7,29,1032924,0.95
20260731,2375,8,44,2033027,1.87
20260731,2375,9,42,2993046,2.75
20260731,2375,10,17,2392312,2.2
20260731,2375,11,14,4253716,3.91
20260731,2375,12,3,1392675,1.28
20260731,2375,13,6,4188276,3.85
20260731,2375,14,4,3514629,3.23
20260731,2375,15,10,24793193,22.81
20260731,2375,16,75200,108675334,100.0
20260731,2376,1,55937,7529518,1.12
20260731,2376,2,39217,69544707,10.38
20260731,2376,3,3077,23617805,3.52
20260731,2376,4,762,9666607,1.44
20260731,2376,5,455,8353049,1.24
20260731,2376,6,357,9039903,1.34
20260731,2376,7,167,5949430,0.88
20260731,2376,8,125,5751456,0.85
20260731,2376,9,195,13743529,2.05
20260731,2376,10,129,17812396,2.65
20260731,2376,11,80,23865304,3.56
20260731,2376,12,29,14574990,2.17
20260731,2376,13,31,21590471,3.22
20260731,2376,14,13,11673500,1.74
20260731,2376,15,84,427176221,63.76
20260731,2376,16,100658,669888886,100.0
20260731,2377,1,39095,6892090,0.81
20260731,2377,2,55543,103113674,12.2
20260731,2377,3,5410,42534874,5.03
20260731,2377,4,1457,18705703,2.21
20260731,2377,5,823,15156396,1.79
20260731,2377,6,611,15685271,1.85
20260731,2377,7,301,10795272,1.27
20260731,2377,8,176,8190027,0.96
20260731,2377,9,331,23832349,2.82
20260731,2377,10,143,20538046,2.43
20260731,2377,11,81,22761139,2.69
20260731,2377,12,44,22265440,2.63
20260731,2377,13,22,15320814,1.81
20260731,2377,14,23,20769401,2.45
20260731,2377,15,89,498295703,58.97
20260731,2377,16,104149,844856199,100.0
20260731,2379,1,70744,5816126,1.12
20260731,2379,2,12735,21137517,4.1
20260731,2379,3,918,6751352,1.3
20260731,2379,4,303,3714780,0.72
20260731,2379,5,155,2755211,0.53
20260731,2379,6,187,4704988,0.91
20260731,2379,7,120,4178163,0.81
20260731,2379,8,100,4535848,0.87
20260731,2379,9,239,16924560,3.28
20260731,2379,10,176,25380475,4.92
20260731,2379,11,124,34918001,6.77
20260731,2379,12,69,34670545,6.72
20260731,2379,13,34,23117909,4.48
20260731,2379,14,24,21645605,4.19
20260731,2379,15,86,305262561,59.21
20260731,2379,16,0,-1000,0.0
20260731,2379,17,86014,515512641,100.0
20260731,2380,1,16995,4217129,7.02
20260731,2380,2,4795,10076832,16.79
20260731,2380,3,756,5203157,8.67
20260731,2380,4,225,2745793,4.57
20260731,2380,5,90,1570236,2.61
20260731,2380,6,80,1972036,3.28
20260731,2380,7,50,1740374,2.9
20260731,2380,8,20,886255,1.47
20260731,2380,9,56,3712176,6.18
20260731,2380,10,30,4214695,7.02
20260731,2380,11,7,1748788,2.91
20260731,2380,12,3,1424719,2.37
20260731,2380,13,0,0,0.0
20260731,2380,14,1,829745,1.38
20260731,2380,15,5,19658065,32.76
20260731,2380,16,23113,60000000,100.0
20260731,2382,1,139336,24890047,0.64
20260731,2382,2,124044,225289805,5.83
20260731,2382,3,10610,80912266,2.09
20260731,2382,4,2754,34899158,0.9
20260731,2382,5,1497,27480788,0.71
20260731,2382,6,1120,28662424,0.74
20260731,2382,7,542,19372507,0.5
20260731,2382,8,325,14989092,0.38
20260731,2382,9,595,42673635,1.1
20260731,2382,10,351,49830471,1.29
20260731,2382,11,207,58970893,1.52
20260731,2382,12,110,53711423,1.39
20260731,2382,13,58,39763429,1.02
20260731,2382,14,64,57109358,1.47
20260731,2382,15,251,3104072136,80.36
20260731,2382,16,281864,3862627432,100.0
20260731,2383,1,94534,4805388,1.34
20260731,2383,2,6829,11438842,3.19
20260731,2383,3,643,4748854,1.32
20260731,2383,4,305,3808115,1.06
20260731,2383,5,181,3221470,0.89
20260731,2383,6,212,5373706,1.49
20260731,2383,7,161,5628494,1.57
20260731,2383,8,99,4508331,1.25
20260731,2383,9,224,15954704,4.45
20260731,2383,10,147,20567375,5.73
20260731,2383,11,98,28423830,7.93
20260731,2383,12,40,19978906,5.57
20260731,2383,13,15,10538035,2.94
20260731,2383,14,12,10677051,2.97
20260731,2383,15,66,208648013,58.22
20260731,2383,16,103566,358321114,100.0
20260731,2385,1,16373,3377454,0.44
20260731,2385,2,27750,54834756,7.16
20260731,2385,3,3335,25421208,3.31
20260731,2385,4,998,12590394,1.64
20260731,2385,5,558,10240599,1.33
20260731,2385,6,453,11455073,1.49
20260731,2385,7,187,6718998,0.87
20260731,2385,8,155,7127897,0.93
20260731,2385,9,253,17464212,2.28
20260731,2385,10,148,20753858,2.71
20260731,2385,11,91,26146731,3.41
20260731,2385,12,39,18904093,2.46
20260731,2385,13,27,18940459,2.47
20260731,2385,14,11,10298846,1.34
20260731,2385,15,98,521446610,68.09
20260731,2385,16,50476,765721188,100.0
20260731,2387,1,3634,879651,0.45
20260731,2387,2,10472,21676653,11.1
20260731,2387,3,1493,12127294,6.21
20260731,2387,4,439,5657227,2.89
20260731,2387,5,287,5335115,2.73
20260731,2387,6,207,5410003,2.77
20260731,2387,7,98,3528605,1.8
20260731,2387,8,58,2739540,1.4
20260731,2387,9,124,8683478,4.44
20260731,2387,10,60,8400260,4.3
20260731,2387,11,30,7812027,4.0
20260731,2387,12,6,2978946,1.52
20260731,2387,13,5,3625987,1.85
20260731,2387,14,4,3706000,1.89
20260731,2387,15,14,102690265,52.59
20260731,2387,16,16931,195251051,100.0
20260731,2388,1,22761,5300474,0.95
20260731,2388,2,28561,55148147,9.91
20260731,2388,3,3202,24997221,4.49
20260731,2388,4,905,11623874,2.08
20260731,2388,5,532,9718023,1.74
20260731,2388,6,434,11134501,2.0
20260731,2388,7,176,6275944,1.12
20260731,2388,8,115,5328065,0.95
20260731,2388,9,217,15369045,2.76
20260731,2388,10,91,12925174,2.32
20260731,2388,11,46,12980330,2.33
20260731,2388,12,16,7686069,1.38
20260731,2388,13,10,7296073,1.31
20260731,2388,14,7,6169560,1.1
20260731,2388,15,40,364444441,65.5
20260731,2388,16,57113,556396941,100.0
20260731,2390,1,45894,4861205,2.52
20260731,2390,2,11768,27424995,14.23
20260731,2390,3,2429,18980161,9.85
20260731,2390,4,592,7455796,3.87
20260731,2390,5,460,8414348,4.36
20260731,2390,6,317,8199629,4.25
20260731,2390,7,165,5902997,3.06
20260731,2390,8,100,4609850,2.39
20260731,2390,9,199,14656493,7.6
20260731,2390,10,55,7173120,3.72
20260731,2390,11,34,9040771,4.69
20260731,2390,12,10,4920581,2.55
20260731,2390,13,3,1985400,1.03
20260731,2390,14,5,4500242,2.33
20260731,2390,15,8,64493854,33.48
20260731,2390,16,62039,192619442,100.0
20260731,2392,1,18477,3047176,0.59
20260731,2392,2,38988,79656708,15.54
20260731,2392,3,5577,42708314,8.33
20260731,2392,4,1719,21630436,4.22
20260731,2392,5,906,16616146,3.24
20260731,2392,6,765,19427656,3.79
20260731,2392,7,341,12190878,2.37
20260731,2392,8,222,10405893,2.03
20260731,2392,9,349,25052819,4.89
20260731,2392,10,134,19030355,3.71
20260731,2392,11,64,18402258,3.59
20260731,2392,12,21,9838761,1.92
20260731,2392,13,10,6819645,1.33
20260731,2392,14,7,6169357,1.2
20260731,2392,15,21,221330538,43.2
20260731,2392,16,67601,512326940,100.0
20260731,2393,1,26459,1386762,0.31
20260731,2393,2,19943,40237827,9.07
20260731,2393,3,2643,20882190,4.7
20260731,2393,4,736,9340451,2.1
20260731,2393,5,476,8769324,1.97
20260731,2393,6,345,8735756,1.97
20260731,2393,7,164,5906699,1.33
20260731,2393,8,93,4353730,0.98
20260731,2393,9,202,14552703,3.28
20260731,2393,10,96,13369355,3.01
20260731,2393,11,59,16980564,3.82
20260731,2393,12,29,14814457,3.34
20260731,2393,13,18,12601685,2.84
20260731,2393,14,7,6303165,1.42
20260731,2393,15,70,265158418,59.8
20260731,2393,16,51340,443393086,100.0
20260731,2395,1,21090,3029926,0.34
20260731,2395,2,9232,16335293,1.87
20260731,2395,3,932,6996459,0.8
20260731,2395,4,332,4165174,0.47
20260731,2395,5,199,3499891,0.4
20260731,2395,6,203,5121441,0.58
20260731,2395,7,120,4146462,0.47
20260731,2395,8,82,3672824,0.42
20260731,2395,9,213,15033107,1.72
20260731,2395,10,195,28514507,3.28
20260731,2395,11,121,34046763,3.91
20260731,2395,12,63,30504706,3.51
20260731,2395,13,25,16859293,1.93
20260731,2395,14,21,19076497,2.19
20260731,2395,15,92,678073652,78.02
20260731,2395,16,32920,869075995,100.0
20260731,2397,1,2693,391722,0.34
20260731,2397,2,5551,10914029,9.53
20260731,2397,3,654,5097044,4.45
20260731,2397,4,209,2706557,2.36
20260731,2397,5,111,2042514,1.78
20260731,2397,6,117,2987496,2.6
20260731,2397,7,48,1715918,1.49
20260731,2397,8,34,1567475,1.36
20260731,2397,9,52,3574739,3.12
20260731,2397,10,15,2225385,1.94
20260731,2397,11,13,3639088,3.17
20260731,2397,12,5,2398335,2.09
20260731,2397,13,1,700000,0.61
20260731,2397,14,1,871145,0.76
20260731,2397,15,10,73657410,64.33
20260731,2397,16,9514,114488857,100.0
20260731,2399,1,28014,1018445,0.57
20260731,2399,2,21753,43585423,24.47
20260731,2399,3,2429,20175029,11.32
20260731,2399,4,577,7560141,4.24
20260731,2399,5,433,8199879,4.6
20260731,2399,6,282,7381301,4.14
20260731,2399,7,130,4758099,2.67
20260731,2399,8,90,4290370,2.4
20260731,2399,9,117,8428603,4.73
20260731,2399,10,53,7469982,4.19
20260731,2399,11,23,6543084,3.67
20260731,2399,12,5,2563000,1.43
20260731,2399,13,7,4638068,2.6
20260731,2399,14,6,5317162,2.98
20260731,2399,15,18,46181414,25.93
20260731,2399,16,0,-10000,0.0
20260731,2399,17,53937,178100000,100.0
20260731,2401,1,74472,2836858,0.47
20260731,2401,2,44978,93648179,15.81
20260731,2401,3,6585,53338319,9.0
20260731,2401,4,1740,22361815,3.77
20260731,2401,5,1276,23974562,4.04
20260731,2401,6,907,23348145,3.94
20260731,2401,7,442,15945496,2.69
20260731,2401,8,294,13726449,2.31
20260731,2401,9,461,33582063,5.67
20260731,2401,10,180,25993645,4.39
20260731,2401,11,110,30843832,5.21
20260731,2401,12,34,16497970,2.78
20260731,2401,13,12,8162608,1.37
20260731,2401,14,11,10187260,1.72
20260731,2401,15,41,217547718,36.74
20260731,2401,16,131543,591994919,100.0
20260731,2402,1,41718,2250879,0.73
20260731,2402,2,35041,69412396,22.57
20260731,2402,3,3963,31841814,10.35
20260731,2402,4,1058,13768099,4.47
20260731,2402,5,650,12154976,3.95
20260731,2402,6,464,12124542,3.94
20260731,2402,7,197,7219396,2.34
20260731,2402,8,121,5677912,1.84
20260731,2402,9,201,14646714,4.76
20260731,2402,10,94,12859512,4.18
20260731,2402,11,35,9486656,3.08
20260731,2402,12,16,7899106,2.56
20260731,2402,13,5,3631224,1.18
20260731,2402,14,4,3751000,1.21
20260731,2402,15,22,100812307,32.78
20260731,2402,16,83589,307536533,100.0
20260731,2404,1,51534,5428262,2.84
20260731,2404,2,12927,22161255,11.62
20260731,2404,3,963,7303330,3.83
20260731,2404,4,283,3565929,1.87
20260731,2404,5,168,3022449,1.58
20260731,2404,6,155,3889643,2.04
20260731,2404,7,99,3481090,1.82
20260731,2404,8,69,3154859,1.65
20260731,2404,9,107,7513834,3.94
20260731,2404,10,84,12118119,6.35
20260731,2404,11,52,15257225,8.0
20260731,2404,12,21,10627338,5.57
20260731,2404,13,13,9162928,4.8
20260731,2404,14,7,6158059,3.23
20260731,2404,15,30,77742378,40.79
20260731,2404,16,66512,190586698,100.0
20260731,2405,1,60506,1337593,0.38
20260731,2405,2,27464,61454954,17.89
20260731,2405,3,5160,43609861,12.69
20260731,2405,4,1292,16952861,4.93
20260731,2405,5,1094,20919416,6.09
20260731,2405,6,801,21263383,6.19
20260731,2405,7,348,12766794,3.71
20260731,2405,8,258,12286368,3.57
20260731,2405,9,405,29686244,8.64
20260731,2405,10,164,22911820,6.67
20260731,2405,11,59,17021469,4.95
20260731,2405,12,19,9836000,2.86
20260731,2405,13,8,5659890,1.64
20260731,2405,14,2,1769000,0.51
20260731,2405,15,16,65951650,19.2
20260731,2405,16,97596,343427303,100.0
20260731,2406,1,66453,4393526,1.25
20260731,2406,2,40539,81962477,23.35
20260731,2406,3,5243,42347733,12.06
20260731,2406,4,1411,18143238,5.17
20260731,2406,5,915,17205321,4.9
20260731,2406,6,638,16593797,4.72
20260731,2406,7,299,10768102,3.06
20260731,2406,8,184,8651747,2.46
20260731,2406,9,336,24189461,6.89
20260731,2406,10,118,16596363,4.72
20260731,2406,11,51,14136897,4.02
20260731,2406,12,17,8415676,2.39
20260731,2406,13,5,3692742,1.05
20260731,2406,14,10,8983415,2.56
20260731,2406,15,23,74825194,21.32
20260731,2406,16,116242,350905689,100.0
20260731,2408,1,226427,33510705,0.97
20260731,2408,2,138675,244243706,7.07
20260731,2408,3,10384,80522994,2.33
20260731,2408,4,2914,37397188,1.08
20260731,2408,5,1722,31872938,0.92
20260731,2408,6,1335,34043419,0.98
20260731,2408,7,582,20773522,0.6
20260731,2408,8,408,18990393,0.55
20260731,2408,9,711,51248635,1.48
20260731,2408,10,352,50478548,1.46
20260731,2408,11,214,60025210,1.73
20260731,2408,12,75,36653768,1.06
20260731,2408,13,30,20718037,0.6
20260731,2408,14,22,19751217,0.57
20260731,2408,15,147,2709986299,78.54
20260731,2408,16,0,-10685,0.0
20260731,2408,17,383998,3450205894,100.0
20260731,2409,1,174476,45821091,0.6
20260731,2409,2,343329,782825491,10.37
20260731,2409,3,71685,572523253,7.58
20260731,2409,4,20914,266569328,3.53
20260731,2409,5,16728,306751240,4.06
20260731,2409,6,12555,322617233,4.27
20260731,2409,7,6309,227574559,3.01
20260731,2409,8,4040,189256425,2.5
20260731,2409,9,6771,492464223,6.52
20260731,2409,10,3004,424724679,5.62
20260731,2409,11,1193,331713987,4.39
20260731,2409,12,339,165262620,2.18
20260731,2409,13,140,98070185,1.29
20260731,2409,14,86,78596542,1.04
20260731,2409,15,328,3242328116,42.96
20260731,2409,16,661897,7547098972,100.0
20260731,2412,1,89873,23510162,0.3
20260731,2412,2,157135,321923295,4.14
20260731,2412,3,23619,181893609,2.34
20260731,2412,4,8562,107984587,1.39
20260731,2412,5,5420,97836312,1.26
20260731,2412,6,5936,149263407,1.92
20260731,2412,7,3786,132656707,1.71
20260731,2412,8,2217,100105140,1.29
20260731,2412,9,3815,261743171,3.37
20260731,2412,10,922,125664338,1.61
20260731,2412,11,332,92865731,1.19
20260731,2412,12,125,60732831,0.78
20260731,2412,13,49,34064804,0.43
20260731,2412,14,47,43208729,0.55
20260731,2412,15,294,6023993722,77.65
20260731,2412,16,302132,7757446545,100.0
20260731,2413,1,13491,616631,0.48
20260731,2413,2,10534,20340138,15.97
20260731,2413,3,1087,8860884,6.95
20260731,2413,4,278,3545414,2.78
20260731,2413,5,198,3732202,2.93
20260731,2413,6,111,2859900,2.24
20260731,2413,7,61,2205564,1.73
20260731,2413,8,34,1588060,1.24
20260731,2413,9,59,4140492,3.25
20260731,2413,10,19,2445717,1.92
20260731,2413,11,14,3956085,3.1
20260731,2413,12,9,4557830,3.57
20260731,2413,13,2,1463932,1.14
20260731,2413,14,3,2569000,2.01
20260731,2413,15,14,64477351,50.62
20260731,2413,16,25914,127359200,100.0
20260731,2414,1,6897,722564,0.44
20260731,2414,2,6625,13778661,8.51
20260731,2414,3,1094,8583747,5.3
20260731,2414,4,322,4073877,2.51
20260731,2414,5,211,3864101,2.38
20260731,2414,6,190,4829128,2.98
20260731,2414,7,98,3476838,2.14
20260731,2414,8,70,3200853,1.97
20260731,2414,9,96,6657957,4.11
20260731,2414,10,58,8333631,5.15
20260731,2414,11,36,10208663,6.31
20260731,2414,12,13,6368784,3.93
20260731,2414,13,9,6214037,3.84
20260731,2414,14,3,2936472,1.81
20260731,2414,15,18,78486533,48.52
20260731,2414,16,15740,161735846,100.0
20260731,2415,1,2781,676688,0.75
20260731,2415,2,4906,9606672,10.67
20260731,2415,3,665,4833072,5.37
20260731,2415,4,223,2693440,2.99
20260731,2415,5,105,1883213,2.09
20260731,2415,6,108,2732304,3.03
20260731,2415,7,35,1231425,1.36
20260731,2415,8,18,807867,0.89
20260731,2415,9,41,2777737,3.08
20260731,2415,10,22,2943932,3.27
20260731,2415,11,10,2709791,3.01
20260731,2415,12,6,2974169,3.3
20260731,2415,13,2,1335710,1.48
20260731,2415,14,0,0,0.0
20260731,2415,15,12,52793980,58.65
20260731,2415,16,8934,90000000,100.0
20260731,2417,1,41609,3330618,2.11
20260731,2417,2,16547,32586559,20.72
20260731,2417,3,1771,14059309,8.94
20260731,2417,4,419,5316736,3.38
20260731,2417,5,300,5498593,3.49
20260731,2417,6,219,5671704,3.6
20260731,2417,7,104,3726622,2.37
20260731,2417,8,45,2099544,1.33
20260731,2417,9,93,6589917,4.19
20260731,2417,10,37,5454901,3.46
20260731,2417,11,21,6149802,3.91
20260731,2417,12,3,1487848,0.94
20260731,2417,13,1,706600,0.44
20260731,2417,14,2,1631083,1.03
20260731,2417,15,13,62909028,40.01
20260731,2417,16,61184,157218864,100.0
20260731,2419,1,15975,1714758,0.53
20260731,2419,2,17780,36553950,11.37
20260731,2419,3,2377,19188683,5.97
20260731,2419,4,592,7639632,2.37
20260731,2419,5,438,8198677,2.55
20260731,2419,6,299,7610444,2.36
20260731,2419,7,135,4837205,1.5
20260731,2419,8,88,4061781,1.26
20260731,2419,9,120,8739688,2.71
20260731,2419,10,55,7931503,2.46
20260731,2419,11,26,7209902,2.24
20260731,2419,12,9,4503515,1.4
20260731,2419,13,1,799491,0.24
20260731,2419,14,0,0,0.0
20260731,2419,15,3,202328000,62.96
20260731,2419,16,37898,321317229,100.0
20260731,2420,1,26635,669590,0.43
20260731,2420,2,9127,19485309,12.76
20260731,2420,3,1433,11163098,7.31
20260731,2420,4,383,4919009,3.22
20260731,2420,5,265,4858877,3.18
20260731,2420,6,232,5902733,3.86
20260731,2420,7,118,4313187,2.82
20260731,2420,8,82,3784935,2.47
20260731,2420,9,109,7682668,5.03
20260731,2420,10,42,5949538,3.89
20260731,2420,11,30,8667845,5.67
20260731,2420,12,10,5156566,3.37
20260731,2420,13,7,4704093,3.08
20260731,2420,14,4,3471279,2.27
20260731,2420,15,16,61919961,40.56
20260731,2420,16,38493,152648688,100.0
20260731,2421,1,33567,2786304,0.97
20260731,2421,2,24479,43233563,15.06
20260731,2421,3,2013,15083217,5.25
20260731,2421,4,544,6764774,2.35
20260731,2421,5,273,4984791,1.73
20260731,2421,6,251,6192037,2.15
20260731,2421,7,118,4123091,1.43
20260731,2421,8,74,3395969,1.18
20260731,2421,9,117,8014825,2.79
20260731,2421,10,89,13174611,4.59
20260731,2421,11,56,15835690,5.51
20260731,2421,12,33,16278926,5.67
20260731,2421,13,14,10012471,3.48
20260731,2421,14,7,6360860,2.21
20260731,2421,15,42,130702540,45.54
20260731,2421,16,61677,286943669,100.0
20260731,2423,1,2785,468125,0.32
20260731,2423,2,2515,5179395,3.57
20260731,2423,3,458,3475337,2.39
20260731,2423,4,150,1897316,1.3
20260731,2423,5,84,1479413,1.01
20260731,2423,6,78,1964278,1.35
20260731,2423,7,34,1209970,0.83
20260731,2423,8,35,1603852,1.1
20260731,2423,9,77,5581973,3.84
20260731,2423,10,37,5224243,3.6
20260731,2423,11,27,7515028,5.18
20260731,2423,12,9,4293419,2.96
20260731,2423,13,4,2631709,1.81
20260731,2423,14,2,1668844,1.15
20260731,2423,15,17,100854387,69.53
20260731,2423,16,6312,145047289,100.0
20260731,2424,1,2824,409791,0.68
20260731,2424,2,1109,2314498,3.88
20260731,2424,3,220,1782972,2.99
20260731,2424,4,52,672045,1.12
20260731,2424,5,44,822537,1.38
20260731,2424,6,28,722862,1.21
20260731,2424,7,24,855184,1.43
20260731,2424,8,16,729000,1.22
20260731,2424,9,24,1791432,3.0
20260731,2424,10,5,761600,1.27
20260731,2424,11,2,538000,0.9
20260731,2424,12,0,0,0.0
20260731,2424,13,0,0,0.0
20260731,2424,14,1,1000000,1.67
20260731,2424,15,5,47185079,79.18
20260731,2424,16,4354,59585000,100.0
20260731,2425,1,29182,800362,0.82
20260731,2425,2,9440,18110776,18.76
20260731,2425,3,883,7230957,7.49
20260731,2425,4,195,2514432,2.6
20260731,2425,5,175,3281398,3.4
20260731,2425,6,129,3318523,3.43
20260731,2425,7,46,1639524,1.69
20260731,2425,8,33,1540352,1.59
20260731,2425,9,58,4398947,4.55
20260731,2425,10,23,3167360,3.28
20260731,2425,11,10,3012860,3.12
20260731,2425,12,7,3640018,3.77
20260731,2425,13,8,5346432,5.54
20260731,2425,14,2,1755422,1.81
20260731,2425,15,8,36741468,38.07
20260731,2425,16,40199,96498831,100.0
20260731,2426,1,69910,3718060,1.23
20260731,2426,2,28107,55218151,18.36
20260731,2426,3,3274,26024832,8.65
20260731,2426,4,846,10778592,3.58
20260731,2426,5,542,10006504,3.32
20260731,2426,6,432,11064030,3.68
20260731,2426,7,202,7226931,2.4
20260731,2426,8,129,6093720,2.02
20260731,2426,9,221,16210210,5.39
20260731,2426,10,104,15439344,5.13
20260731,2426,11,41,11255117,3.74
20260731,2426,12,14,7026985,2.33
20260731,2426,13,7,4715327,1.56
20260731,2426,14,6,5203525,1.73
20260731,2426,15,28,110640924,36.8
20260731,2426,16,103863,300622252,100.0
20260731,2427,1,6324,1203530,0.6
20260731,2427,2,12450,26147226,13.2
20260731,2427,3,1943,15912017,8.03
20260731,2427,4,483,6219168,3.14
20260731,2427,5,351,6667086,3.36
20260731,2427,6,221,5702322,2.87
20260731,2427,7,113,4050961,2.04
20260731,2427,8,63,2975320,1.5
20260731,2427,9,129,9202444,4.64
20260731,2427,10,50,6696873,3.38
20260731,2427,11,23,6537520,3.3
20260731,2427,12,5,2397000,1.21
20260731,2427,13,2,1221000,0.61
20260731,2427,14,5,4572618,2.3
20260731,2427,15,4,98494488,49.74
20260731,2427,16,22166,197999573,100.0
20260731,2428,1,6520,987154,0.77
20260731,2428,2,7926,13596705,10.61
20260731,2428,3,523,4156101,3.24
20260731,2428,4,147,1851356,1.44
20260731,2428,5,94,1715361,1.33
20260731,2428,6,63,1647837,1.28
20260731,2428,7,52,1819889,1.42
20260731,2428,8,28,1291093,1.0
20260731,2428,9,64,4476467,3.49
20260731,2428,10,32,4482913,3.49
20260731,2428,11,30,8488475,6.62
20260731,2428,12,13,6230935,4.86
20260731,2428,13,8,5729865,4.47
20260731,2428,14,6,5191529,4.05
20260731,2428,15,14,66447046,51.86
20260731,2428,16,15520,128112726,100.0
20260731,2429,1,19519,452082,0.52
20260731,2429,2,6143,12255158,14.33
20260731,2429,3,854,6746122,7.89
20260731,2429,4,229,2959628,3.46
20260731,2429,5,190,3504174,4.09
20260731,2429,6,129,3326999,3.89
20260731,2429,7,52,1879524,2.19
20260731,2429,8,38,1762869,2.06
20260731,2429,9,82,5877699,6.87
20260731,2429,10,18,2275999,2.66
20260731,2429,11,12,3029553,3.54
20260731,2429,12,2,916000,1.07
20260731,2429,13,2,1295000,1.51
20260731,2429,14,3,2741291,3.2
20260731,2429,15,7,36477902,42.66
20260731,2429,16,27280,85500000,100.0
20260731,2430,1,31535,1650274,1.41
20260731,2430,2,5112,10548819,9.03
20260731,2430,3,783,6029702,5.16
20260731,2430,4,263,3262330,2.79
20260731,2430,5,132,2397277,2.05
20260731,2430,6,125,3103753,2.65
20260731,2430,7,65,2275771,1.94
20260731,2430,8,28,1293918,1.1
20260731,2430,9,54,3801447,3.25
20260731,2430,10,40,5535109,4.73
20260731,2430,11,12,3112023,2.66
20260731,2430,12,9,4518204,3.86
20260731,2430,13,2,1354504,1.15
20260731,2430,14,2,1646454,1.4
20260731,2430,15,11,66270415,56.73
20260731,2430,16,38173,116800000,100.0
20260731,2431,1,42783,593071,0.53
20260731,2431,2,6913,15337582,13.82
20260731,2431,3,1246,10389188,9.36
20260731,2431,4,325,4212086,3.79
20260731,2431,5,309,5862971,5.28
20260731,2431,6,193,5047410,4.55
20260731,2431,7,64,2332678,2.1
20260731,2431,8,62,2891273,2.6
20260731,2431,9,96,7076896,6.37
20260731,2431,10,33,4733602,4.26
20260731,2431,11,20,5703056,5.14
20260731,2431,12,10,4997798,4.5
20260731,2431,13,0,0,0.0
20260731,2431,14,2,1953000,1.76
20260731,2431,15,4,39796403,35.87
20260731,2431,16,52060,110927014,100.0
20260731,2432,1,207,28497,0.04
20260731,2432,2,672,1508031,2.43
20260731,2432,3,153,1307652,2.11
20260731,2432,4,47,605583,0.97
20260731,2432,5,40,746867,1.2
20260731,2432,6,36,948891,1.53
20260731,2432,7,15,515259,0.83
20260731,2432,8,11,531019,0.85
20260731,2432,9,22,1536286,2.48
20260731,2432,10,28,3775804,6.1
20260731,2432,11,8,2468748,3.99
20260731,2432,12,4,2015470,3.25
20260731,2432,13,1,781000,1.26
20260731,2432,14,0,0,0.0
20260731,2432,15,4,45090893,72.89
20260731,2432,16,1248,61860000,100.0
20260731,2433,1,2283,372584,0.25
20260731,2433,2,4504,9583107,6.63
20260731,2433,3,665,5046232,3.49
20260731,2433,4,169,2113713,1.46
20260731,2433,5,98,1757790,1.21
20260731,2433,6,88,2249355,1.55
20260731,2433,7,34,1184332,0.81
20260731,2433,8,20,936215,0.64
20260731,2433,9,36,2562139,1.77
20260731,2433,10,15,2067423,1.43
20260731,2433,11,9,2520724,1.74
20260731,2433,12,4,1695000,1.17
20260731,2433,13,0,0,0.0
20260731,2433,14,0,0,0.0
20260731,2433,15,14,112407397,77.79
20260731,2433,16,7939,144496011,100.0
20260731,2434,1,3747,688730,1.86
20260731,2434,2,1271,2247908,6.07
20260731,2434,3,106,842336,2.27
20260731,2434,4,28,327269,0.88
20260731,2434,5,14,259551,0.7
20260731,2434,6,15,374681,1.01
20260731,2434,7,7,241264,0.65
20260731,2434,8,4,180178,0.48
20260731,2434,9,11,913617,2.46
20260731,2434,10,5,720000,1.94
20260731,2434,11,5,1274693,3.44
20260731,2434,12,1,481576,1.3
20260731,2434,13,0,0,0.0
20260731,2434,14,1,931000,2.51
20260731,2434,15,1,27521197,74.38
20260731,2434,16,0,-4000,-0.01
20260731,2434,17,5216,37000000,100.0
20260731,2436,1,36302,3046971,1.45
20260731,2436,2,30988,58785222,28.15
20260731,2436,3,3026,23745849,11.37
20260731,2436,4,774,9966487,4.77
20260731,2436,5,445,8138888,3.89
20260731,2436,6,349,8863199,4.24
20260731,2436,7,171,6087412,2.91
20260731,2436,8,90,4154223,1.98
20260731,2436,9,171,12414672,5.94
20260731,2436,10,66,8976402,4.29
20260731,2436,11,43,12340628,5.91
20260731,2436,12,15,7299611,3.49
20260731,2436,13,6,4203491,2.01
20260731,2436,14,2,1790166,0.85
20260731,2436,15,20,38979389,18.66
20260731,2436,16,72468,208792610,100.0
20260731,2438,1,22243,1150645,1.61
20260731,2438,2,3015,6148447,8.63
20260731,2438,3,458,3553467,4.99
20260731,2438,4,137,1778508,2.49
20260731,2438,5,88,1622923,2.27
20260731,2438,6,80,2060873,2.89
20260731,2438,7,42,1522770,2.13
20260731,2438,8,12,574392,0.8
20260731,2438,9,37,2685692,3.77
20260731,2438,10,29,4275826,6.0
20260731,2438,11,15,4139145,5.81
20260731,2438,12,4,2101000,2.95
20260731,2438,13,2,1424026,2.0
20260731,2438,14,3,2900000,4.07
20260731,2438,15,12,35257927,49.52
20260731,2438,16,26177,71195641,100.0
20260731,2439,1,35483,1855561,0.73
20260731,2439,2,29151,56664238,22.33
20260731,2439,3,3514,26122636,10.29
20260731,2439,4,1011,12465934,4.91
20260731,2439,5,552,9969117,3.93
20260731,2439,6,465,11515981,4.54
20260731,2439,7,188,6669894,2.62
20260731,2439,8,122,5548041,2.18
20260731,2439,9,189,13036658,5.13
20260731,2439,10,95,12983749,5.11
20260731,2439,11,40,10761043,4.24
20260731,2439,12,21,11223014,4.42
20260731,2439,13,10,6969172,2.74
20260731,2439,14,3,2795206,1.1
20260731,2439,15,23,65064670,25.65
20260731,2439,16,70867,253644914,100.0
20260731,2440,1,3360,724673,0.52
20260731,2440,2,4021,8573402,6.16
20260731,2440,3,627,5062335,3.63
20260731,2440,4,163,2121261,1.52
20260731,2440,5,148,2728064,1.96
20260731,2440,6,114,3035473,2.18
20260731,2440,7,57,2048673,1.47
20260731,2440,8,39,1853447,1.33
20260731,2440,9,75,5355621,3.84
20260731,2440,10,31,4435449,3.18
20260731,2440,11,20,5835492,4.19
20260731,2440,12,3,1442411,1.03
20260731,2440,13,3,2015856,1.44
20260731,2440,14,0,0,0.0
20260731,2440,15,19,93885114,67.48
20260731,2440,16,8680,139117271,100.0
20260731,2441,1,16525,3260158,0.57
20260731,2441,2,38249,70429009,12.38
20260731,2441,3,3198,24944774,4.38
20260731,2441,4,805,10262309,1.8
20260731,2441,5,475,8754847,1.53
20260731,2441,6,379,9622510,1.69
20260731,2441,7,169,6035740,1.06
20260731,2441,8,105,4843681,0.85
20260731,2441,9,175,12382281,2.17
20260731,2441,10,101,14341441,2.52
20260731,2441,11,57,16376057,2.87
20260731,2441,12,20,9602831,1.68
20260731,2441,13,13,9212953,1.61
20260731,2441,14,13,11725761,2.06
20260731,2441,15,40,357051569,62.76
20260731,2441,16,60324,568845921,100.0
20260731,2442,1,33829,1390698,0.42
20260731,2442,2,9964,20719689,6.37
20260731,2442,3,2071,15570351,4.78
20260731,2442,4,796,9801587,3.01
20260731,2442,5,494,8948916,2.75
20260731,2442,6,445,11106375,3.41
20260731,2442,7,210,7411190,2.27
20260731,2442,8,155,7116191,2.18
20260731,2442,9,287,20345001,6.25
20260731,2442,10,137,19232123,5.91
20260731,2442,11,57,15928494,4.89
20260731,2442,12,18,9248351,2.84
20260731,2442,13,10,6867152,2.11
20260731,2442,14,9,8043822,2.47
20260731,2442,15,25,163502081,50.27
20260731,2442,16,48507,325232021,100.0
20260731,2444,1,27933,795679,0.78
20260731,2444,2,5738,12896474,12.69
20260731,2444,3,1110,9267455,9.12
20260731,2444,4,337,4422259,4.35
20260731,2444,5,289,5482081,5.39
20260731,2444,6,213,5588562,5.5
20260731,2444,7,120,4350149,4.28
20260731,2444,8,91,4307943,4.24
20260731,2444,9,139,10003943,9.84
20260731,2444,10,69,9770915,9.61
20260731,2444,11,25,7233414,7.12
20260731,2444,12,8,3797406,3.73
20260731,2444,13,5,3500000,3.44
20260731,2444,14,2,1810860,1.78
20260731,2444,15,5,18342433,18.05
20260731,2444,16,36084,101569573,100.0
20260731,2449,1,129687,20796611,1.7
20260731,2449,2,98395,176294208,14.41
20260731,2449,3,7648,58302203,4.76
20260731,2449,4,2074,26226565,2.14
20260731,2449,5,1138,20777942,1.69
20260731,2449,6,897,22632412,1.85
20260731,2449,7,412,14652892,1.19
20260731,2449,8,251,11594622,0.94
20260731,2449,9,431,30745774,2.51
20260731,2449,10,243,34759886,2.84
20260731,2449,11,153,43487559,3.55
20260731,2449,12,67,33054728,2.7
20260731,2449,13,38,26697256,2.18
20260731,2449,14,26,23981439,1.96
20260731,2449,15,142,678744968,55.5
20260731,2449,16,0,-4000,0.0
20260731,2449,17,241602,1222745065,100.0
20260731,2450,1,6305,1015015,0.39
20260731,2450,2,8959,18097636,7.0
20260731,2450,3,1226,9746586,3.77
20260731,2450,4,324,4196546,1.62
20260731,2450,5,194,3574816,1.38
20260731,2450,6,171,4458832,1.72
20260731,2450,7,98,3444039,1.33
20260731,2450,8,51,2367050,0.91
20260731,2450,9,65,4492668,1.73
20260731,2450,10,30,3834221,1.48
20260731,2450,11,14,3502273,1.35
20260731,2450,12,3,1679144,0.65
20260731,2450,13,1,743420,0.28
20260731,2450,14,1,885962,0.34
20260731,2450,15,14,196214449,75.97
20260731,2450,16,17456,258252657,100.0
20260731,2451,1,19123,3101413,0.71
20260731,2451,2,23841,42197641,9.78
20260731,2451,3,1848,14415795,3.34
20260731,2451,4,525,6707921,1.55
20260731,2451,5,290,5329409,1.23
20260731,2451,6,228,5863820,1.35
20260731,2451,7,118,4213852,0.97
20260731,2451,8,77,3609122,0.83
20260731,2451,9,149,10778186,2.49
20260731,2451,10,89,12600838,2.92
20260731,2451,11,55,15957292,3.69
20260731,2451,12,19,9677318,2.24
20260731,2451,13,7,4698765,1.08
20260731,2451,14,9,8210656,1.9
20260731,2451,15,27,283985647,65.83
20260731,2451,16,0,-2000,0.0
20260731,2451,17,46405,431345675,100.0
20260731,2453,1,13503,507955,0.5
20260731,2453,2,10263,19392825,19.39
20260731,2453,3,1066,8563977,8.56
20260731,2453,4,252,3258867,3.25
20260731,2453,5,190,3553614,3.55
20260731,2453,6,134,3461413,3.46
20260731,2453,7,67,2358573,2.35
20260731,2453,8,53,2467428,2.46
20260731,2453,9,48,3521711,3.52
20260731,2453,10,30,4255122,4.25
20260731,2453,11,7,1905891,1.9
20260731,2453,12,5,2457001,2.45
20260731,2453,13,2,1345801,1.34
20260731,2453,14,3,2655059,2.65
20260731,2453,15,4,40294763,40.29
20260731,2453,16,25627,100000000,100.0
20260731,2454,1,592051,40439515,2.52
20260731,2454,2,44875,75057989,4.67
20260731,2454,3,3038,22226481,1.38
20260731,2454,4,1005,12624602,0.78
20260731,2454,5,579,10313442,0.64
20260731,2454,6,636,15808786,0.98
20260731,2454,7,349,12325981,0.76
20260731,2454,8,237,10717898,0.66
20260731,2454,9,707,50323141,3.13
20260731,2454,10,515,73156402,4.56
20260731,2454,11,333,92541200,5.76
20260731,2454,12,139,67344929,4.19
20260731,2454,13,68,47835050,2.98
20260731,2454,14,50,44876463,2.79
20260731,2454,15,230,1028304528,64.11
20260731,2454,16,0,-1000,0.0
20260731,2454,17,644812,1603895407,100.0
20260731,2455,1,46771,4223220,2.25
20260731,2455,2,20197,33215732,17.71
20260731,2455,3,1065,8174077,4.35
20260731,2455,4,313,3931996,2.09
20260731,2455,5,145,2645983,1.41
20260731,2455,6,149,3785407,2.01
20260731,2455,7,57,2016299,1.07
20260731,2455,8,41,1874595,0.99
20260731,2455,9,96,6877736,3.66
20260731,2455,10,81,11133967,5.93
20260731,2455,11,55,15327085,8.17
20260731,2455,12,19,9758946,5.2
20260731,2455,13,14,9819403,5.23
20260731,2455,14,7,6011762,3.2
20260731,2455,15,32,68713789,36.64
20260731,2455,16,69042,187509997,100.0
20260731,2457,1,62933,2738783,0.64
20260731,2457,2,38163,80613614,18.97
20260731,2457,3,6085,47478310,11.17
20260731,2457,4,2054,26123339,6.14
20260731,2457,5,1139,20955906,4.93
20260731,2457,6,996,25361662,5.97
20260731,2457,7,447,16101568,3.79
20260731,2457,8,226,10457904,2.46
20260731,2457,9,415,29708853,6.99
20260731,2457,10,158,21965279,5.17
20260731,2457,11,61,17304076,4.07
20260731,2457,12,18,8718787,2.05
20260731,2457,13,14,9732458,2.29
20260731,2457,14,4,3595745,0.84
20260731,2457,15,20,103926132,24.46
20260731,2457,16,0,-10000,0.0
20260731,2457,17,112733,424772416,100.0
20260731,2458,1,34599,3298708,1.08
20260731,2458,2,21483,39637640,13.04
20260731,2458,3,1882,14489022,4.76
20260731,2458,4,554,7055192,2.32
20260731,2458,5,291,5370582,1.76
20260731,2458,6,232,5866786,1.93
20260731,2458,7,113,4029400,1.32
20260731,2458,8,84,3911980,1.28
20260731,2458,9,161,11465791,3.77
20260731,2458,10,93,12931858,4.25
20260731,2458,11,47,12865081,4.23
20260731,2458,12,23,11417071,3.75
20260731,2458,13,15,10274068,3.38
20260731,2458,14,12,11200855,3.68
20260731,2458,15,44,150066358,49.38
20260731,2458,16,59633,303880392,100.0
20260731,2459,1,9421,653482,0.61
20260731,2459,2,4324,9311944,8.81
20260731,2459,3,686,5302934,5.02
20260731,2459,4,198,2525831,2.39
20260731,2459,5,137,2494873,2.36
20260731,2459,6,159,4024298,3.81
20260731,2459,7,66,2338299,2.21
20260731,2459,8,42,1917195,1.81
20260731,2459,9,90,6246304,5.91
20260731,2459,10,51,7128687,6.75
20260731,2459,11,29,7528502,7.12
20260731,2459,12,15,7325669,6.93
20260731,2459,13,4,2807541,2.65
20260731,2459,14,2,1686986,1.59
20260731,2459,15,11,44303070,41.95
20260731,2459,16,15235,105595615,100.0
20260731,2460,1,34489,1072970,0.63
20260731,2460,2,8230,16756211,9.9
20260731,2460,3,1157,9340432,5.52
20260731,2460,4,318,4102968,2.42
20260731,2460,5,218,4063945,2.4
20260731,2460,6,189,4805571,2.84
20260731,2460,7,98,3518391,2.07
20260731,2460,8,69,3211152,1.89
20260731,2460,9,103,7225840,4.27
20260731,2460,10,60,8578535,5.07
20260731,2460,11,27,7968744,4.7
20260731,2460,12,7,3383000,1.99
20260731,2460,13,5,3408344,2.01
20260731,2460,14,1,827000,0.48
20260731,2460,15,7,90936897,53.74
20260731,2460,16,44978,169200000,100.0
20260731,2461,1,37439,874498,0.45
20260731,2461,2,9750,21078060,10.98
20260731,2461,3,1578,12725246,6.63
20260731,2461,4,490,6324060,3.29
20260731,2461,5,342,6457905,3.36
20260731,2461,6,307,8044143,4.19
20260731,2461,7,118,4268403,2.22
20260731,2461,8,98,4608986,2.4
20260731,2461,9,156,11382790,5.93
20260731,2461,10,100,14067783,7.33
20260731,2461,11,52,14660366,7.64
20260731,2461,12,19,9516946,4.95
20260731,2461,13,11,7750951,4.03
20260731,2461,14,2,1991259,1.03
20260731,2461,15,27,68136567,35.5
20260731,2461,16,50489,191887963,100.0
20260731,2462,1,16595,1541904,1.02
20260731,2462,2,7414,15338535,10.17
20260731,2462,3,1177,8898826,5.9
20260731,2462,4,348,4379673,2.9
20260731,2462,5,183,3351023,2.22
20260731,2462,6,186,4688203,3.1
20260731,2462,7,84,3026516,2.0
20260731,2462,8,52,2403044,1.59
20260731,2462,9,106,7580309,5.02
20260731,2462,10,48,7016395,4.65
20260731,2462,11,29,8280448,5.49
20260731,2462,12,9,4652462,3.08
20260731,2462,13,3,1934987,1.28
20260731,2462,14,2,1838726,1.21
20260731,2462,15,21,75853431,50.3
20260731,2462,16,26257,150784482,100.0
20260731,2464,1,60442,3864507,1.76
20260731,2464,2,31444,54317323,24.85
20260731,2464,3,2407,18164905,8.31
20260731,2464,4,696,8565583,3.92
20260731,2464,5,320,5884012,2.69
20260731,2464,6,294,7423443,3.39
20260731,2464,7,122,4271638,1.95
20260731,2464,8,85,3888231,1.77
20260731,2464,9,129,9176644,4.19
20260731,2464,10,65,8781673,4.01
20260731,2464,11,29,8399297,3.84
20260731,2464,12,12,6009176,2.75
20260731,2464,13,6,4122261,1.88
20260731,2464,14,3,2717262,1.24
20260731,2464,15,21,72913525,33.37
20260731,2464,16,96075,218499480,100.0
20260731,2465,1,36827,1616711,1.72
20260731,2465,2,9463,17471617,18.59
20260731,2465,3,991,7441510,7.92
20260731,2465,4,320,3995743,4.25
20260731,2465,5,198,3569792,3.79
20260731,2465,6,162,4039604,4.29
20260731,2465,7,87,3042679,3.23
20260731,2465,8,39,1781740,1.89
20260731,2465,9,78,5546108,5.9
20260731,2465,10,38,5302963,5.64
20260731,2465,11,22,5975551,6.36
20260731,2465,12,8,4260507,4.53
20260731,2465,13,3,2104496,2.24
20260731,2465,14,0,0,0.0
20260731,2465,15,3,27797010,29.58
20260731,2465,16,48239,93946031,100.0
20260731,2466,1,1978,276227,0.15
20260731,2466,2,1966,3882445,2.23
20260731,2466,3,251,1979427,1.14
20260731,2466,4,92,1196790,0.68
20260731,2466,5,43,788393,0.45
20260731,2466,6,51,1324438,0.76
20260731,2466,7,26,950618,0.54
20260731,2466,8,15,704774,0.4
20260731,2466,9,24,1801439,1.03
20260731,2466,10,19,2879180,1.65
20260731,2466,11,7,1846786,1.06
20260731,2466,12,8,4014661,2.31
20260731,2466,13,8,5423154,3.12
20260731,2466,14,5,4722177,2.72
20260731,2466,15,34,141668188,81.67
20260731,2466,16,4527,173458697,100.0
20260731,2467,1,38205,2273895,1.4
20260731,2467,2,8843,14489937,8.96
20260731,2467,3,639,4545809,2.81
20260731,2467,4,224,2659053,1.64
20260731,2467,5,94,1632678,1.01
20260731,2467,6,112,2747245,1.69
20260731,2467,7,66,2294889,1.41
20260731,2467,8,40,1813709,1.12
20260731,2467,9,74,5207435,3.22
20260731,2467,10,38,5303700,3.28
20260731,2467,11,30,8626915,5.33
20260731,2467,12,9,4461513,2.76
20260731,2467,13,7,4785653,2.96
20260731,2467,14,8,7143127,4.41
20260731,2467,15,29,93644854,57.93
20260731,2467,16,48418,161630412,100.0
20260731,2468,1,2744,466347,0.66
20260731,2468,2,6861,13089639,18.7
20260731,2468,3,726,5750095,8.21
20260731,2468,4,163,2122398,3.03
20260731,2468,5,96,1766447,2.52
20260731,2468,6,91,2343861,3.35
20260731,2468,7,31,1118905,1.59
20260731,2468,8,20,927588,1.32
20260731,2468,9,41,2916919,4.16
20260731,2468,10,19,2389012,3.41
20260731,2468,11,6,1578475,2.25
20260731,2468,12,1,493082,0.7
20260731,2468,13,0,0,0.0
20260731,2468,14,0,0,0.0
20260731,2468,15,2,34998481,50.02
20260731,2468,16,10801,69961249,100.0
20260731,2471,1,28534,473729,1.0
20260731,2471,2,7014,13551327,28.67
20260731,2471,3,789,6145350,13.0
20260731,2471,4,195,2486559,5.26
20260731,2471,5,127,2341925,4.95
20260731,2471,6,75,1927541,4.07
20260731,2471,7,36,1289651,2.72
20260731,2471,8,18,826438,1.74
20260731,2471,9,41,2642982,5.59
20260731,2471,10,22,3126281,6.61
20260731,2471,11,7,1874008,3.96
20260731,2471,12,9,4201197,8.89
20260731,2471,13,2,1428819,3.02
20260731,2471,14,2,1752234,3.7
20260731,2471,15,1,3185849,6.74
20260731,2471,16,36872,47253890,100.0
20260731,2472,1,17473,2930981,1.77
20260731,2472,2,16243,28133027,17.07
20260731,2472,3,1069,8230141,4.99
20260731,2472,4,290,3664098,2.22
20260731,2472,5,139,2558389,1.55
20260731,2472,6,126,3192679,1.93
20260731,2472,7,41,1465428,0.88
20260731,2472,8,32,1452964,0.88
20260731,2472,9,70,4897703,2.97
20260731,2472,10,26,3845890,2.33
20260731,2472,11,16,4699444,2.85
20260731,2472,12,15,7476406,4.53
20260731,2472,13,6,4124960,2.5
20260731,2472,14,6,5493459,3.33
20260731,2472,15,22,82570568,50.12
20260731,2472,16,0,-1000,0.0
20260731,2472,17,35574,164735137,100.0
20260731,2474,1,21398,4012710,0.74
20260731,2474,2,33101,60456787,11.22
20260731,2474,3,2846,22047874,4.09
20260731,2474,4,846,10822290,2.0
20260731,2474,5,457,8477408,1.57
20260731,2474,6,355,8959622,1.66
20260731,2474,7,177,6344140,1.17
20260731,2474,8,122,5680004,1.05
20260731,2474,9,188,12934726,2.4
20260731,2474,10,112,15210371,2.82
20260731,2474,11,47,13047361,2.42
20260731,2474,12,12,6176891,1.14
20260731,2474,13,15,10496044,1.94
20260731,2474,14,6,5485654,1.01
20260731,2474,15,60,348669186,64.7
20260731,2474,16,59742,538821068,100.0
20260731,2476,1,7630,1322889,0.6
20260731,2476,2,9336,17213992,7.82
20260731,2476,3,1071,8086481,3.67
20260731,2476,4,366,4570732,2.07
20260731,2476,5,227,4073714,1.85
20260731,2476,6,192,4837618,2.19
20260731,2476,7,104,3666716,1.66
20260731,2476,8,69,3160292,1.43
20260731,2476,9,108,7707469,3.5
20260731,2476,10,75,10369997,4.71
20260731,2476,11,25,6864295,3.11
20260731,2476,12,14,6727753,3.05
20260731,2476,13,10,6956916,3.16
20260731,2476,14,3,2656000,1.2
20260731,2476,15,35,131837176,59.91
20260731,2476,16,19265,220052040,100.0
20260731,2477,1,3493,1168156,0.73
20260731,2477,2,4676,9971038,6.28
20260731,2477,3,733,5678381,3.58
20260731,2477,4,225,2863409,1.8
20260731,2477,5,168,3040750,1.91
20260731,2477,6,103,2583419,1.62
20260731,2477,7,57,2054915,1.29
20260731,2477,8,31,1446591,0.91
20260731,2477,9,63,4376154,2.75
20260731,2477,10,32,4379813,2.76
20260731,2477,11,16,4293330,2.7
20260731,2477,12,8,3773906,2.37
20260731,2477,13,5,3313545,2.08
20260731,2477,14,4,3370254,2.12
20260731,2477,15,23,106259583,67.0
20260731,2477,16,9637,158573244,100.0
20260731,2478,1,41994,2092414,1.44
20260731,2478,2,12017,20409793,14.1
20260731,2478,3,751,5848168,4.04
20260731,2478,4,212,2704641,1.86
20260731,2478,5,97,1779378,1.22
20260731,2478,6,83,2182085,1.5
20260731,2478,7,38,1353495,0.93
20260731,2478,8,28,1278739,0.88
20260731,2478,9,65,4688704,3.23
20260731,2478,10,29,4130169,2.85
20260731,2478,11,24,7343514,5.07
20260731,2478,12,16,7578179,5.23
20260731,2478,13,5,3595069,2.48
20260731,2478,14,1,825263,0.57
20260731,2478,15,29,78921728,54.52
20260731,2478,16,55389,144731339,100.0
20260731,2480,1,30783,1783161,1.67
20260731,2480,2,8911,17855671,16.78
20260731,2480,3,1146,8697755,8.17
20260731,2480,4,377,4731746,4.44
20260731,2480,5,231,4102027,3.85
20260731,2480,6,195,4919350,4.62
20260731,2480,7,99,3501344,3.29
20260731,2480,8,64,2930222,2.75
20260731,2480,9,129,9156983,8.6
20260731,2480,10,56,7792059,7.32
20260731,2480,11,28,7848515,7.37
20260731,2480,12,14,7032818,6.61
20260731,2480,13,4,2670058,2.51
20260731,2480,14,5,4424708,4.16
20260731,2480,15,11,18913874,17.78
20260731,2480,16,42053,106360291,100.0
20260731,2481,1,49157,5779496,1.51
20260731,2481,2,38819,66440907,17.38
20260731,2481,3,2440,19079760,4.99
20260731,2481,4,510,6517640,1.7
20260731,2481,5,347,6441848,1.68
20260731,2481,6,243,6261410,1.63
20260731,2481,7,94,3332230,0.87
20260731,2481,8,58,2747892,0.71
20260731,2481,9,115,8036018,2.1
20260731,2481,10,50,7514660,1.96
20260731,2481,11,32,8758245,2.29
20260731,2481,12,8,4065466,1.06
20260731,2481,13,9,6473731,1.69
20260731,2481,14,8,7237721,1.89
20260731,2481,15,54,223427903,58.47
20260731,2481,16,91944,382114927,100.0
20260731,2482,1,29664,926749,1.18
20260731,2482,2,7319,14883194,19.1
20260731,2482,3,927,7303579,9.37
20260731,2482,4,252,3251045,4.17
20260731,2482,5,158,2923771,3.75
20260731,2482,6,128,3339369,4.28
20260731,2482,7,70,2473210,3.17
20260731,2482,8,33,1516357,1.94
20260731,2482,9,76,5180051,6.65
20260731,2482,10,18,2517301,3.23
20260731,2482,11,8,2027523,2.6
20260731,2482,12,3,1608000,2.06
20260731,2482,13,4,2656422,3.41
20260731,2482,14,0,0,0.0
20260731,2482,15,6,27276140,35.02
20260731,2482,16,38666,77882711,100.0
20260731,2483,1,2507,408376,0.37
20260731,2483,2,5451,10240562,9.49
20260731,2483,3,522,4277100,3.96
20260731,2483,4,141,1858978,1.72
20260731,2483,5,89,1672165,1.54
20260731,2483,6,84,2165699,2.0
20260731,2483,7,33,1188846,1.1
20260731,2483,8,33,1529908,1.41
20260731,2483,9,60,4245059,3.93
20260731,2483,10,31,4433639,4.1
20260731,2483,11,15,4371077,4.05
20260731,2483,12,5,2326773,2.15
20260731,2483,13,2,1528373,1.41
20260731,2483,14,2,1831006,1.69
20260731,2483,15,19,65812246,60.99
20260731,2483,16,8994,107889807,100.0
20260731,2484,1,55488,2145561,1.34
20260731,2484,2,30318,54479695,34.17
20260731,2484,3,2491,19988534,12.53
20260731,2484,4,553,7041168,4.41
20260731,2484,5,359,6748366,4.23
20260731,2484,6,283,7347490,4.6
20260731,2484,7,121,4322487,2.71
20260731,2484,8,70,3296153,2.06
20260731,2484,9,107,7601584,4.76
20260731,2484,10,36,4747693,2.97
20260731,2484,11,15,4649657,2.91
20260731,2484,12,7,3321205,2.08
20260731,2484,13,4,2734529,1.71
20260731,2484,14,6,5294132,3.32
20260731,2484,15,13,25702768,16.12
20260731,2484,16,89871,159421022,100.0
20260731,2485,1,74941,4571621,1.43
20260731,2485,2,55624,105862907,33.32
20260731,2485,3,5346,42259349,13.3
20260731,2485,4,1259,16292574,5.12
20260731,2485,5,823,15408192,4.85
20260731,2485,6,513,13312732,4.19
20260731,2485,7,206,7455921,2.34
20260731,2485,8,128,5925816,1.86
20260731,2485,9,206,14782872,4.65
20260731,2485,10,67,9146002,2.87
20260731,2485,11,27,7683126,2.41
20260731,2485,12,10,5047360,1.58
20260731,2485,13,5,3446135,1.08
20260731,2485,14,1,816710,0.25
20260731,2485,15,20,65681720,20.67
20260731,2485,16,0,-4000,0.0
20260731,2485,17,139176,317689037,100.0
20260731,2486,1,52992,3989846,1.65
20260731,2486,2,24653,44722530,18.57
20260731,2486,3,2431,18496945,7.68
20260731,2486,4,737,9216897,3.82
20260731,2486,5,423,7650315,3.17
20260731,2486,6,350,8908394,3.7
20260731,2486,7,188,6735230,2.79
20260731,2486,8,96,4401803,1.82
20260731,2486,9,182,12944272,5.37
20260731,2486,10,99,13473501,5.59
20260731,2486,11,48,13472066,5.59
20260731,2486,12,13,6199683,2.57
20260731,2486,13,8,5543367,2.3
20260731,2486,14,9,8184327,3.39
20260731,2486,15,27,76787734,31.89
20260731,2486,16,82256,240726910,100.0
20260731,2488,1,34987,399407,0.49
20260731,2488,2,4380,9047633,11.3
20260731,2488,3,631,5031238,6.28
20260731,2488,4,176,2283857,2.85
20260731,2488,5,102,1881119,2.35
20260731,2488,6,88,2237481,2.79
20260731,2488,7,40,1410867,1.76
20260731,2488,8,27,1253795,1.56
20260731,2488,9,53,3777134,4.72
20260731,2488,10,24,3433624,4.29
20260731,2488,11,25,7244128,9.05
20260731,2488,12,9,4439600,5.54
20260731,2488,13,0,0,0.0
20260731,2488,14,2,1891000,2.36
20260731,2488,15,13,35668550,44.58
20260731,2488,16,40557,79999433,100.0
20260731,2489,1,48805,11187940,1.83
20260731,2489,2,64300,134203989,22.0
20260731,2489,3,9214,71138948,11.66
20260731,2489,4,2687,33913796,5.55
20260731,2489,5,1641,29706330,4.86
20260731,2489,6,1307,32990959,5.4
20260731,2489,7,550,19627280,3.21
20260731,2489,8,325,14955386,2.45
20260731,2489,9,538,38009664,6.23
20260731,2489,10,185,25581700,4.19
20260731,2489,11,61,16432080,2.69
20260731,2489,12,24,12044408,1.97
20260731,2489,13,14,9832818,1.61
20260731,2489,14,4,3618578,0.59
20260731,2489,15,39,156756124,25.69
20260731,2489,16,129694,610000000,100.0
20260731,2491,1,10010,1614656,1.96
20260731,2491,2,2210,4511701,5.5
20260731,2491,3,287,2278229,2.77
20260731,2491,4,87,1099866,1.34
20260731,2491,5,60,1126960,1.37
20260731,2491,6,51,1320218,1.6
20260731,2491,7,18,654640,0.79
20260731,2491,8,12,571686,0.69
20260731,2491,9,31,2263304,2.75
20260731,2491,10,24,3312493,4.03
20260731,2491,11,10,2590117,3.15
20260731,2491,12,2,1062000,1.29
20260731,2491,13,5,3401000,4.14
20260731,2491,14,2,1877766,2.28
20260731,2491,15,15,54323364,66.24
20260731,2491,16,12824,82008000,100.0
20260731,2492,1,48383,7321100,1.5
20260731,2492,2,34250,58212128,11.99
20260731,2492,3,2037,15586497,3.21
20260731,2492,4,487,6254987,1.28
20260731,2492,5,299,5470580,1.12
20260731,2492,6,234,5986196,1.23
20260731,2492,7,100,3478823,0.71
20260731,2492,8,70,3255929,0.67
20260731,2492,9,122,8640969,1.78
20260731,2492,10,66,9764928,2.01
20260731,2492,11,36,9869073,2.03
20260731,2492,12,14,7044850,1.45
20260731,2492,13,7,4884784,1.0
20260731,2492,14,8,7212194,1.48
20260731,2492,15,41,332221736,68.47
20260731,2492,16,86154,485204774,100.0
20260731,2493,1,33185,1399260,1.1
20260731,2493,2,9533,17833239,14.06
20260731,2493,3,1078,7627292,6.01
20260731,2493,4,432,5178194,4.08
20260731,2493,5,166,2958250,2.33
20260731,2493,6,161,3865535,3.04
20260731,2493,7,89,3055011,2.4
20260731,2493,8,42,1918476,1.51
20260731,2493,9,96,6602273,5.2
20260731,2493,10,28,3735158,2.94
20260731,2493,11,20,5442710,4.29
20260731,2493,12,13,6560619,5.17
20260731,2493,13,6,4060702,3.2
20260731,2493,14,3,2876789,2.26
20260731,2493,15,15,53683121,42.33
20260731,2493,16,44867,126796629,100.0
20260731,2495,1,13326,1147094,0.41
20260731,2495,2,20626,41869085,15.3
20260731,2495,3,2633,21557527,7.88
20260731,2495,4,760,9829045,3.59
20260731,2495,5,491,9293329,3.39
20260731,2495,6,337,8733570,3.19
20260731,2495,7,170,6054222,2.21
20260731,2495,8,115,5357566,1.95
20260731,2495,9,184,13485720,4.92
20260731,2495,10,81,11246692,4.11
20260731,2495,11,31,8764862,3.2
20260731,2495,12,14,7178480,2.62
20260731,2495,13,6,4045036,1.47
20260731,2495,14,7,6480039,2.36
20260731,2495,15,19,118509271,43.32
20260731,2495,16,38800,273551538,100.0
20260731,2496,1,2722,203047,1.06
20260731,2496,2,1184,2301791,12.05
20260731,2496,3,128,931245,4.87
20260731,2496,4,58,708865,3.71
20260731,2496,5,32,568926,2.97
20260731,2496,6,22,545055,2.85
20260731,2496,7,13,451446,2.36
20260731,2496,8,12,554144,2.9
20260731,2496,9,13,932215,4.88
20260731,2496,10,13,1712458,8.96
20260731,2496,11,3,721607,3.77
20260731,2496,12,4,1939251,10.15
20260731,2496,13,0,0,0.0
20260731,2496,14,1,831564,4.35
20260731,2496,15,4,6698826,35.07
20260731,2496,16,4209,19100440,100.0
20260731,2497,1,2930,416258,0.31
20260731,2497,2,7693,14214224,10.85
20260731,2497,3,724,5662191,4.32
20260731,2497,4,209,2656387,2.02
20260731,2497,5,114,2106226,1.6
20260731,2497,6,96,2424901,1.85
20260731,2497,7,41,1478689,1.12
20260731,2497,8,31,1437628,1.09
20260731,2497,9,55,3828892,2.92
20260731,2497,10,30,4204833,3.21
20260731,2497,11,21,5852238,4.47
20260731,2497,12,8,3899936,2.97
20260731,2497,13,5,3484211,2.66
20260731,2497,14,4,3761056,2.87
20260731,2497,15,17,75460006,57.65
20260731,2497,16,11978,130887676,100.0
20260731,2498,1,72562,4364451,0.52
20260731,2498,2,74783,146434302,17.51
20260731,2498,3,9137,72158249,8.62
20260731,2498,4,2713,34938066,4.17
20260731,2498,5,1773,32810948,3.92
20260731,2498,6,1394,36119497,4.31
20260731,2498,7,715,25723639,3.07
20260731,2498,8,434,20085212,2.4
20260731,2498,9,765,54617388,6.53
20260731,2498,10,321,44737110,5.35
20260731,2498,11,135,36584420,4.37
20260731,2498,12,45,22855938,2.73
20260731,2498,13,17,11971861,1.43
20260731,2498,14,12,10369889,1.24
20260731,2498,15,68,282376116,33.77
20260731,2498,16,164874,836147086,100.0
20260731,2501,1,14051,4495302,0.38
20260731,2501,2,21689,48392080,4.17
20260731,2501,3,4320,33682238,2.9
20260731,2501,4,1331,16921084,1.45
20260731,2501,5,874,15841100,1.36
20260731,2501,6,708,17889488,1.54
20260731,2501,7,343,12265697,1.05
20260731,2501,8,230,10619116,0.91
20260731,2501,9,451,32314551,2.78
20260731,2501,10,213,30498518,2.63
20260731,2501,11,130,36186202,3.12
20260731,2501,12,42,20352693,1.75
20260731,2501,13,21,14695383,1.26
20260731,2501,14,23,20871373,1.79
20260731,2501,15,76,844536234,72.83
20260731,2501,16,44502,1159561059,100.0
20260731,2504,1,60239,5319419,0.45
20260731,2504,2,19820,44467640,3.76
20260731,2504,3,4405,33669605,2.85
20260731,2504,4,1458,18256023,1.54
20260731,2504,5,989,17953602,1.52
20260731,2504,6,924,23383248,1.98
20260731,2504,7,403,14197440,1.2
20260731,2504,8,287,13240519,1.12
20260731,2504,9,578,41072280,3.48
20260731,2504,10,302,42022615,3.56
20260731,2504,11,132,37192002,3.15
20260731,2504,12,51,25323039,2.14
20260731,2504,13,25,17732609,1.5
20260731,2504,14,18,15960407,1.35
20260731,2504,15,110,830209552,70.35
20260731,2504,16,89741,1180000000,100.0
20260731,2505,1,15324,2376273,0.62
20260731,2505,2,6065,12880555,3.38
20260731,2505,3,1188,8705048,2.29
20260731,2505,4,402,4975149,1.3
20260731,2505,5,229,4164955,1.09
20260731,2505,6,209,5302513,1.39
20260731,2505,7,100,3554759,0.93
20260731,2505,8,69,3160000,0.83
20260731,2505,9,146,10341211,2.72
20260731,2505,10,87,11851288,3.11
20260731,2505,11,36,10312546,2.71
20260731,2505,12,14,7200999,1.89
20260731,2505,13,9,6140702,1.61
20260731,2505,14,4,3645330,0.95
20260731,2505,15,39,285388672,75.1
20260731,2505,16,23921,380000000,100.0
20260731,2506,1,54326,6603467,1.7
20260731,2506,2,8836,17790511,4.59
20260731,2506,3,1310,9446088,2.44
20260731,2506,4,379,4652650,1.2
20260731,2506,5,197,3548506,0.91
20260731,2506,6,206,5290135,1.36
20260731,2506,7,99,3457114,0.89
20260731,2506,8,69,3269039,0.84
20260731,2506,9,140,9886457,2.55
20260731,2506,10,79,11056342,2.85
20260731,2506,11,46,12856433,3.32
20260731,2506,12,15,7593109,1.96
20260731,2506,13,11,7734887,1.99
20260731,2506,14,5,4482688,1.15
20260731,2506,15,44,279332574,72.17
20260731,2506,16,65762,387000000,100.0
20260731,2509,1,8157,2053464,0.91
20260731,2509,2,6492,13484466,6.0
20260731,2509,3,987,7401541,3.29
20260731,2509,4,322,4140044,1.84
20260731,2509,5,195,3572758,1.59
20260731,2509,6,174,4444426,1.97
20260731,2509,7,100,3577856,1.59
20260731,2509,8,45,2036753,0.9
20260731,2509,9,122,8871910,3.95
20260731,2509,10,57,7855483,3.49
20260731,2509,11,39,10682113,4.75
20260731,2509,12,11,5163051,2.29
20260731,2509,13,5,3471352,1.54
20260731,2509,14,5,4316000,1.92
20260731,2509,15,23,143479313,63.89
20260731,2509,16,16734,224550530,100.0
20260731,2511,1,23606,3103815,0.19
20260731,2511,2,13761,30880840,1.9
20260731,2511,3,3572,27635258,1.7
20260731,2511,4,1427,17721258,1.09
20260731,2511,5,947,17338422,1.06
20260731,2511,6,902,22812242,1.4
20260731,2511,7,449,15955153,0.98
20260731,2511,8,350,16137577,0.99
20260731,2511,9,741,53305784,3.28
20260731,2511,10,366,52420132,3.22
20260731,2511,11,216,60626963,3.73
20260731,2511,12,84,40536853,2.49
20260731,2511,13,37,25441558,1.56
20260731,2511,14,26,23336522,1.43
20260731,2511,15,151,1216073770,74.91
20260731,2511,16,46635,1623326147,100.0
20260731,2514,1,12573,2380721,0.6
20260731,2514,2,3962,8206869,2.07
20260731,2514,3,574,4278074,1.08
20260731,2514,4,162,1982766,0.5
20260731,2514,5,112,2029058,0.51
20260731,2514,6,99,2559585,0.64
20260731,2514,7,56,1983840,0.5
20260731,2514,8,23,1044001,0.26
20260731,2514,9,90,6464440,1.63
20260731,2514,10,54,7412855,1.87
20260731,2514,11,31,8791772,2.22
20260731,2514,12,7,3218138,0.81
20260731,2514,13,10,6855335,1.73
20260731,2514,14,3,2648140,0.67
20260731,2514,15,31,334873684,84.83
20260731,2514,16,17787,394729278,100.0
20260731,2515,1,76721,7556507,0.46
20260731,2515,2,39477,82908723,5.15
20260731,2515,3,10381,71930210,4.47
20260731,2515,4,5058,58772117,3.65
20260731,2515,5,2005,35416837,2.2
20260731,2515,6,2358,56105020,3.48
20260731,2515,7,1147,39376889,2.44
20260731,2515,8,604,27377859,1.7
20260731,2515,9,1195,83210366,5.17
20260731,2515,10,638,86182841,5.35
20260731,2515,11,303,83355663,5.18
20260731,2515,12,109,53652730,3.33
20260731,2515,13,44,30858607,1.91
20260731,2515,14,31,28830646,1.79
20260731,2515,15,118,862370019,53.63
20260731,2515,16,0,-950,0.0
20260731,2515,17,140189,1607904084,100.0
20260731,2516,1,43223,1300863,0.57
20260731,2516,2,4124,8791620,3.88
20260731,2516,3,799,6050568,2.67
20260731,2516,4,283,3529183,1.55
20260731,2516,5,185,3435039,1.51
20260731,2516,6,211,5257616,2.32
20260731,2516,7,97,3459122,1.52
20260731,2516,8,62,2853742,1.26
20260731,2516,9,105,7584815,3.35
20260731,2516,10,73,9949235,4.39
20260731,2516,11,35,9682004,4.27
20260731,2516,12,11,5208411,2.3
20260731,2516,13,4,2691798,1.18
20260731,2516,14,13,12117986,5.35
20260731,2516,15,35,144366455,63.8
20260731,2516,16,49260,226278457,100.0
20260731,2520,1,55914,1689661,0.27
20260731,2520,2,16391,33960562,5.57
20260731,2520,3,3021,21560688,3.53
20260731,2520,4,1242,14993937,2.46
20260731,2520,5,463,8234594,1.35
20260731,2520,6,533,13049038,2.14
20260731,2520,7,250,8695163,1.42
20260731,2520,8,137,6196469,1.01
20260731,2520,9,269,18713540,3.07
20260731,2520,10,146,20354220,3.33
20260731,2520,11,67,18630508,3.05
20260731,2520,12,23,11139457,1.82
20260731,2520,13,12,8391633,1.37
20260731,2520,14,6,5467454,0.89
20260731,2520,15,59,418410186,68.64
20260731,2520,16,78533,609487110,100.0
20260731,2524,1,4181,792598,0.21
20260731,2524,2,2695,5246288,1.43
20260731,2524,3,364,2703190,0.73
20260731,2524,4,112,1386639,0.37
20260731,2524,5,58,1039233,0.28
20260731,2524,6,59,1501589,0.41
20260731,2524,7,38,1319070,0.36
20260731,2524,8,21,948993,0.25
20260731,2524,9,49,3490196,0.95
20260731,2524,10,22,3027382,0.82
20260731,2524,11,12,3418867,0.93
20260731,2524,12,6,3025129,0.82
20260731,2524,13,3,2084059,0.56
20260731,2524,14,1,891509,0.24
20260731,2524,15,27,335108803,91.56
20260731,2524,16,7648,365983545,100.0
20260731,2527,1,2360,409162,0.15
20260731,2527,2,3932,7863098,2.9
20260731,2527,3,590,4731154,1.75
20260731,2527,4,197,2542455,0.94
20260731,2527,5,132,2443944,0.9
20260731,2527,6,133,3427491,1.26
20260731,2527,7,62,2198564,0.81
20260731,2527,8,59,2761405,1.02
20260731,2527,9,96,7116702,2.63
20260731,2527,10,55,8099682,2.99
20260731,2527,11,30,9066046,3.35
20260731,2527,12,13,6465573,2.39
20260731,2527,13,8,5505918,2.03
20260731,2527,14,2,1786000,0.66
20260731,2527,15,13,205888806,76.16
20260731,2527,16,7682,270306000,100.0
20260731,2528,1,3220,544099,0.12
20260731,2528,2,3146,6518200,1.49
20260731,2528,3,769,5635978,1.29
20260731,2528,4,351,4296161,0.98
20260731,2528,5,209,3765746,0.86
20260731,2528,6,196,4770785,1.09
20260731,2528,7,103,3592322,0.82
20260731,2528,8,84,3801937,0.87
20260731,2528,9,139,9769829,2.24
20260731,2528,10,95,13319292,3.05
20260731,2528,11,48,13285495,3.04
20260731,2528,12,21,10404126,2.38
20260731,2528,13,7,4691800,1.07
20260731,2528,14,8,7020400,1.61
20260731,2528,15,48,344580297,79.03
20260731,2528,16,8444,435996467,100.0
20260731,2530,1,23301,1168392,0.13
20260731,2530,2,4889,10622010,1.26
20260731,2530,3,1029,8019372,0.95
20260731,2530,4,391,4936232,0.58
20260731,2530,5,265,4889267,0.58
20260731,2530,6,285,7331653,0.87
20260731,2530,7,156,5616120,0.66
20260731,2530,8,124,5767294,0.68
20260731,2530,9,285,20320440,2.41
20260731,2530,10,158,22552671,2.68
20260731,2530,11,99,27347753,3.25
20260731,2530,12,29,14372395,1.7
20260731,2530,13,10,6981930,0.82
20260731,2530,14,14,13175785,1.56
20260731,2530,15,90,688154417,81.8
20260731,2530,16,31125,841255731,100.0
20260731,2534,1,50461,3092388,0.65
20260731,2534,2,8810,19639636,4.14
20260731,2534,3,1831,13972209,2.94
20260731,2534,4,569,7191698,1.51
20260731,2534,5,415,7471042,1.57
20260731,2534,6,327,8276901,1.74
20260731,2534,7,179,6374836,1.34
20260731,2534,8,124,5706024,1.2
20260731,2534,9,265,19493341,4.11
20260731,2534,10,140,19961671,4.2
20260731,2534,11,71,20355984,4.29
20260731,2534,12,22,11146855,2.35
20260731,2534,13,13,9163821,1.93
20260731,2534,14,12,10567409,2.22
20260731,2534,15,63,311814155,65.75
20260731,2534,16,63302,474227970,100.0
20260731,2535,1,48531,3121564,1.15
20260731,2535,2,11212,23274367,8.59
20260731,2535,3,1831,13736522,5.07
20260731,2535,4,492,6102803,2.25
20260731,2535,5,347,6081577,2.24
20260731,2535,6,263,6665330,2.46
20260731,2535,7,149,5321769,1.96
20260731,2535,8,86,3905168,1.44
20260731,2535,9,173,12500352,4.61
20260731,2535,10,78,11061168,4.08
20260731,2535,11,43,12083745,4.46
20260731,2535,12,24,11501867,4.24
20260731,2535,13,5,3329434,1.22
20260731,2535,14,3,2620663,0.96
20260731,2535,15,34,149487638,55.2
20260731,2535,16,63271,270793967,100.0
20260731,2536,1,3013,480900,0.14
20260731,2536,2,3880,8377268,2.51
20260731,2536,3,747,5935697,1.78
20260731,2536,4,246,3111576,0.93
20260731,2536,5,163,2996669,0.9
20260731,2536,6,161,4205881,1.26
20260731,2536,7,82,2972114,0.89
20260731,2536,8,73,3412786,1.02
20260731,2536,9,166,12410491,3.72
20260731,2536,10,106,14171740,4.25
20260731,2536,11,62,17440727,5.24
20260731,2536,12,17,8546231,2.56
20260731,2536,13,14,9655423,2.9
20260731,2536,14,11,10019985,3.01
20260731,2536,15,40,229071164,68.82
20260731,2536,16,8781,332808652,100.0
20260731,2537,1,30229,877013,0.29
20260731,2537,2,9764,21428222,7.12
20260731,2537,3,1898,15510184,5.16
20260731,2537,4,578,7489991,2.49
20260731,2537,5,437,8213067,2.73
20260731,2537,6,351,9214959,3.06
20260731,2537,7,167,6054569,2.01
20260731,2537,8,111,5230300,1.74
20260731,2537,9,225,16752768,5.57
20260731,2537,10,95,13326413,4.43
20260731,2537,11,53,15301140,5.09
20260731,2537,12,21,10475897,3.48
20260731,2537,13,16,10703540,3.56
20260731,2537,14,6,5170329,1.72
20260731,2537,15,33,154809403,51.5
20260731,2537,16,43984,300557795,100.0
20260731,2538,1,19792,924455,0.2
20260731,2538,2,5369,10879631,2.44
20260731,2538,3,1306,8830496,1.98
20260731,2538,4,655,7584252,1.7
20260731,2538,5,266,4598148,1.03
20260731,2538,6,344,8213349,1.84
20260731,2538,7,203,6895840,1.54
20260731,2538,8,116,5172040,1.16
20260731,2538,9,243,16971465,3.81
20260731,2538,10,133,18272059,4.1
20260731,2538,11,83,22075866,4.96
20260731,2538,12,29,14218719,3.19
20260731,2538,13,21,14815241,3.32
20260731,2538,14,11,9637084,2.16
20260731,2538,15,71,295936850,66.49
20260731,2538,16,28642,445025495,100.0
20260731,2539,1,6415,1490684,0.12
20260731,2539,2,8381,18829146,1.57
20260731,2539,3,1951,14731426,1.23
20260731,2539,4,838,10486177,0.87
20260731,2539,5,433,7729730,0.64
20260731,2539,6,447,11124315,0.93
20260731,2539,7,241,8380846,0.7
20260731,2539,8,143,6440235,0.53
20260731,2539,9,328,23125995,1.93
20260731,2539,10,173,23916452,2.0
20260731,2539,11,100,27177587,2.27
20260731,2539,12,33,15798089,1.32
20260731,2539,13,8,5464736,0.45
20260731,2539,14,12,10904502,0.91
20260731,2539,15,74,1007502661,84.44
20260731,2539,16,19577,1193102581,100.0
20260731,2540,1,7718,1627041,0.17
20260731,2540,2,6848,14671954,1.55
20260731,2540,3,1232,8872308,0.93
20260731,2540,4,410,5153472,0.54
20260731,2540,5,219,3871108,0.4
20260731,2540,6,213,5307068,0.56
20260731,2540,7,115,4049274,0.42
20260731,2540,8,69,3147427,0.33
20260731,2540,9,149,10483886,1.1
20260731,2540,10,84,12014940,1.27
20260731,2540,11,40,11717521,1.24
20260731,2540,12,8,4206162,0.44
20260731,2540,13,12,8213880,0.86
20260731,2540,14,6,5520498,0.58
20260731,2540,15,57,846017426,89.53
20260731,2540,16,17180,944873965,100.0
20260731,2542,1,25624,7309274,0.33
20260731,2542,2,54851,122865633,5.7
20260731,2542,3,13281,96417642,4.47
20260731,2542,4,5408,66677141,3.09
20260731,2542,5,2873,50274271,2.33
20260731,2542,6,2790,68610729,3.18
20260731,2542,7,1409,48675473,2.26
20260731,2542,8,850,38320917,1.77
20260731,2542,9,1563,109556785,5.08
20260731,2542,10,713,97278746,4.51
20260731,2542,11,219,60637314,2.81
20260731,2542,12,70,33895396,1.57
20260731,2542,13,38,26345368,1.22
20260731,2542,14,24,20909415,0.97
20260731,2542,15,111,1305309435,60.62
20260731,2542,16,109824,2153083539,100.0
20260731,2543,1,14073,1796863,0.33
20260731,2543,2,13190,28661612,5.42
20260731,2543,3,2516,19118857,3.61
20260731,2543,4,893,11182784,2.11
20260731,2543,5,561,10093592,1.9
20260731,2543,6,495,12262893,2.32
20260731,2543,7,262,9205977,1.74
20260731,2543,8,171,7724482,1.46
20260731,2543,9,271,18691641,3.53
20260731,2543,10,125,16899692,3.19
20260731,2543,11,46,12942332,2.44
20260731,2543,12,17,8221617,1.55
20260731,2543,13,15,10343080,1.95
20260731,2543,14,5,4297652,0.81
20260731,2543,15,39,357098887,67.56
20260731,2543,16,32679,528541961,100.0
20260731,2545,1,3606,671544,0.17
20260731,2545,2,9979,20317981,5.35
20260731,2545,3,1531,11669764,3.07
20260731,2545,4,544,6787500,1.78
20260731,2545,5,261,4766142,1.25
20260731,2545,6,274,6912194,1.82
20260731,2545,7,122,4332301,1.14
20260731,2545,8,84,3840153,1.01
20260731,2545,9,157,10824071,2.85
20260731,2545,10,78,10669116,2.8
20260731,2545,11,31,8320316,2.19
20260731,2545,12,10,4827194,1.27
20260731,2545,13,4,2837199,0.74
20260731,2545,14,4,3590728,0.94
20260731,2545,15,25,279368605,73.56
20260731,2545,16,16710,379734808,100.0
20260731,2546,1,45453,859247,0.65
20260731,2546,2,6146,12067593,9.24
20260731,2546,3,850,5980497,4.58
20260731,2546,4,312,3853589,2.95
20260731,2546,5,129,2281271,1.74
20260731,2546,6,144,3504910,2.68
20260731,2546,7,58,2010858,1.54
20260731,2546,8,37,1635131,1.25
20260731,2546,9,93,6349044,4.86
20260731,2546,10,30,4116326,3.15
20260731,2546,11,21,6386256,4.89
20260731,2546,12,8,3860340,2.95
20260731,2546,13,0,0,0.0
20260731,2546,14,1,892000,0.68
20260731,2546,15,11,76727131,58.78
20260731,2546,16,53293,130524193,100.0
20260731,2547,1,50281,2239257,0.21
20260731,2547,2,15152,32453291,3.13
20260731,2547,3,3607,27107682,2.61
20260731,2547,4,1728,20987947,2.02
20260731,2547,5,938,16984533,1.64
20260731,2547,6,1051,25944989,2.5
20260731,2547,7,454,15963462,1.54
20260731,2547,8,338,15471816,1.49
20260731,2547,9,700,49938689,4.82
20260731,2547,10,357,49692299,4.8
20260731,2547,11,174,48523219,4.68
20260731,2547,12,46,22687497,2.19
20260731,2547,13,34,23447019,2.26
20260731,2547,14,26,24007391,2.31
20260731,2547,15,80,659645558,63.72
20260731,2547,16,74966,1035094649,100.0
20260731,2548,1,13401,2830256,0.88
20260731,2548,2,20131,38688979,12.1
20260731,2548,3,2673,18984991,5.93
20260731,2548,4,973,11665121,3.64
20260731,2548,5,459,8242544,2.57
20260731,2548,6,425,10395835,3.25
20260731,2548,7,216,7468591,2.33
20260731,2548,8,121,5482633,1.71
20260731,2548,9,238,16431140,5.13
20260731,2548,10,119,16622792,5.19
20260731,2548,11,68,19309888,6.03
20260731,2548,12,29,13882558,4.34
20260731,2548,13,19,12892609,4.03
20260731,2548,14,10,9237261,2.88
20260731,2548,15,44,127583499,39.9
20260731,2548,16,38926,319718697,100.0
20260731,2597,1,6700,1050435,0.33
20260731,2597,2,4896,10225762,3.29
20260731,2597,3,767,5545579,1.78
20260731,2597,4,302,3720029,1.19
20260731,2597,5,172,3036191,0.97
20260731,2597,6,160,4021134,1.29
20260731,2597,7,94,3305562,1.06
20260731,2597,8,46,2082823,0.67
20260731,2597,9,112,7885703,2.53
20260731,2597,10,51,7128714,2.29
20260731,2597,11,37,9874470,3.17
20260731,2597,12,7,3521714,1.13
20260731,2597,13,6,3916230,1.26
20260731,2597,14,3,2645248,0.85
20260731,2597,15,25,242756406,78.12
20260731,2597,16,13378,310716000,100.0
20260731,2601,1,46249,3780116,0.45
20260731,2601,2,46251,105155626,12.74
20260731,2601,3,10079,81998027,9.94
20260731,2601,4,3272,41925636,5.08
20260731,2601,5,2377,44718836,5.42
20260731,2601,6,1919,49634823,6.01
20260731,2601,7,857,30959191,3.75
20260731,2601,8,616,28935967,3.5
20260731,2601,9,1032,73852155,8.95
20260731,2601,10,385,54160944,6.56
20260731,2601,11,167,46923714,5.68
20260731,2601,12,41,19839959,2.4
20260731,2601,13,8,5987919,0.72
20260731,2601,14,19,17501609,2.12
20260731,2601,15,34,219401545,26.6
20260731,2601,16,113306,824776067,100.0
20260731,2603,1,179001,40951773,1.89
20260731,2603,2,105817,196982732,9.09
20260731,2603,3,9883,74658728,3.44
20260731,2603,4,2936,37137931,1.71
20260731,2603,5,1658,30031206,1.38
20260731,2603,6,1418,35532857,1.64
20260731,2603,7,653,23091685,1.06
20260731,2603,8,404,18554928,0.85
20260731,2603,9,751,52976139,2.44
20260731,2603,10,342,48943640,2.26
20260731,2603,11,173,49208743,2.27
20260731,2603,12,86,42120227,1.94
20260731,2603,13,38,26970103,1.24
20260731,2603,14,43,38600313,1.78
20260731,2603,15,185,1449281991,66.94
20260731,2603,16,303388,2165042996,100.0
20260731,2605,1,60063,3125456,0.53
20260731,2605,2,35704,71744014,12.25
20260731,2605,3,4996,38203849,6.52
20260731,2605,4,1551,19482850,3.32
20260731,2605,5,894,16472847,2.81
20260731,2605,6,807,20385305,3.48
20260731,2605,7,334,11886741,2.03
20260731,2605,8,191,8762906,1.49
20260731,2605,9,402,28773539,4.91
20260731,2605,10,180,25647751,4.38
20260731,2605,11,80,22632456,3.86
20260731,2605,12,33,16186534,2.76
20260731,2605,13,11,7360632,1.25
20260731,2605,14,5,4373902,0.74
20260731,2605,15,54,290314515,49.59
20260731,2605,16,105305,585353297,100.0
20260731,2606,1,13068,2383053,0.28
20260731,2606,2,32154,63524325,7.51
20260731,2606,3,3904,30966419,3.66
20260731,2606,4,1050,13494049,1.59
20260731,2606,5,674,12535747,1.48
20260731,2606,6,520,13329709,1.57
20260731,2606,7,257,9242353,1.09
20260731,2606,8,157,7322026,0.86
20260731,2606,9,263,19127030,2.26
20260731,2606,10,115,16181355,1.91
20260731,2606,11,73,20477884,2.42
20260731,2606,12,27,13647354,1.61
20260731,2606,13,9,6191493,0.73
20260731,2606,14,9,8456783,1.0
20260731,2606,15,68,608176132,71.96
20260731,2606,16,52348,845055712,100.0
20260731,2607,1,21866,6376363,1.19
20260731,2607,2,14731,29530262,5.53
20260731,2607,3,1557,11987504,2.24
20260731,2607,4,444,5711200,1.07
20260731,2607,5,248,4505667,0.84
20260731,2607,6,270,6908210,1.29
20260731,2607,7,120,4224908,0.79
20260731,2607,8,103,4861552,0.91
20260731,2607,9,187,13491203,2.52
20260731,2607,10,109,15248529,2.85
20260731,2607,11,62,18008327,3.37
20260731,2607,12,26,12827514,2.4
20260731,2607,13,11,8078921,1.51
20260731,2607,14,17,15737595,2.94
20260731,2607,15,32,376072792,70.48
20260731,2607,16,39783,533570547,100.0
20260731,2608,1,32009,1565209,0.33
20260731,2608,2,16298,32337214,6.92
20260731,2608,3,1996,15456650,3.3
20260731,2608,4,543,6842451,1.46
20260731,2608,5,327,5997708,1.28
20260731,2608,6,250,6296839,1.34
20260731,2608,7,106,3791090,0.81
20260731,2608,8,87,4057265,0.86
20260731,2608,9,151,10786843,2.3
20260731,2608,10,60,8417953,1.8
20260731,2608,11,40,12332259,2.64
20260731,2608,12,14,6695134,1.43
20260731,2608,13,12,8660083,1.85
20260731,2608,14,9,7915341,1.69
20260731,2608,15,34,335848459,71.91
20260731,2608,16,51936,467000498,100.0
20260731,2609,1,90347,17137530,0.49
20260731,2609,2,235548,493007415,14.11
20260731,2609,3,33518,262173138,7.5
20260731,2609,4,9396,120871442,3.46
20260731,2609,5,5651,104680830,2.99
20260731,2609,6,4322,110758573,3.17
20260731,2609,7,1848,66769835,1.91
20260731,2609,8,1178,55055155,1.57
20260731,2609,9,1677,120055116,3.43
20260731,2609,10,569,79033668,2.26
20260731,2609,11,221,61996617,1.77
20260731,2609,12,96,47566765,1.36
20260731,2609,13,39,26919384,0.77
20260731,2609,14,32,28296103,0.81
20260731,2609,15,161,1897782699,54.34
20260731,2609,16,384603,3492104270,100.0
20260731,2610,1,38636,8943282,0.14
20260731,2610,2,147169,327836691,5.33
20260731,2610,3,28540,233978622,3.8
20260731,2610,4,8613,111701364,1.81
20260731,2610,5,6629,124773932,2.03
20260731,2610,6,5234,136806904,2.22
20260731,2610,7,2387,86727517,1.41
20260731,2610,8,1692,79969234,1.3
20260731,2610,9,2954,218354646,3.55
20260731,2610,10,1250,180116391,2.93
20260731,2610,11,422,119439555,1.94
20260731,2610,12,160,78584545,1.27
20260731,2610,13,62,42651001,0.69
20260731,2610,14,57,52216912,0.84
20260731,2610,15,249,4342892962,70.67
20260731,2610,16,0,-5000,0.0
20260731,2610,17,244054,6144988558,100.0
20260731,2611,1,35335,1930118,1.02
20260731,2611,2,11343,24191705,12.79
20260731,2611,3,2000,15214844,8.05
20260731,2611,4,674,8352915,4.41
20260731,2611,5,385,7014754,3.71
20260731,2611,6,304,7734761,4.09
20260731,2611,7,140,5040777,2.66
20260731,2611,8,92,4320800,2.28
20260731,2611,9,150,10027682,5.3
20260731,2611,10,52,7292576,3.85
20260731,2611,11,27,7259949,3.84
20260731,2611,12,8,3892792,2.05
20260731,2611,13,7,4725842,2.5
20260731,2611,14,0,0,0.0
20260731,2611,15,12,82002757,43.38
20260731,2611,16,50529,189002272,100.0
20260731,2612,1,29347,1533194,0.77
20260731,2612,2,6598,13331702,6.75
20260731,2612,3,956,7429250,3.76
20260731,2612,4,274,3433530,1.73
20260731,2612,5,174,3143303,1.59
20260731,2612,6,146,3696980,1.87
20260731,2612,7,74,2674346,1.35
20260731,2612,8,39,1765035,0.89
20260731,2612,9,83,5936470,3.0
20260731,2612,10,39,5576967,2.82
20260731,2612,11,15,3759594,1.9
20260731,2612,12,4,1999000,1.01
20260731,2612,13,5,3450920,1.74
20260731,2612,14,3,2590000,1.31
20260731,2612,15,4,137164302,69.45
20260731,2612,16,37761,197484593,100.0
20260731,2613,1,27821,1167247,0.78
20260731,2613,2,9973,20058682,13.51
20260731,2613,3,1239,9788290,6.59
20260731,2613,4,328,4134816,2.78
20260731,2613,5,230,4314159,2.9
20260731,2613,6,147,3759407,2.53
20260731,2613,7,62,2291611,1.54
20260731,2613,8,47,2203958,1.48
20260731,2613,9,71,5238708,3.52
20260731,2613,10,44,6325202,4.26
20260731,2613,11,20,5894789,3.97
20260731,2613,12,11,5395767,3.63
20260731,2613,13,4,2651394,1.78
20260731,2613,14,2,1763483,1.18
20260731,2613,15,11,73435945,49.47
20260731,2613,16,40010,148423458,100.0
20260731,2614,1,75348,11395504,3.48
20260731,2614,2,19483,40560941,12.39
20260731,2614,3,3303,23238873,7.1
20260731,2614,4,1035,12785908,3.9
20260731,2614,5,497,8698438,2.65
20260731,2614,6,469,11561237,3.53
20260731,2614,7,244,8353932,2.55
20260731,2614,8,151,6863860,2.09
20260731,2614,9,271,18620112,5.68
20260731,2614,10,121,16820922,5.13
20260731,2614,11,44,12388149,3.78
20260731,2614,12,11,4951636,1.51
20260731,2614,13,7,5095246,1.55
20260731,2614,14,6,5478639,1.67
20260731,2614,15,20,140451549,42.91
20260731,2614,16,101010,327264946,100.0
20260731,2615,1,37901,7661874,0.27
20260731,2615,2,58791,115487957,4.11
20260731,2615,3,7183,53661775,1.91
20260731,2615,4,2216,27687423,0.98
20260731,2615,5,1190,21603973,0.76
20260731,2615,6,933,23544868,0.83
20260731,2615,7,403,14245094,0.5
20260731,2615,8,267,12245294,0.43
20260731,2615,9,477,33843578,1.2
20260731,2615,10,234,32935569,1.17
20260731,2615,11,108,30157762,1.07
20260731,2615,12,59,28868074,1.02
20260731,2615,13,24,17192917,0.61
20260731,2615,14,27,24211700,0.86
20260731,2615,15,162,2362798435,84.2
20260731,2615,16,109975,2806146293,100.0
20260731,2616,1,195354,2220972,1.61
20260731,2616,2,16608,28023927,20.41
20260731,2616,3,1433,10996538,8.01
20260731,2616,4,394,4920607,3.58
20260731,2616,5,230,4182495,3.04
20260731,2616,6,186,4709251,3.43
20260731,2616,7,73,2605978,1.89
20260731,2616,8,41,1901926,1.38
20260731,2616,9,77,5290745,3.85
20260731,2616,10,40,5490705,3.99
20260731,2616,11,21,5909795,4.3
20260731,2616,12,3,1263908,0.92
20260731,2616,13,0,0,0.0
20260731,2616,14,4,3475892,2.53
20260731,2616,15,9,56289088,41.0
20260731,2616,16,214473,137281827,100.0
20260731,2617,1,4230,704621,0.16
20260731,2617,2,19587,40489845,9.7
20260731,2617,3,2722,22073411,5.28
20260731,2617,4,751,9787662,2.34
20260731,2617,5,525,9884184,2.36
20260731,2617,6,354,9152194,2.19
20260731,2617,7,182,6604433,1.58
20260731,2617,8,139,6433029,1.54
20260731,2617,9,250,18416351,4.41
20260731,2617,10,122,17347850,4.15
20260731,2617,11,48,13565734,3.25
20260731,2617,12,22,10595825,2.53
20260731,2617,13,8,5362777,1.28
20260731,2617,14,5,4517164,1.08
20260731,2617,15,25,242359407,58.07
20260731,2617,16,28970,417294487,100.0
20260731,2618,1,65279,11596919,0.21
20260731,2618,2,107332,225561347,4.17
20260731,2618,3,17736,140963620,2.61
20260731,2618,4,5453,69439784,1.28
20260731,2618,5,3529,65375551,1.21
20260731,2618,6,3096,79441610,1.47
20260731,2618,7,1456,52401959,0.97
20260731,2618,8,999,46784459,0.86
20260731,2618,9,1719,125042622,2.31
20260731,2618,10,778,111493717,2.06
20260731,2618,11,383,106443261,1.97
20260731,2618,12,137,66640624,1.23
20260731,2618,13,98,67831249,1.25
20260731,2618,14,48,43858891,0.81
20260731,2618,15,368,4187568722,77.54
20260731,2618,16,208411,5400444335,100.0
20260731,2630,1,5667,1054430,0.5
20260731,2630,2,14862,28284139,13.5
20260731,2630,3,1450,11890248,5.67
20260731,2630,4,338,4415895,2.1
20260731,2630,5,231,4359860,2.08
20260731,2630,6,152,3967379,1.89
20260731,2630,7,84,3053003,1.45
20260731,2630,8,43,2049157,0.97
20260731,2630,9,85,6257932,2.98
20260731,2630,10,27,3972978,1.89
20260731,2630,11,15,4111507,1.96
20260731,2630,12,4,1881248,0.89
20260731,2630,13,2,1503000,0.71
20260731,2630,14,2,1849872,0.88
20260731,2630,15,5,130787556,62.44
20260731,2630,16,22967,209438204,100.0
20260731,2633,1,19313,2880066,0.05
20260731,2633,2,59123,133193313,2.36
20260731,2633,3,12760,102188088,1.81
20260731,2633,4,4343,55671832,0.98
20260731,2633,5,3113,57779722,1.02
20260731,2633,6,2364,60886525,1.08
20260731,2633,7,1344,49180927,0.87
20260731,2633,8,770,36058445,0.64
20260731,2633,9,1412,102652706,1.82
20260731,2633,10,590,83424959,1.48
20260731,2633,11,228,63144257,1.12
20260731,2633,12,87,44112195,0.78
20260731,2633,13,40,28200426,0.5
20260731,2633,14,31,28384169,0.5
20260731,2633,15,140,4780535428,84.93
20260731,2633,16,105658,5628293058,100.0
20260731,2634,1,25752,4026565,0.42
20260731,2634,2,71397,139617174,14.82
20260731,2634,3,8558,70036529,7.43
20260731,2634,4,2203,28558756,3.03
20260731,2634,5,1692,31973993,3.39
20260731,2634,6,1198,31176104,3.31
20260731,2634,7,541,19598442,2.08
20260731,2634,8,403,18985766,2.01
20260731,2634,9,768,55310763,5.87
20260731,2634,10,336,44677730,4.74
20260731,2634,11,71,20132136,2.13
20260731,2634,12,21,9918035,1.05
20260731,2634,13,11,7547240,0.8
20260731,2634,14,4,3680440,0.39
20260731,2634,15,37,456627428,48.48
20260731,2634,16,112992,941867101,100.0
20260731,2636,1,38203,1215882,0.85
20260731,2636,2,14957,28876659,20.35
20260731,2636,3,1556,11810115,8.32
20260731,2636,4,469,5934191,4.18
20260731,2636,5,248,4533619,3.19
20260731,2636,6,225,5670951,3.99
20260731,2636,7,86,3000492,2.11
20260731,2636,8,48,2250963,1.58
20260731,2636,9,82,5823576,4.1
20260731,2636,10,52,7212624,5.08
20260731,2636,11,22,6217509,4.38
20260731,2636,12,9,4617479,3.25
20260731,2636,13,5,3525524,2.48
20260731,2636,14,2,1718979,1.21
20260731,2636,15,17,49426667,34.84
20260731,2636,16,55981,141835230,100.0
20260731,2637,1,6560,1134164,0.15
20260731,2637,2,15995,29657073,3.97
20260731,2637,3,1654,12688374,1.69
20260731,2637,4,499,6300025,0.84
20260731,2637,5,279,5125196,0.68
20260731,2637,6,291,7359771,0.98
20260731,2637,7,145,5099168,0.68
20260731,2637,8,104,4826245,0.64
20260731,2637,9,217,15219152,2.03
20260731,2637,10,140,19266497,2.58
20260731,2637,11,75,21488744,2.87
20260731,2637,12,27,12908702,1.72
20260731,2637,13,26,17757238,2.37
20260731,2637,14,9,7935519,1.06
20260731,2637,15,85,579643331,77.65
20260731,2637,16,26106,746409199,100.0
20260731,2642,1,8743,1628644,1.7
20260731,2642,2,9790,18132763,18.99
20260731,2642,3,787,6125591,6.41
20260731,2642,4,192,2464113,2.58
20260731,2642,5,119,2237038,2.34
20260731,2642,6,77,1912374,2.0
20260731,2642,7,23,828600,0.86
20260731,2642,8,22,1006237,1.05
20260731,2642,9,25,1749442,1.83
20260731,2642,10,8,929851,0.97
20260731,2642,11,3,806847,0.84
20260731,2642,12,0,0,0.0
20260731,2642,13,0,0,0.0
20260731,2642,14,0,0,0.0
20260731,2642,15,7,57645500,60.38
20260731,2642,16,19796,95467000,100.0
20260731,2645,1,11465,1621517,0.43
20260731,2645,2,11050,18572572,4.95
20260731,2645,3,764,6136929,1.63
20260731,2645,4,205,2659842,0.71
20260731,2645,5,112,2060958,0.55
20260731,2645,6,82,2153897,0.57
20260731,2645,7,47,1703724,0.45
20260731,2645,8,47,2131178,0.56
20260731,2645,9,60,4531700,1.2
20260731,2645,10,37,5395887,1.44
20260731,2645,11,37,10935518,2.91
20260731,2645,12,8,3845016,1.02
20260731,2645,13,7,5250996,1.4
20260731,2645,14,4,3556558,0.94
20260731,2645,15,16,304014670,81.16
20260731,2645,16,23941,374570962,100.0
20260731,2646,1,40606,6786483,0.22
20260731,2646,2,163760,321642558,10.69
20260731,2646,3,19927,159260153,5.29
20260731,2646,4,5986,76061790,2.52
20260731,2646,5,3577,66683214,2.21
20260731,2646,6,3147,80195953,2.66
20260731,2646,7,1415,50753899,1.68
20260731,2646,8,908,42203836,1.4
20260731,2646,9,1396,101424972,3.37
20260731,2646,10,533,73922719,2.45
20260731,2646,11,194,54351307,1.8
20260731,2646,12,51,25182915,0.83
20260731,2646,13,10,7255745,0.24
20260731,2646,14,20,17969784,0.59
20260731,2646,15,56,1925039672,63.98
20260731,2646,16,241586,3008735000,100.0
20260731,2701,1,9146,1702509,0.37
20260731,2701,2,3782,8446886,1.87
20260731,2701,3,884,6415304,1.42
20260731,2701,4,312,3839753,0.85
20260731,2701,5,172,3079078,0.68
20260731,2701,6,140,3455952,0.76
20260731,2701,7,89,3112401,0.69
20260731,2701,8,54,2497465,0.55
20260731,2701,9,143,10307920,2.29
20260731,2701,10,60,8706118,1.93
20260731,2701,11,32,9367370,2.08
20260731,2701,12,8,4048970,0.89
20260731,2701,13,4,2939086,0.65
20260731,2701,14,2,1813033,0.4
20260731,2701,15,24,380235993,84.5
20260731,2701,16,14852,449967838,100.0
20260731,2702,1,6866,1583843,1.01
20260731,2702,2,4130,8667873,5.53
20260731,2702,3,671,4750381,3.03
20260731,2702,4,287,3464654,2.21
20260731,2702,5,148,2591583,1.65
20260731,2702,6,126,3074264,1.96
20260731,2702,7,68,2391362,1.52
20260731,2702,8,33,1480990,0.94
20260731,2702,9,74,5178474,3.3
20260731,2702,10,35,4558548,2.91
20260731,2702,11,11,3416827,2.18
20260731,2702,12,1,420250,0.26
20260731,2702,13,2,1412354,0.9
20260731,2702,14,0,0,0.0
20260731,2702,15,15,113621846,72.54
20260731,2702,16,12467,156613249,100.0
20260731,2704,1,25816,887767,0.24
20260731,2704,2,3794,7381838,2.01
20260731,2704,3,452,3450187,0.94
20260731,2704,4,107,1401683,0.38
20260731,2704,5,79,1457675,0.39
20260731,2704,6,79,2016082,0.54
20260731,2704,7,48,1709939,0.46
20260731,2704,8,28,1296368,0.35
20260731,2704,9,72,5499818,1.49
20260731,2704,10,55,7748102,2.11
20260731,2704,11,34,9459684,2.57
20260731,2704,12,14,6746788,1.83
20260731,2704,13,9,6063302,1.65
20260731,2704,14,6,5821341,1.58
20260731,2704,15,42,305982769,83.39
20260731,2704,16,30635,366923343,100.0
20260731,2705,1,72461,3286630,1.71
20260731,2705,2,8636,16181568,8.45
20260731,2705,3,1014,7551345,3.94
20260731,2705,4,279,3476099,1.81
20260731,2705,5,184,3356903,1.75
20260731,2705,6,160,4093310,2.13
20260731,2705,7,75,2665982,1.39
20260731,2705,8,49,2228370,1.16
20260731,2705,9,95,6943443,3.62
20260731,2705,10,56,7939882,4.15
20260731,2705,11,24,6515290,3.4
20260731,2705,12,11,5548710,2.9
20260731,2705,13,6,4352416,2.27
20260731,2705,14,3,2713118,1.41
20260731,2705,15,23,114459764,59.82
20260731,2705,16,83076,191312830,100.0
20260731,2706,1,9409,2138449,0.42
20260731,2706,2,4950,10376924,2.07
20260731,2706,3,748,5780403,1.15
20260731,2706,4,260,3282071,0.65
20260731,2706,5,155,2815772,0.56
20260731,2706,6,164,4127025,0.82
20260731,2706,7,94,3350696,0.67
20260731,2706,8,60,2707125,0.54
20260731,2706,9,176,12439358,2.48
20260731,2706,10,85,12315911,2.46
20260731,2706,11,48,13425254,2.68
20260731,2706,12,15,7151719,1.43
20260731,2706,13,10,6426246,1.28
20260731,2706,14,6,5488316,1.09
20260731,2706,15,26,408173077,81.63
20260731,2706,16,16206,499998346,100.0
20260731,2707,1,7664,1373506,1.07
20260731,2707,2,8735,16353661,12.83
20260731,2707,3,944,7342507,5.76
20260731,2707,4,234,2964996,2.32
20260731,2707,5,152,2781964,2.18
20260731,2707,6,120,3017050,2.36
20260731,2707,7,58,2077956,1.63
20260731,2707,8,26,1213609,0.95
20260731,2707,9,68,4629933,3.63
20260731,2707,10,23,2923831,2.29
20260731,2707,11,16,4885368,3.83
20260731,2707,12,7,3318856,2.6
20260731,2707,13,3,2144357,1.68
20260731,2707,14,3,2620665,2.05
20260731,2707,15,4,69754979,54.75
20260731,2707,16,18057,127403238,100.0
20260731,2712,1,502,37994,0.03
20260731,2712,2,1248,2447204,2.33
20260731,2712,3,151,1187093,1.13
20260731,2712,4,42,525948,0.5
20260731,2712,5,21,383215,0.36
20260731,2712,6,11,266000,0.25
20260731,2712,7,9,309346,0.29
20260731,2712,8,7,321592,0.3
20260731,2712,9,13,925879,0.88
20260731,2712,10,10,1334118,1.27
20260731,2712,11,8,1909494,1.81
20260731,2712,12,2,1103166,1.05
20260731,2712,13,3,2174981,2.07
20260731,2712,14,1,861482,0.82
20260731,2712,15,13,91212488,86.86
20260731,2712,16,2041,105000000,100.0
20260731,2722,1,1974,277533,0.19
20260731,2722,2,2325,4386470,3.06
20260731,2722,3,349,2516812,1.75
20260731,2722,4,98,1180008,0.82
20260731,2722,5,63,1121871,0.78
20260731,2722,6,52,1232032,0.86
20260731,2722,7,22,735580,0.51
20260731,2722,8,16,726988,0.5
20260731,2722,9,28,1997877,1.39
20260731,2722,10,16,2245297,1.56
20260731,2722,11,6,1906252,1.33
20260731,2722,12,3,1388841,0.97
20260731,2722,13,5,3549825,2.47
20260731,2722,14,2,1875917,1.31
20260731,2722,15,21,118028393,82.43
20260731,2722,16,4980,143169696,100.0
20260731,2723,1,2578,431577,0.23
20260731,2723,2,5231,10776041,5.98
20260731,2723,3,788,6077417,3.37
20260731,2723,4,263,3374706,1.87
20260731,2723,5,188,3464013,1.92
20260731,2723,6,155,4006782,2.22
20260731,2723,7,83,2979814,1.65
20260731,2723,8,54,2469936,1.37
20260731,2723,9,101,7109629,3.94
20260731,2723,10,53,7345454,4.08
20260731,2723,11,29,8677284,4.82
20260731,2723,12,10,4917383,2.73
20260731,2723,13,4,2839867,1.57
20260731,2723,14,5,4603337,2.55
20260731,2723,15,18,110926760,61.62
20260731,2723,16,9560,180000000,100.0
20260731,2727,1,138722,2317439,2.79
20260731,2727,2,9972,15871750,19.13
20260731,2727,3,576,4258643,5.13
20260731,2727,4,181,2274862,2.74
20260731,2727,5,104,1886763,2.27
20260731,2727,6,93,2304411,2.77
20260731,2727,7,48,1697389,2.04
20260731,2727,8,27,1199985,1.44
20260731,2727,9,66,4608214,5.55
20260731,2727,10,45,6494250,7.83
20260731,2727,11,29,8017318,9.66
20260731,2727,12,17,8265861,9.96
20260731,2727,13,3,2021746,2.43
20260731,2727,14,9,7923869,9.55
20260731,2727,15,7,13800609,16.63
20260731,2727,16,0,-3000,0.0
20260731,2727,17,149899,82940109,100.0
20260731,2731,1,18573,1181407,1.26
20260731,2731,2,10447,18874119,20.23
20260731,2731,3,949,7379705,7.91
20260731,2731,4,269,3371907,3.61
20260731,2731,5,161,2963503,3.17
20260731,2731,6,120,3089163,3.31
20260731,2731,7,48,1715853,1.83
20260731,2731,8,35,1601152,1.71
20260731,2731,9,61,4078850,4.37
20260731,2731,10,27,3671687,3.93
20260731,2731,11,18,5330456,5.71
20260731,2731,12,6,2969598,3.18
20260731,2731,13,3,2014000,2.15
20260731,2731,14,4,3564717,3.82
20260731,2731,15,9,31471622,33.73
20260731,2731,16,30730,93277739,100.0
20260731,2739,1,1496,331698,0.36
20260731,2739,2,3249,6368392,6.95
20260731,2739,3,395,3104314,3.39
20260731,2739,4,122,1555443,1.69
20260731,2739,5,60,1102546,1.2
20260731,2739,6,77,1960740,2.14
20260731,2739,7,32,1171070,1.27
20260731,2739,8,15,707065,0.77
20260731,2739,9,37,2591694,2.83
20260731,2739,10,23,3402670,3.71
20260731,2739,11,7,1766762,1.93
20260731,2739,12,4,1985670,2.16
20260731,2739,13,2,1414833,1.54
20260731,2739,14,2,1821655,1.99
20260731,2739,15,12,62241448,68.0
20260731,2739,16,5533,91526000,100.0
20260731,2748,1,2065,390841,0.36
20260731,2748,2,6306,12350671,11.67
20260731,2748,3,735,5536148,5.23
20260731,2748,4,215,2717308,2.56
20260731,2748,5,131,2397971,2.26
20260731,2748,6,106,2709073,2.56
20260731,2748,7,65,2327514,2.2
20260731,2748,8,29,1348818,1.27
20260731,2748,9,52,3760287,3.55
20260731,2748,10,36,5310581,5.02
20260731,2748,11,9,2491702,2.35
20260731,2748,12,2,1020000,0.96
20260731,2748,13,1,666411,0.63
20260731,2748,14,1,925913,0.87
20260731,2748,15,1,61825502,58.44
20260731,2748,16,9754,105778740,100.0
20260731,2753,1,6698,873172,1.31
20260731,2753,2,4542,7896815,11.84
20260731,2753,3,385,2988788,4.48
20260731,2753,4,106,1361852,2.04
20260731,2753,5,90,1643591,2.46
20260731,2753,6,66,1649748,2.47
20260731,2753,7,38,1376792,2.06
20260731,2753,8,24,1098815,1.64
20260731,2753,9,51,3769809,5.65
20260731,2753,10,21,2725585,4.08
20260731,2753,11,17,4613380,6.92
20260731,2753,12,5,2294100,3.44
20260731,2753,13,5,3552692,5.33
20260731,2753,14,2,1778340,2.66
20260731,2753,15,8,29021317,43.54
20260731,2753,16,12058,66644796,100.0
20260731,2762,1,3258,169169,0.15
20260731,2762,2,2315,3907481,3.47
20260731,2762,3,195,1527240,1.35
20260731,2762,4,55,707000,0.62
20260731,2762,5,38,690508,0.61
20260731,2762,6,33,835325,0.74
20260731,2762,7,22,798096,0.7
20260731,2762,8,13,616000,0.54
20260731,2762,9,23,1537497,1.36
20260731,2762,10,14,2209950,1.96
20260731,2762,11,8,2339167,2.07
20260731,2762,12,6,2882177,2.56
20260731,2762,13,2,1439958,1.27
20260731,2762,14,2,1833531,1.62
20260731,2762,15,13,91006901,80.89
20260731,2762,16,5997,112500000,100.0
20260731,2801,1,88357,16427493,0.13
20260731,2801,2,97302,220106110,1.87
20260731,2801,3,30475,221282929,1.88
20260731,2801,4,14795,179189633,1.52
20260731,2801,5,8564,151876453,1.29
20260731,2801,6,8784,213642921,1.81
20260731,2801,7,4705,163940187,1.39
20260731,2801,8,2742,123539742,1.04
20260731,2801,9,6243,435459181,3.7
20260731,2801,10,3426,468225433,3.97
20260731,2801,11,1502,412181972,3.5
20260731,2801,12,394,190247888,1.61
20260731,2801,13,195,135050159,1.14
20260731,2801,14,120,107663017,0.91
20260731,2801,15,566,8727213135,74.17
20260731,2801,16,268170,11766046253,100.0
20260731,2812,1,70742,12275682,0.2
20260731,2812,2,90723,209112171,3.47
20260731,2812,3,29483,213814721,3.55
20260731,2812,4,15059,185995468,3.08
20260731,2812,5,8629,150963590,2.5
20260731,2812,6,9078,223398667,3.7
20260731,2812,7,4804,166665929,2.76
20260731,2812,8,2919,131616279,2.18
20260731,2812,9,5964,417445119,6.93
20260731,2812,10,2939,402064368,6.67
20260731,2812,11,1185,322344196,5.35
20260731,2812,12,322,156295522,2.59
20260731,2812,13,132,91713027,1.52
20260731,2812,14,60,53520260,0.88
20260731,2812,15,240,3284400922,54.54
20260731,2812,16,242279,6021625921,100.0
20260731,2816,1,6809,1167275,0.52
20260731,2816,2,2864,5796600,2.59
20260731,2816,3,513,3981965,1.78
20260731,2816,4,183,2277966,1.01
20260731,2816,5,116,2134313,0.95
20260731,2816,6,93,2354686,1.05
20260731,2816,7,46,1624132,0.72
20260731,2816,8,40,1845224,0.82
20260731,2816,9,91,6313137,2.82
20260731,2816,10,47,6792183,3.03
20260731,2816,11,38,10886952,4.86
20260731,2816,12,12,5942072,2.65
20260731,2816,13,5,3365573,1.5
20260731,2816,14,2,1770114,0.79
20260731,2816,15,13,167355808,74.84
20260731,2816,16,10872,223608000,100.0
20260731,2820,1,36353,3435881,0.25
20260731,2820,2,22170,52550741,3.91
20260731,2820,3,6398,51841415,3.86
20260731,2820,4,2349,29732850,2.21
20260731,2820,5,1850,34104695,2.53
20260731,2820,6,1618,41208087,3.06
20260731,2820,7,710,25597861,1.9
20260731,2820,8,574,26922664,2.0
20260731,2820,9,986,73418782,5.46
20260731,2820,10,430,60964084,4.53
20260731,2820,11,191,54369882,4.04
20260731,2820,12,52,25394867,1.89
20260731,2820,13,21,14696823,1.09
20260731,2820,14,11,9723564,0.72
20260731,2820,15,64,838997804,62.47
20260731,2820,16,73777,1342960000,100.0
20260731,2832,1,12509,1742131,0.68
20260731,2832,2,4485,10264578,4.04
20260731,2832,3,1017,7474499,2.94
20260731,2832,4,409,5107256,2.01
20260731,2832,5,199,3468577,1.36
20260731,2832,6,213,5158434,2.03
20260731,2832,7,123,4319890,1.7
20260731,2832,8,84,3775669,1.48
20260731,2832,9,159,11287614,4.45
20260731,2832,10,87,12559550,4.95
20260731,2832,11,42,12086680,4.76
20260731,2832,12,17,8610860,3.39
20260731,2832,13,7,4698983,1.85
20260731,2832,14,5,4454460,1.75
20260731,2832,15,22,158531099,62.52
20260731,2832,16,19378,253540280,100.0
20260731,2834,1,118303,22350063,0.22
20260731,2834,2,137464,313904938,3.23
20260731,2834,3,44766,321728133,3.31
20260731,2834,4,25538,314735009,3.23
20260731,2834,5,11767,207372079,2.13
20260731,2834,6,14606,357527889,3.67
20260731,2834,7,6873,238440241,2.45
20260731,2834,8,4494,201643875,2.07
20260731,2834,9,9165,639486663,6.58
20260731,2834,10,4735,645079576,6.63
20260731,2834,11,1907,522017789,5.37
20260731,2834,12,525,255289611,2.62
20260731,2834,13,257,177431333,1.82
20260731,2834,14,121,108992446,1.12
20260731,2834,15,447,5392062204,55.48
20260731,2834,16,380968,9718061849,100.0
20260731,2836,1,13221,2883837,0.15
20260731,2836,2,11833,25726724,1.39
20260731,2836,3,4759,32214892,1.75
20260731,2836,4,1596,19009452,1.03
20260731,2836,5,798,13867813,0.75
20260731,2836,6,870,21151133,1.14
20260731,2836,7,458,15679164,0.85
20260731,2836,8,313,14042574,0.76
20260731,2836,9,556,38373783,2.08
20260731,2836,10,291,39667998,2.15
20260731,2836,11,145,39749948,2.16
20260731,2836,12,59,29455761,1.6
20260731,2836,13,23,15785252,0.85
20260731,2836,14,10,9015587,0.48
20260731,2836,15,83,1523293067,82.79
20260731,2836,16,35015,1839916985,100.0
20260731,2838,1,15893,3891913,0.08
20260731,2838,2,18722,41435787,0.95
20260731,2838,3,4829,35297142,0.81
20260731,2838,4,2533,30915779,0.71
20260731,2838,5,1613,28413360,0.65
20260731,2838,6,2065,48213444,1.11
20260731,2838,7,744,25765397,0.59
20260731,2838,8,483,21556318,0.49
20260731,2838,9,839,58352962,1.34
20260731,2838,10,422,57586135,1.32
20260731,2838,11,203,55307466,1.27
20260731,2838,12,72,34650802,0.79
20260731,2838,13,31,21493562,0.49
20260731,2838,14,25,22349045,0.51
20260731,2838,15,128,3855322667,88.82
20260731,2838,16,48602,4340551779,100.0
20260731,2845,1,26555,6560684,0.13
20260731,2845,2,36466,86214182,1.77
20260731,2845,3,12400,89210558,1.83
20260731,2845,4,6630,80993311,1.66
20260731,2845,5,3951,69220940,1.42
20260731,2845,6,4647,112629290,2.31
20260731,2845,7,2197,75801310,1.55
20260731,2845,8,1404,62996618,1.29
20260731,2845,9,2783,194743953,4.0
20260731,2845,10,1602,220673393,4.53
20260731,2845,11,761,208280463,4.28
20260731,2845,12,220,106869777,2.19
20260731,2845,13,99,67333008,1.38
20260731,2845,14,71,63462588,1.3
20260731,2845,15,239,3420294656,70.29
20260731,2845,16,100025,4865284731,100.0
20260731,2849,1,6308,1096531,0.05
20260731,2849,2,2513,5038067,0.25
20260731,2849,3,609,4293622,0.21
20260731,2849,4,123,1536665,0.07
20260731,2849,5,79,1429409,0.07
20260731,2849,6,74,1881453,0.09
20260731,2849,7,29,1019910,0.05
20260731,2849,8,21,972623,0.04
20260731,2849,9,44,3186635,0.16
20260731,2849,10,25,3633783,0.18
20260731,2849,11,20,5271674,0.26
20260731,2849,12,7,3585252,0.18
20260731,2849,13,6,4110452,0.2
20260731,2849,14,2,1772343,0.09
20260731,2849,15,42,1918780930,98.01
20260731,2849,16,9902,1957609349,100.0
20260731,2850,1,5975,1055600,0.33
20260731,2850,2,8592,17640583,5.58
20260731,2850,3,1479,11577797,3.66
20260731,2850,4,469,5904920,1.86
20260731,2850,5,305,5628198,1.78
20260731,2850,6,294,7388697,2.33
20260731,2850,7,141,4999023,1.58
20260731,2850,8,111,5180759,1.63
20260731,2850,9,184,13011936,4.11
20260731,2850,10,96,13341985,4.22
20260731,2850,11,55,15731873,4.97
20260731,2850,12,21,10305869,3.26
20260731,2850,13,17,11853075,3.75
20260731,2850,14,13,11461763,3.62
20260731,2850,15,42,180881222,57.24
20260731,2850,16,17794,315963300,100.0
20260731,2851,1,4970,889113,0.11
20260731,2851,2,15394,33083144,4.13
20260731,2851,3,3494,27101193,3.38
20260731,2851,4,1275,16193073,2.02
20260731,2851,5,778,14243296,1.77
20260731,2851,6,748,19033980,2.37
20260731,2851,7,392,14015793,1.75
20260731,2851,8,270,12515559,1.56
20260731,2851,9,448,32125272,4.01
20260731,2851,10,239,33645122,4.2
20260731,2851,11,117,32255550,4.02
20260731,2851,12,39,19152682,2.39
20260731,2851,13,17,11975489,1.49
20260731,2851,14,11,9865475,1.23
20260731,2851,15,52,524294009,65.5
20260731,2851,16,28244,800388750,100.0
20260731,2852,1,13223,580166,0.19
20260731,2852,2,5909,12785533,4.24
20260731,2852,3,1186,9637622,3.2
20260731,2852,4,481,6113992,2.03
20260731,2852,5,325,5986927,1.98
20260731,2852,6,283,7235568,2.4
20260731,2852,7,155,5540388,1.83
20260731,2852,8,112,5199572,1.72
20260731,2852,9,199,14500099,4.81
20260731,2852,10,128,18144807,6.02
20260731,2852,11,61,17115889,5.68
20260731,2852,12,20,9996943,3.31
20260731,2852,13,19,12880802,4.27
20260731,2852,14,15,13109386,4.35
20260731,2852,15,53,162336090,53.9
20260731,2852,16,22169,301163784,100.0
20260731,2855,1,25170,3384140,0.21
20260731,2855,2,23262,49792099,3.1
20260731,2855,3,5219,38460165,2.4
20260731,2855,4,2200,27054989,1.68
20260731,2855,5,1082,19169609,1.19
20260731,2855,6,1228,30685828,1.91
20260731,2855,7,580,20346740,1.27
20260731,2855,8,392,17780670,1.11
20260731,2855,9,831,58743600,3.66
20260731,2855,10,449,62680305,3.91
20260731,2855,11,222,62416994,3.89
20260731,2855,12,79,38945528,2.43
20260731,2855,13,30,20775210,1.29
20260731,2855,14,24,21700762,1.35
20260731,2855,15,105,1129517839,70.53
20260731,2855,16,0,-40000,0.0
20260731,2855,17,60873,1601414478,100.0
20260731,2867,1,15518,3924084,0.06
20260731,2867,2,25699,63076461,1.06
20260731,2867,3,8890,66072112,1.11
20260731,2867,4,3828,46540638,0.78
20260731,2867,5,2418,43350683,0.73
20260731,2867,6,2611,64098225,1.08
20260731,2867,7,1360,47625697,0.8
20260731,2867,8,956,43494556,0.73
20260731,2867,9,2000,140633467,2.38
20260731,2867,10,1033,143394914,2.43
20260731,2867,11,481,133949944,2.27
20260731,2867,12,182,88577816,1.5
20260731,2867,13,79,54642775,0.92
20260731,2867,14,57,51054241,0.86
20260731,2867,15,252,4909075431,83.21
20260731,2867,16,0,-10000,0.0
20260731,2867,17,65364,5899501044,100.0
20260731,2880,1,225621,22276582,0.16
20260731,2880,2,158758,314938515,2.26
20260731,2880,3,34025,233806094,1.68
20260731,2880,4,17492,208837602,1.5
20260731,2880,5,7980,138122573,0.99
20260731,2880,6,8947,215008507,1.54
20260731,2880,7,4688,161098647,1.15
20260731,2880,8,2708,120650539,0.86
20260731,2880,9,5648,388985924,2.79
20260731,2880,10,2947,396721469,2.85
20260731,2880,11,1121,303062783,2.17
20260731,2880,12,319,153842839,1.1
20260731,2880,13,138,92726102,0.66
20260731,2880,14,102,91092445,0.65
20260731,2880,15,566,11075794468,79.58
20260731,2880,16,471060,13916965089,100.0
20260731,2881,1,144686,34213708,0.24
20260731,2881,2,168746,350489333,2.5
20260731,2881,3,33940,238715341,1.7
20260731,2881,4,13853,169672751,1.21
20260731,2881,5,6487,111563197,0.79
20260731,2881,6,6638,162207786,1.15
20260731,2881,7,3059,105166193,0.75
20260731,2881,8,1811,80601617,0.57
20260731,2881,9,3413,234696785,1.67
20260731,2881,10,1600,219921357,1.57
20260731,2881,11,689,190534065,1.36
20260731,2881,12,266,130552967,0.93
20260731,2881,13,149,103125410,0.73
20260731,2881,14,86,77497848,0.55
20260731,2881,15,501,11798406594,84.23
20260731,2881,16,385924,14007364952,100.0
20260731,2882,1,138923,34030633,0.23
20260731,2882,2,191543,404953340,2.76
20260731,2882,3,37595,270181946,1.84
20260731,2882,4,14693,179000229,1.22
20260731,2882,5,6857,120214944,0.81
20260731,2882,6,7164,174531805,1.18
20260731,2882,7,3421,118250158,0.8
20260731,2882,8,2017,90561292,0.61
20260731,2882,9,3757,259396378,1.76
20260731,2882,10,1752,239208451,1.63
20260731,2882,11,813,224015412,1.52
20260731,2882,12,322,159157323,1.08
20260731,2882,13,165,114015284,0.77
20260731,2882,14,96,86771119,0.59
20260731,2882,15,670,12194921814,83.13
20260731,2882,16,409788,14669210128,100.0
20260731,2883,1,242929,33248776,0.19
20260731,2883,2,283007,578214603,3.4
20260731,2883,3,79418,532986822,3.13
20260731,2883,4,43745,504182415,2.97
20260731,2883,5,18304,312562568,1.84
20260731,2883,6,23293,548391990,3.23
20260731,2883,7,11586,389545256,2.29
20260731,2883,8,6381,281363034,1.65
20260731,2883,9,12564,841222076,4.95
20260731,2883,10,5694,747122410,4.4
20260731,2883,11,2410,646969773,3.81
20260731,2883,12,610,294136257,1.73
20260731,2883,13,295,201718638,1.18
20260731,2883,14,181,161901052,0.95
20260731,2883,15,852,10901281370,64.22
20260731,2883,16,731269,16974847040,100.0
20260731,2884,1,157180,37448708,0.23
20260731,2884,2,267052,581377866,3.59
20260731,2884,3,67250,472971523,2.92
20260731,2884,4,31391,379939481,2.34
20260731,2884,5,13870,240888632,1.48
20260731,2884,6,15523,377079491,2.32
20260731,2884,7,7584,261557082,1.61
20260731,2884,8,4693,210717561,1.3
20260731,2884,9,9426,647292128,3.99
20260731,2884,10,4335,584450095,3.6
20260731,2884,11,1908,523317489,3.23
20260731,2884,12,634,309186679,1.9
20260731,2884,13,324,222162031,1.37
20260731,2884,14,200,179013523,1.1
20260731,2884,15,880,11164597711,68.95
20260731,2884,16,582250,16192000000,100.0
20260731,2885,1,190027,28739525,0.21
20260731,2885,2,170799,360471061,2.7
20260731,2885,3,41987,290382977,2.17
20260731,2885,4,19480,234049376,1.75
20260731,2885,5,7599,131813113,0.98
20260731,2885,6,8573,207280529,1.55
20260731,2885,7,3937,135859330,1.01
20260731,2885,8,2110,94689343,0.71
20260731,2885,9,4322,293736639,2.2
20260731,2885,10,1975,264589236,1.98
20260731,2885,11,846,232689716,1.74
20260731,2885,12,304,149549601,1.12
20260731,2885,13,152,105195168,0.78
20260731,2885,14,110,98811615,0.74
20260731,2885,15,690,10703292717,80.28
20260731,2885,16,452911,13331149946,100.0
20260731,2886,1,136898,30900709,0.2
20260731,2886,2,210618,440014554,2.96
20260731,2886,3,52216,359873925,2.42
20260731,2886,4,22447,266005770,1.79
20260731,2886,5,8475,146147648,0.98
20260731,2886,6,9468,227694410,1.53
20260731,2886,7,4203,144257699,0.97
20260731,2886,8,2370,105787051,0.71
20260731,2886,9,4388,299173624,2.01
20260731,2886,10,1847,243959263,1.64
20260731,2886,11,659,178391547,1.2
20260731,2886,12,173,84597058,0.57
20260731,2886,13,113,78115228,0.52
20260731,2886,14,67,59940408,0.4
20260731,2886,15,465,12168519388,82.03
20260731,2886,16,454407,14833378282,100.0
20260731,2887,1,235094,59071569,0.23
20260731,2887,2,260750,597145534,2.4
20260731,2887,3,79381,575951449,2.31
20260731,2887,4,38280,469602091,1.88
20260731,2887,5,20766,364248732,1.46
20260731,2887,6,23027,560622755,2.25
20260731,2887,7,12322,427346430,1.71
20260731,2887,8,7409,332878127,1.33
20260731,2887,9,14392,1001948814,4.02
20260731,2887,10,7197,979452461,3.93
20260731,2887,11,3157,860180155,3.45
20260731,2887,12,969,466765434,1.87
20260731,2887,13,445,306183861,1.23
20260731,2887,14,278,247770948,0.99
20260731,2887,15,1295,17617230870,70.84
20260731,2887,16,704762,24866399230,100.0
20260731,2889,1,114755,13714331,0.37
20260731,2889,2,64867,138271138,3.8
20260731,2889,3,16770,118223710,3.25
20260731,2889,4,8479,102488104,2.82
20260731,2889,5,3805,66098704,1.81
20260731,2889,6,4194,102050963,2.8
20260731,2889,7,1941,66800837,1.83
20260731,2889,8,1056,47524880,1.3
20260731,2889,9,1839,126033571,3.46
20260731,2889,10,747,99333661,2.73
20260731,2889,11,261,71177800,1.95
20260731,2889,12,76,37864259,1.04
20260731,2889,13,51,34996734,0.96
20260731,2889,14,23,20908588,0.57
20260731,2889,15,213,2588076191,71.22
20260731,2889,16,219077,3633563471,100.0
20260731,2890,1,175289,24913344,0.17
20260731,2890,2,171446,354232072,2.44
20260731,2890,3,42797,298030818,2.05
20260731,2890,4,20612,248206299,1.71
20260731,2890,5,9277,160644487,1.1
20260731,2890,6,10649,258647779,1.78
20260731,2890,7,5379,184736160,1.27
20260731,2890,8,2962,132592517,0.91
20260731,2890,9,5833,400872418,2.76
20260731,2890,10,2788,377792132,2.6
20260731,2890,11,1187,327057405,2.25
20260731,2890,12,379,184876114,1.27
20260731,2890,13,224,154997898,1.06
20260731,2890,14,142,127648295,0.88
20260731,2890,15,827,11257074537,77.67
20260731,2890,16,449791,14492322275,100.0
20260731,2891,1,201448,31925425,0.16
20260731,2891,2,252798,541886167,2.75
20260731,2891,3,57066,434105827,2.2
20260731,2891,4,22418,278241483,1.41
20260731,2891,5,13335,238999687,1.21
20260731,2891,6,12612,312274662,1.58
20260731,2891,7,6140,215011703,1.09
20260731,2891,8,4031,183497108,0.93
20260731,2891,9,7250,508399536,2.58
20260731,2891,10,3259,446158622,2.26
20260731,2891,11,1409,391742180,1.99
20260731,2891,12,489,236454680,1.2
20260731,2891,13,265,181278285,0.92
20260731,2891,14,156,140782843,0.71
20260731,2891,15,964,15536240173,78.95
20260731,2891,16,0,-100000,0.0
20260731,2891,17,583640,19676898381,100.0
20260731,2892,1,117286,26763708,0.18
20260731,2892,2,179697,398950285,2.77
20260731,2892,3,55609,391924022,2.72
20260731,2892,4,29158,352176640,2.44
20260731,2892,5,13471,233963930,1.62
20260731,2892,6,15050,364031794,2.53
20260731,2892,7,7400,255638978,1.77
20260731,2892,8,4543,203526705,1.41
20260731,2892,9,9470,648499577,4.5
20260731,2892,10,4979,665782049,4.63
20260731,2892,11,1845,506937831,3.52
20260731,2892,12,551,267088408,1.85
20260731,2892,13,250,171852531,1.19
20260731,2892,14,138,123557597,0.85
20260731,2892,15,746,9768783800,67.93
20260731,2892,16,0,-9205,0.0
20260731,2892,17,440193,14379468650,100.0
20260731,2897,1,3534,692995,0.02
20260731,2897,2,12945,31090713,1.1
20260731,2897,3,4405,38351427,1.36
20260731,2897,4,2314,27649433,0.98
20260731,2897,5,1180,22336274,0.79
20260731,2897,6,1139,29720425,1.05
20260731,2897,7,620,22420258,0.79
20260731,2897,8,416,19702259,0.7
20260731,2897,9,866,64615439,2.3
20260731,2897,10,457,64982235,2.31
20260731,2897,11,266,75316706,2.68
20260731,2897,12,113,56010050,1.99
20260731,2897,13,54,37876822,1.35
20260731,2897,14,28,25246538,0.89
20260731,2897,15,165,2289346304,81.6
20260731,2897,16,28502,2805357878,100.0
20260731,2901,1,11514,1352851,1.85
20260731,2901,2,1891,3382969,4.63
20260731,2901,3,142,1018100,1.39
20260731,2901,4,35,445209,0.6
20260731,2901,5,24,427134,0.58
20260731,2901,6,26,648221,0.88
20260731,2901,7,13,452196,0.61
20260731,2901,8,8,364000,0.49
20260731,2901,9,23,1621990,2.22
20260731,2901,10,18,2409997,3.29
20260731,2901,11,10,3076948,4.21
20260731,2901,12,8,3831661,5.24
20260731,2901,13,1,795000,1.08
20260731,2901,14,1,912000,1.24
20260731,2901,15,10,52305007,71.6
20260731,2901,16,13724,73043283,100.0
20260731,2903,1,26095,5332592,0.37
20260731,2903,2,22429,48708203,3.43
20260731,2903,3,4698,35224025,2.48
20260731,2903,4,1709,21197412,1.49
20260731,2903,5,848,15384382,1.08
20260731,2903,6,815,20456138,1.44
20260731,2903,7,402,14289855,1.0
20260731,2903,8,264,12171863,0.85
20260731,2903,9,505,36307929,2.56
20260731,2903,10,247,34961787,2.46
20260731,2903,11,124,36221854,2.55
20260731,2903,12,43,20887925,1.47
20260731,2903,13,20,13601425,0.95
20260731,2903,14,14,12688811,0.89
20260731,2903,15,83,1089506388,76.89
20260731,2903,16,58296,1416940589,100.0
20260731,2904,1,12064,638842,0.82
20260731,2904,2,3507,7533582,9.67
20260731,2904,3,679,5155551,6.62
20260731,2904,4,265,3294965,4.23
20260731,2904,5,143,2559676,3.28
20260731,2904,6,102,2581770,3.31
20260731,2904,7,48,1684119,2.16
20260731,2904,8,44,1988064,2.55
20260731,2904,9,62,4090180,5.25
20260731,2904,10,21,3093090,3.97
20260731,2904,11,11,3085974,3.96
20260731,2904,12,3,1720179,2.21
20260731,2904,13,2,1358000,1.74
20260731,2904,14,0,0,0.0
20260731,2904,15,4,39050440,50.17
20260731,2904,16,16955,77834432,100.0
20260731,2905,1,12307,2922378,0.26
20260731,2905,2,9567,20964581,1.88
20260731,2905,3,2311,16825120,1.51
20260731,2905,4,934,11332225,1.02
20260731,2905,5,537,9445843,0.85
20260731,2905,6,526,12999982,1.17
20260731,2905,7,262,9074443,0.81
20260731,2905,8,162,7352909,0.66
20260731,2905,9,376,26731328,2.4
20260731,2905,10,203,28248165,2.54
20260731,2905,11,100,28586238,2.57
20260731,2905,12,33,15910633,1.43
20260731,2905,13,17,11745603,1.05
20260731,2905,14,14,12151421,1.09
20260731,2905,15,66,896080834,80.7
20260731,2905,16,27415,1110371703,100.0
20260731,2906,1,9129,2368964,1.13
20260731,2906,2,6381,13711646,6.55
20260731,2906,3,1106,8538948,4.08
20260731,2906,4,341,4268027,2.04
20260731,2906,5,243,4434725,2.12
20260731,2906,6,201,5160034,2.46
20260731,2906,7,103,3647160,1.74
20260731,2906,8,74,3450353,1.64
20260731,2906,9,134,9658805,4.61
20260731,2906,10,61,8665082,4.14
20260731,2906,11,35,9664686,4.62
20260731,2906,12,13,6360313,3.04
20260731,2906,13,5,3365455,1.6
20260731,2906,14,3,2618722,1.25
20260731,2906,15,14,123203728,58.91
20260731,2906,16,17843,209116648,100.0
20260731,2908,1,6224,1061960,0.2
20260731,2908,2,3400,7041788,1.38
20260731,2908,3,599,4265678,0.83
20260731,2908,4,261,3073520,0.6
20260731,2908,5,114,2028963,0.39
20260731,2908,6,107,2573468,0.5
20260731,2908,7,60,2067546,0.4
20260731,2908,8,42,1895607,0.37
20260731,2908,9,59,4302735,0.84
20260731,2908,10,30,4002427,0.78
20260731,2908,11,26,7783084,1.52
20260731,2908,12,12,5742282,1.12
20260731,2908,13,5,3313037,0.64
20260731,2908,14,4,3716608,0.72
20260731,2908,15,33,457018855,89.63
20260731,2908,16,10976,509887558,100.0
20260731,2910,1,997,74314,0.04
20260731,2910,2,264,486323,0.27
20260731,2910,3,32,242759,0.13
20260731,2910,4,13,161890,0.09
20260731,2910,5,6,108697,0.06
20260731,2910,6,10,222780,0.12
20260731,2910,7,5,180856,0.1
20260731,2910,8,1,42000,0.02
20260731,2910,9,8,566026,0.32
20260731,2910,10,6,801379,0.45
20260731,2910,11,11,3051570,1.73
20260731,2910,12,3,1483274,0.84
20260731,2910,13,2,1473000,0.83
20260731,2910,14,4,3508000,1.99
20260731,2910,15,31,163000132,92.92
20260731,2910,16,1393,175403000,100.0
20260731,2911,1,30709,3282367,3.12
20260731,2911,2,6746,14150527,13.46
20260731,2911,3,1282,8998395,8.55
20260731,2911,4,433,5197961,4.94
20260731,2911,5,172,3019784,2.87
20260731,2911,6,156,3829963,3.64
20260731,2911,7,64,2218349,2.11
20260731,2911,8,53,2402242,2.28
20260731,2911,9,69,4721262,4.49
20260731,2911,10,37,5022123,4.77
20260731,2911,11,14,4310385,4.1
20260731,2911,12,7,3424184,3.25
20260731,2911,13,1,624780,0.59
20260731,2911,14,1,813952,0.77
20260731,2911,15,10,43109725,41.0
20260731,2911,16,39754,105125999,100.0
20260731,2912,1,39124,6990269,0.67
20260731,2912,2,26387,48640115,4.67
20260731,2912,3,2371,17982148,1.72
20260731,2912,4,601,7526914,0.72
20260731,2912,5,332,6016242,0.57
20260731,2912,6,290,7315050,0.7
20260731,2912,7,152,5353700,0.51
20260731,2912,8,84,3870307,0.37
20260731,2912,9,187,13081459,1.25
20260731,2912,10,114,16260357,1.56
20260731,2912,11,71,19625798,1.88
20260731,2912,12,36,17134042,1.64
20260731,2912,13,29,19867436,1.91
20260731,2912,14,10,8846594,0.85
20260731,2912,15,69,841111824,80.9
20260731,2912,16,69857,1039622255,100.0
20260731,2913,1,74172,8447390,1.06
20260731,2913,2,28875,62207809,7.87
20260731,2913,3,5317,42397755,5.36
20260731,2913,4,1577,20208710,2.55
20260731,2913,5,1161,21753235,2.75
20260731,2913,6,945,24443692,3.09
20260731,2913,7,461,16648052,2.1
20260731,2913,8,321,15115271,1.91
20260731,2913,9,587,43009315,5.44
20260731,2913,10,308,45308484,5.73
20260731,2913,11,124,35514072,4.49
20260731,2913,12,56,27327039,3.45
20260731,2913,13,26,17477701,2.21
20260731,2913,14,18,16547935,2.09
20260731,2913,15,53,393593540,49.82
20260731,2913,16,114001,790000000,100.0
20260731,2915,1,23106,5782891,0.52
20260731,2915,2,25913,54540818,4.93
20260731,2915,3,4752,36361715,3.29
20260731,2915,4,1677,21201053,1.91
20260731,2915,5,1003,18198133,1.64
20260731,2915,6,965,24370750,2.2
20260731,2915,7,471,16680857,1.51
20260731,2915,8,343,15855532,1.43
20260731,2915,9,693,49472266,4.47
20260731,2915,10,372,52842942,4.78
20260731,2915,11,159,44840129,4.06
20260731,2915,12,49,23208716,2.1
20260731,2915,13,34,23288836,2.1
20260731,2915,14,19,17010866,1.54
20260731,2915,15,83,700663268,63.44
20260731,2915,16,59639,1104318772,100.0
20260731,2923,1,3813,747819,0.04
20260731,2923,2,1186,2207988,0.12
20260731,2923,3,92,686442,0.03
20260731,2923,4,14,175822,0.01
20260731,2923,5,17,314000,0.01
20260731,2923,6,8,188000,0.01
20260731,2923,7,4,139339,0.0
20260731,2923,8,6,279232,0.01
20260731,2923,9,12,845157,0.04
20260731,2923,10,6,970080,0.05
20260731,2923,11,3,819830,0.04
20260731,2923,12,2,992468,0.05
20260731,2923,13,2,1405260,0.08
20260731,2923,14,1,864423,0.04
20260731,2923,15,11,1729661122,99.38
20260731,2923,16,5177,1740296982,100.0
20260731,2929,1,43206,574191,0.52
20260731,2929,2,4690,10797044,9.86
20260731,2929,3,1159,9130970,8.33
20260731,2929,4,421,5273369,4.81
20260731,2929,5,273,5038146,4.6
20260731,2929,6,300,7578283,6.92
20260731,2929,7,125,4458521,4.07
20260731,2929,8,88,4075107,3.72
20260731,2929,9,146,10090979,9.21
20260731,2929,10,87,12072160,11.02
20260731,2929,11,25,6494145,5.93
20260731,2929,12,6,2866550,2.61
20260731,2929,13,3,2099584,1.91
20260731,2929,14,2,1718000,1.56
20260731,2929,15,6,27226789,24.86
20260731,2929,16,50537,109493838,100.0
20260731,2939,1,6288,21351,0.04
20260731,2939,2,512,1052264,2.31
20260731,2939,3,93,717140,1.57
20260731,2939,4,40,518528,1.13
20260731,2939,5,21,383445,0.84
20260731,2939,6,21,553608,1.21
20260731,2939,7,19,677263,1.48
20260731,2939,8,8,379088,0.83
20260731,2939,9,25,1939139,4.25
20260731,2939,10,15,2052000,4.5
20260731,2939,11,10,2599900,5.7
20260731,2939,12,4,1919000,4.21
20260731,2939,13,6,4235000,9.29
20260731,2939,14,2,1980000,4.34
20260731,2939,15,15,26520939,58.22
20260731,2939,16,7079,45548665,100.0
20260731,2945,1,919,111364,0.16
20260731,2945,2,1802,3243575,4.8
20260731,2945,3,202,1570336,2.32
20260731,2945,4,46,559688,0.82
20260731,2945,5,35,641135,0.94
20260731,2945,6,26,661011,0.97
20260731,2945,7,9,327000,0.48
20260731,2945,8,15,688100,1.01
20260731,2945,9,21,1439731,2.13
20260731,2945,10,9,1306699,1.93
20260731,2945,11,2,598444,0.88
20260731,2945,12,0,0,0.0
20260731,2945,13,0,0,0.0
20260731,2945,14,0,0,0.0
20260731,2945,15,6,56352917,83.48
20260731,2945,16,3092,67500000,100.0
20260731,3002,1,3513,641588,0.62
20260731,3002,2,4475,9129027,8.95
20260731,3002,3,632,5065131,4.96
20260731,3002,4,176,2231885,2.18
20260731,3002,5,112,2087085,2.04
20260731,3002,6,92,2324770,2.27
20260731,3002,7,44,1589943,1.55
20260731,3002,8,36,1704665,1.67
20260731,3002,9,53,3787538,3.71
20260731,3002,10,30,4032971,3.95
20260731,3002,11,12,3195546,3.13
20260731,3002,12,4,1868919,1.83
20260731,3002,13,2,1288968,1.26
20260731,3002,14,3,2652167,2.6
20260731,3002,15,11,60399797,59.21
20260731,3002,16,9195,102000000,100.0
20260731,3003,1,3363,642786,0.41
20260731,3003,2,11562,21994892,14.13
20260731,3003,3,1105,8742892,5.61
20260731,3003,4,314,4032495,2.59
20260731,3003,5,186,3456055,2.22
20260731,3003,6,144,3675253,2.36
20260731,3003,7,74,2671021,1.71
20260731,3003,8,55,2533329,1.62
20260731,3003,9,89,6298710,4.04
20260731,3003,10,37,5051446,3.24
20260731,3003,11,26,7062843,4.53
20260731,3003,12,7,3466690,2.22
20260731,3003,13,8,5607742,3.6
20260731,3003,14,1,836684,0.53
20260731,3003,15,25,79582052,51.12
20260731,3003,16,16996,155654890,100.0
20260731,3004,1,13983,557003,0.86
20260731,3004,2,3010,5473543,8.5
20260731,3004,3,334,2523702,3.91
20260731,3004,4,107,1352362,2.1
20260731,3004,5,65,1173379,1.82
20260731,3004,6,58,1457469,2.26
20260731,3004,7,28,993096,1.54
20260731,3004,8,13,592220,0.91
20260731,3004,9,57,4185434,6.49
20260731,3004,10,28,4162817,6.46
20260731,3004,11,14,4544025,7.05
20260731,3004,12,5,2472489,3.83
20260731,3004,13,5,3429464,5.32
20260731,3004,14,1,820000,1.27
20260731,3004,15,5,30656552,47.6
20260731,3004,16,17713,64393555,100.0
20260731,3005,1,21575,2186645,0.35
20260731,3005,2,23843,46175520,7.39
20260731,3005,3,2689,21479555,3.43
20260731,3005,4,721,9316551,1.49
20260731,3005,5,483,8900452,1.42
20260731,3005,6,401,10465256,1.67
20260731,3005,7,202,7332444,1.17
20260731,3005,8,127,5930086,0.94
20260731,3005,9,238,16470630,2.63
20260731,3005,10,133,18373772,2.94
20260731,3005,11,89,25590567,4.09
20260731,3005,12,19,9488643,1.51
20260731,3005,13,17,11943546,1.91
20260731,3005,14,8,7523162,1.2
20260731,3005,15,67,423421621,67.79
20260731,3005,16,50612,624598450,100.0
20260731,3006,1,37317,3423325,1.14
20260731,3006,2,30403,53306301,17.88
20260731,3006,3,2361,18476228,6.19
20260731,3006,4,624,7960184,2.67
20260731,3006,5,367,6803692,2.28
20260731,3006,6,299,7641593,2.56
20260731,3006,7,155,5543299,1.85
20260731,3006,8,82,3764576,1.26
20260731,3006,9,162,11642986,3.9
20260731,3006,10,107,15623988,5.24
20260731,3006,11,40,11152762,3.74
20260731,3006,12,24,11786145,3.95
20260731,3006,13,17,11648894,3.9
20260731,3006,14,7,6090527,2.04
20260731,3006,15,41,123263341,41.34
20260731,3006,16,72006,298127841,100.0
20260731,3008,1,110652,5804425,4.43
20260731,3008,2,6746,10962580,8.38
20260731,3008,3,487,3666434,2.8
20260731,3008,4,188,2412127,1.84
20260731,3008,5,102,1820043,1.39
20260731,3008,6,93,2363803,1.8
20260731,3008,7,66,2273449,1.73
20260731,3008,8,51,2295257,1.75
20260731,3008,9,95,6708853,5.12
20260731,3008,10,78,10773529,8.23
20260731,3008,11,44,12123649,9.26
20260731,3008,12,23,10801473,8.25
20260731,3008,13,9,6093453,4.65
20260731,3008,14,5,4466346,3.41
20260731,3008,15,10,48232776,36.87
20260731,3008,16,118649,130798197,100.0
20260731,3010,1,35664,1139467,0.43
20260731,3010,2,11718,22008690,8.48
20260731,3010,3,1531,11130725,4.29
20260731,3010,4,585,7097321,2.73
20260731,3010,5,261,4655702,1.79
20260731,3010,6,256,6323410,2.43
20260731,3010,7,143,5061444,1.95
20260731,3010,8,81,3678838,1.41
20260731,3010,9,152,11046484,4.25
20260731,3010,10,82,11463188,4.41
20260731,3010,11,54,15339647,5.91
20260731,3010,12,19,9259146,3.56
20260731,3010,13,15,10290168,3.96
20260731,3010,14,6,5543737,2.13
20260731,3010,15,33,135398850,52.18
20260731,3010,16,50600,259436817,100.0
20260731,3011,1,39925,473436,0.36
20260731,3011,2,6127,13424104,10.35
20260731,3011,3,1197,9866466,7.61
20260731,3011,4,421,5541382,4.27
20260731,3011,5,309,5819266,4.49
20260731,3011,6,296,7603522,5.86
20260731,3011,7,146,5225673,4.03
20260731,3011,8,105,4934971,3.8
20260731,3011,9,149,10716554,8.26
20260731,3011,10,64,8848186,6.82
20260731,3011,11,36,10563401,8.15
20260731,3011,12,14,6626046,5.11
20260731,3011,13,3,2063000,1.59
20260731,3011,14,1,990112,0.76
20260731,3011,15,9,36904732,28.47
20260731,3011,16,48802,129600851,100.0
20260731,3013,1,18546,2178233,1.06
20260731,3013,2,25884,46350301,22.59
20260731,3013,3,2132,16673768,8.12
20260731,3013,4,614,7890217,3.84
20260731,3013,5,301,5517550,2.68
20260731,3013,6,267,6865662,3.34
20260731,3013,7,119,4272671,2.08
20260731,3013,8,69,3170275,1.54
20260731,3013,9,117,8531837,4.15
20260731,3013,10,39,5477826,2.67
20260731,3013,11,23,6036294,2.94
20260731,3013,12,12,5626140,2.74
20260731,3013,13,3,2048680,0.99
20260731,3013,14,4,3671254,1.78
20260731,3013,15,11,80848222,39.41
20260731,3013,16,0,-20000,0.0
20260731,3013,17,48141,205138930,100.0
20260731,3014,1,29847,1845255,1.11
20260731,3014,2,18641,34926652,21.04
20260731,3014,3,1801,14181955,8.54
20260731,3014,4,461,5929277,3.57
20260731,3014,5,298,5503537,3.31
20260731,3014,6,272,6922576,4.17
20260731,3014,7,134,4778055,2.87
20260731,3014,8,78,3571760,2.15
20260731,3014,9,155,10782303,6.49
20260731,3014,10,70,9425565,5.67
20260731,3014,11,58,16474657,9.92
20260731,3014,12,15,7042282,4.24
20260731,3014,13,8,5402847,3.25
20260731,3014,14,6,5482420,3.3
20260731,3014,15,11,33709983,20.3
20260731,3014,16,51855,165979124,100.0
20260731,3015,1,4453,1003237,0.53
20260731,3015,2,10845,20605149,11.0
20260731,3015,3,1122,9079078,4.84
20260731,3015,4,283,3606577,1.92
20260731,3015,5,185,3422834,1.82
20260731,3015,6,161,4116266,2.19
20260731,3015,7,64,2258201,1.2
20260731,3015,8,50,2323452,1.24
20260731,3015,9,105,7397567,3.95
20260731,3015,10,42,5972505,3.18
20260731,3015,11,29,8740617,4.66
20260731,3015,12,15,7387446,3.94
20260731,3015,13,5,3309638,1.76
20260731,3015,14,9,8357102,4.46
20260731,3015,15,26,99682281,53.23
20260731,3015,16,17394,187261950,100.0
20260731,3016,1,16580,1877410,0.64
20260731,3016,2,20926,35958946,12.35
20260731,3016,3,1555,11948037,4.1
20260731,3016,4,399,4983315,1.71
20260731,3016,5,214,3955473,1.35
20260731,3016,6,158,4001206,1.37
20260731,3016,7,88,3110089,1.06
20260731,3016,8,47,2180543,0.74
20260731,3016,9,78,5366671,1.84
20260731,3016,10,34,4797077,1.64
20260731,3016,11,21,5533685,1.9
20260731,3016,12,6,2810935,0.96
20260731,3016,13,5,3607465,1.23
20260731,3016,14,5,4470068,1.53
20260731,3016,15,17,196369192,67.48
20260731,3016,16,40133,290970112,100.0
20260731,3017,1,124710,9523730,2.41
20260731,3017,2,14534,23702483,6.0
20260731,3017,3,1017,7483954,1.89
20260731,3017,4,394,4895079,1.24
20260731,3017,5,207,3690197,0.93
20260731,3017,6,250,6203108,1.57
20260731,3017,7,135,4741838,1.2
20260731,3017,8,94,4275502,1.08
20260731,3017,9,242,17558785,4.45
20260731,3017,10,149,20353997,5.16
20260731,3017,11,106,31119940,7.89
20260731,3017,12,57,27686579,7.01
20260731,3017,13,19,13012752,3.29
20260731,3017,14,15,13799243,3.49
20260731,3017,15,52,206355220,52.32
20260731,3017,16,141981,394402407,100.0
20260731,3018,1,32200,1768335,2.34
20260731,3018,2,3597,7645579,10.14
20260731,3018,3,582,4269125,5.66
20260731,3018,4,173,2151957,2.85
20260731,3018,5,69,1228347,1.62
20260731,3018,6,66,1671753,2.21
20260731,3018,7,25,847565,1.12
20260731,3018,8,29,1363419,1.8
20260731,3018,9,34,2355222,3.12
20260731,3018,10,16,2084785,2.76
20260731,3018,11,6,1579989,2.09
20260731,3018,12,2,883441,1.17
20260731,3018,13,1,699999,0.92
20260731,3018,14,0,0,0.0
20260731,3018,15,3,46878199,62.19
20260731,3018,16,0,-50000,-0.06
20260731,3018,17,36803,75377715,100.0
20260731,3019,1,48676,3404646,1.21
20260731,3019,2,41190,73900625,26.46
20260731,3019,3,3216,25178308,9.01
20260731,3019,4,851,10937105,3.91
20260731,3019,5,511,9505467,3.4
20260731,3019,6,392,10130543,3.62
20260731,3019,7,177,6333041,2.26
20260731,3019,8,114,5282887,1.89
20260731,3019,9,158,11169939,4.0
20260731,3019,10,63,8678156,3.1
20260731,3019,11,33,9302473,3.33
20260731,3019,12,18,8932172,3.19
20260731,3019,13,11,7420537,2.65
20260731,3019,14,3,2473347,0.88
20260731,3019,15,18,86594655,31.01
20260731,3019,16,95431,279243901,100.0
20260731,3021,1,3209,598645,0.63
20260731,3021,2,4379,8639528,9.1
20260731,3021,3,463,3758820,3.96
20260731,3021,4,109,1381367,1.45
20260731,3021,5,78,1443996,1.52
20260731,3021,6,62,1587732,1.67
20260731,3021,7,31,1106967,1.16
20260731,3021,8,20,914724,0.96
20260731,3021,9,46,3264281,3.44
20260731,3021,10,14,2115853,2.22
20260731,3021,11,11,2732271,2.87
20260731,3021,12,2,1032096,1.08
20260731,3021,13,2,1544715,1.62
20260731,3021,14,3,2858547,3.01
20260731,3021,15,13,61910458,65.24
20260731,3021,16,8442,94890000,100.0
20260731,3022,1,6634,1617607,0.91
20260731,3022,2,8483,16266463,9.21
20260731,3022,3,976,7511938,4.25
20260731,3022,4,290,3649477,2.06
20260731,3022,5,196,3598123,2.03
20260731,3022,6,164,4139864,2.34
20260731,3022,7,83,2955032,1.67
20260731,3022,8,54,2505065,1.41
20260731,3022,9,98,7122295,4.03
20260731,3022,10,40,5496240,3.11
20260731,3022,11,26,6927289,3.92
20260731,3022,12,14,6893588,3.9
20260731,3022,13,2,1296000,0.73
20260731,3022,14,5,4263289,2.41
20260731,3022,15,25,102355520,57.95
20260731,3022,16,17090,176597790,100.0
20260731,3023,1,43475,1709567,0.71
20260731,3023,2,7656,13082738,5.44
20260731,3023,3,692,5169283,2.15
20260731,3023,4,285,3490957,1.45
20260731,3023,5,143,2583334,1.07
20260731,3023,6,132,3254953,1.35
20260731,3023,7,66,2304557,0.95
20260731,3023,8,41,1876315,0.78
20260731,3023,9,116,8222037,3.42
20260731,3023,10,94,13466903,5.6
20260731,3023,11,64,18312688,7.62
20260731,3023,12,31,15496433,6.45
20260731,3023,13,13,8530538,3.55
20260731,3023,14,12,10687991,4.45
20260731,3023,15,46,131883720,54.93
20260731,3023,16,0,-3000,0.0
20260731,3023,17,52866,240069014,100.0
20260731,3024,1,43159,1999135,0.72
20260731,3024,2,10151,22713372,8.19
20260731,3024,3,2139,16886913,6.09
20260731,3024,4,708,8929151,3.22
20260731,3024,5,472,8756699,3.15
20260731,3024,6,400,10312965,3.72
20260731,3024,7,179,6459569,2.33
20260731,3024,8,137,6437724,2.32
20260731,3024,9,269,19563937,7.05
20260731,3024,10,147,20688749,7.46
20260731,3024,11,61,17649203,6.36
20260731,3024,12,18,9096403,3.28
20260731,3024,13,19,13436762,4.84
20260731,3024,14,15,13485055,4.86
20260731,3024,15,32,100741859,36.34
20260731,3024,16,57906,277157496,100.0
20260731,3025,1,33802,803192,1.41
20260731,3025,2,6075,11857546,20.89
20260731,3025,3,718,5671369,9.99
20260731,3025,4,226,2881083,5.07
20260731,3025,5,153,2810159,4.95
20260731,3025,6,126,3230208,5.69
20260731,3025,7,69,2439462,4.29
20260731,3025,8,39,1784076,3.14
20260731,3025,9,71,5214252,9.19
20260731,3025,10,30,3889995,6.85
20260731,3025,11,11,2825278,4.97
20260731,3025,12,2,969606,1.7
20260731,3025,13,5,3402469,5.99
20260731,3025,14,2,1928564,3.39
20260731,3025,15,2,7029181,12.38
20260731,3025,16,41331,56736440,100.0
20260731,3026,1,49188,4093726,2.46
20260731,3026,2,13568,22577012,13.6
20260731,3026,3,992,7042781,4.24
20260731,3026,4,324,3931449,2.36
20260731,3026,5,114,2045156,1.23
20260731,3026,6,131,3235198,1.95
20260731,3026,7,61,2150414,1.29
20260731,3026,8,40,1814840,1.09
20260731,3026,9,81,6008688,3.62
20260731,3026,10,43,5923673,3.57
20260731,3026,11,36,9568086,5.76
20260731,3026,12,22,10823007,6.52
20260731,3026,13,11,7859722,4.73
20260731,3026,14,11,9879251,5.95
20260731,3026,15,31,68943615,41.55
20260731,3026,16,0,-6300,0.0
20260731,3026,17,64653,165890318,100.0
20260731,3027,1,35489,533012,0.41
20260731,3027,2,9524,19867311,15.28
20260731,3027,3,1366,10956331,8.43
20260731,3027,4,399,5093180,3.91
20260731,3027,5,270,5031819,3.87
20260731,3027,6,197,5041097,3.87
20260731,3027,7,96,3405249,2.62
20260731,3027,8,70,3242407,2.49
20260731,3027,9,121,8706876,6.69
20260731,3027,10,48,6719899,5.17
20260731,3027,11,22,6108079,4.69
20260731,3027,12,11,5611146,4.31
20260731,3027,13,8,5530537,4.25
20260731,3027,14,0,0,0.0
20260731,3027,15,10,44113356,33.94
20260731,3027,16,47631,129960299,100.0
20260731,3028,1,30893,1116227,0.47
20260731,3028,2,18593,37900197,15.97
20260731,3028,3,2599,20708453,8.72
20260731,3028,4,747,9575256,4.03
20260731,3028,5,476,8863191,3.73
20260731,3028,6,400,10278405,4.33
20260731,3028,7,180,6517160,2.74
20260731,3028,8,116,5397577,2.27
20260731,3028,9,177,12650940,5.33
20260731,3028,10,69,9579091,4.03
20260731,3028,11,38,9787189,4.12
20260731,3028,12,10,4612866,1.94
20260731,3028,13,6,4312185,1.81
20260731,3028,14,5,4583853,1.93
20260731,3028,15,26,91358603,38.5
20260731,3028,16,54335,237241193,100.0
20260731,3029,1,41869,2211852,1.32
20260731,3029,2,19761,36351358,21.76
20260731,3029,3,1760,13417301,8.03
20260731,3029,4,536,6708391,4.01
20260731,3029,5,252,4579540,2.74
20260731,3029,6,222,5584481,3.34
20260731,3029,7,96,3419367,2.04
20260731,3029,8,59,2722515,1.63
20260731,3029,9,114,8064277,4.82
20260731,3029,10,58,8448235,5.05
20260731,3029,11,29,8473430,5.07
20260731,3029,12,8,3981558,2.38
20260731,3029,13,5,3396509,2.03
20260731,3029,14,2,1679156,1.0
20260731,3029,15,17,57967242,34.7
20260731,3029,16,64788,167005212,100.0
20260731,3030,1,17277,3093737,1.3
20260731,3030,2,15691,28934507,12.24
20260731,3030,3,1486,11227076,4.75
20260731,3030,4,431,5462531,2.31
20260731,3030,5,285,5206202,2.2
20260731,3030,6,230,5794676,2.45
20260731,3030,7,122,4303566,1.82
20260731,3030,8,65,2967992,1.25
20260731,3030,9,133,9304388,3.93
20260731,3030,10,78,11102271,4.7
20260731,3030,11,50,14134471,5.98
20260731,3030,12,10,4931772,2.08
20260731,3030,13,8,5266520,2.22
20260731,3030,14,3,2548772,1.07
20260731,3030,15,22,121940519,51.62
20260731,3030,16,0,-3000,0.0
20260731,3030,17,35891,236216000,100.0
20260731,3031,1,3919,630386,0.36
20260731,3031,2,10966,22377633,12.91
20260731,3031,3,1468,11803949,6.81
20260731,3031,4,393,4960711,2.86
20260731,3031,5,269,5038084,2.9
20260731,3031,6,197,4987008,2.87
20260731,3031,7,77,2782755,1.6
20260731,3031,8,56,2634799,1.52
20260731,3031,9,90,6632636,3.82
20260731,3031,10,37,5112438,2.95
20260731,3031,11,12,3150266,1.81
20260731,3031,12,3,1355714,0.78
20260731,3031,13,3,2270000,1.31
20260731,3031,14,1,883000,0.5
20260731,3031,15,11,98583845,56.91
20260731,3031,16,17502,173203224,100.0
20260731,3032,1,24886,594221,0.52
20260731,3032,2,6724,13085974,11.55
20260731,3032,3,815,6436914,5.68
20260731,3032,4,260,3330211,2.93
20260731,3032,5,138,2554771,2.25
20260731,3032,6,160,4126197,3.64
20260731,3032,7,79,2814349,2.48
20260731,3032,8,51,2343843,2.06
20260731,3032,9,81,5857298,5.17
20260731,3032,10,51,7011878,6.18
20260731,3032,11,21,5621180,4.96
20260731,3032,12,12,5989535,5.28
20260731,3032,13,1,629000,0.55
20260731,3032,14,3,2644065,2.33
20260731,3032,15,11,50246190,44.35
20260731,3032,16,33293,113285626,100.0
20260731,3033,1,50081,2148807,0.41
20260731,3033,2,35979,74343647,14.27
20260731,3033,3,5772,45452402,8.72
20260731,3033,4,1628,20594457,3.95
20260731,3033,5,1002,18570909,3.56
20260731,3033,6,881,22510939,4.32
20260731,3033,7,409,14629704,2.8
20260731,3033,8,250,11562405,2.21
20260731,3033,9,476,33758454,6.48
20260731,3033,10,189,26472759,5.08
20260731,3033,11,92,25436996,4.88
20260731,3033,12,31,14894531,2.85
20260731,3033,13,19,13287619,2.55
20260731,3033,14,16,14383819,2.76
20260731,3033,15,46,182824902,35.09
20260731,3033,16,96871,520872350,100.0
20260731,3034,1,66146,7404386,1.21
20260731,3034,2,26301,44957441,7.38
20260731,3034,3,1899,14257022,2.34
20260731,3034,4,550,6893078,1.13
20260731,3034,5,270,4820537,0.79
20260731,3034,6,280,6955717,1.14
20260731,3034,7,137,4866837,0.79
20260731,3034,8,105,4779619,0.78
20260731,3034,9,236,17091280,2.8
20260731,3034,10,176,25090763,4.12
20260731,3034,11,136,39004624,6.4
20260731,3034,12,66,32824596,5.39
20260731,3034,13,33,23176975,3.8
20260731,3034,14,20,17811124,2.92
20260731,3034,15,95,358577470,58.92
20260731,3034,16,96450,608511469,100.0
20260731,3035,1,66712,7605800,2.91
20260731,3035,2,42925,78015062,29.94
20260731,3035,3,3764,28039384,10.76
20260731,3035,4,964,12153407,4.66
20260731,3035,5,449,8114974,3.11
20260731,3035,6,414,10421881,3.99
20260731,3035,7,162,5746011,2.2
20260731,3035,8,95,4380271,1.68
20260731,3035,9,157,10840260,4.16
20260731,3035,10,67,9441674,3.62
20260731,3035,11,25,7280620,2.79
20260731,3035,12,14,6900299,2.64
20260731,3035,13,8,5451381,2.09
20260731,3035,14,5,4679810,1.79
20260731,3035,15,13,61479479,23.59
20260731,3035,16,115774,260550313,100.0
20260731,3036,1,46308,4303506,0.33
20260731,3036,2,24119,45366406,3.56
20260731,3036,3,2704,20306134,1.59
20260731,3036,4,835,10457111,0.82
20260731,3036,5,464,8368426,0.65
20260731,3036,6,467,11526309,0.9
20260731,3036,7,226,7924815,0.62
20260731,3036,8,140,6317124,0.49
20260731,3036,9,289,20636389,1.62
20260731,3036,10,148,20808802,1.63
20260731,3036,11,115,31775315,2.49
20260731,3036,12,41,19835861,1.56
20260731,3036,13,31,21427215,1.68
20260731,3036,14,20,18032622,1.41
20260731,3036,15,132,1023948416,80.56
20260731,3036,16,76039,1271034451,100.0
20260731,3037,1,303080,34449038,2.09
20260731,3037,2,80342,133061778,8.09
20260731,3037,3,5568,39181738,2.38
20260731,3037,4,1638,19602987,1.19
20260731,3037,5,740,13013213,0.79
20260731,3037,6,719,17485298,1.06
20260731,3037,7,366,12736765,0.77
20260731,3037,8,215,9707710,0.59
20260731,3037,9,505,35213942,2.14
20260731,3037,10,318,44314158,2.69
20260731,3037,11,234,65690594,3.99
20260731,3037,12,96,47262241,2.87
20260731,3037,13,51,35235410,2.14
20260731,3037,14,41,36981952,2.25
20260731,3037,15,186,1099133275,66.89
20260731,3037,16,0,-2700,0.0
20260731,3037,17,394099,1643067399,100.0
20260731,3038,1,35802,774800,0.49
20260731,3038,2,10693,22930190,14.56
20260731,3038,3,1840,14665567,9.31
20260731,3038,4,547,7002247,4.44
20260731,3038,5,337,6274495,3.98
20260731,3038,6,258,6699590,4.25
20260731,3038,7,108,3927817,2.49
20260731,3038,8,85,3981678,2.52
20260731,3038,9,123,8537796,5.42
20260731,3038,10,65,9238729,5.86
20260731,3038,11,27,7615651,4.83
20260731,3038,12,8,4020128,2.55
20260731,3038,13,6,4165000,2.64
20260731,3038,14,6,5251205,3.33
20260731,3038,15,12,52322710,33.24
20260731,3038,16,49917,157407603,100.0
20260731,3040,1,19000,787519,1.18
20260731,3040,2,2778,5244405,7.91
20260731,3040,3,332,2556623,3.86
20260731,3040,4,84,1059609,1.6
20260731,3040,5,54,1014898,1.53
20260731,3040,6,61,1541128,2.32
20260731,3040,7,24,843644,1.27
20260731,3040,8,22,1008570,1.52
20260731,3040,9,29,2003897,3.02
20260731,3040,10,10,1363079,2.05
20260731,3040,11,14,3539439,5.34
20260731,3040,12,6,2887041,4.35
20260731,3040,13,0,0,0.0
20260731,3040,14,0,0,0.0
20260731,3040,15,10,42374686,63.98
20260731,3040,16,22424,66224538,100.0
20260731,3041,1,50579,6158187,4.39
20260731,3041,2,15388,31766232,22.65
20260731,3041,3,2255,16786659,11.97
20260731,3041,4,616,7749888,5.52
20260731,3041,5,351,6390370,4.55
20260731,3041,6,274,7113397,5.07
20260731,3041,7,130,4573426,3.26
20260731,3041,8,65,3025948,2.15
20260731,3041,9,130,8904631,6.35
20260731,3041,10,58,7775924,5.54
20260731,3041,11,20,5349586,3.81
20260731,3041,12,6,3013921,2.14
20260731,3041,13,1,652837,0.46
20260731,3041,14,2,1901000,1.35
20260731,3041,15,5,29061641,20.72
20260731,3041,16,69880,140223647,100.0
20260731,3042,1,54020,4934902,1.43
20260731,3042,2,35363,62056623,18.09
20260731,3042,3,2368,18245554,5.31
20260731,3042,4,597,7586727,2.21
20260731,3042,5,372,6879397,2.0
20260731,3042,6,245,6339536,1.84
20260731,3042,7,113,4037900,1.17
20260731,3042,8,88,4089616,1.19
20260731,3042,9,145,10251591,2.98
20260731,3042,10,70,9789059,2.85
20260731,3042,11,67,18220793,5.31
20260731,3042,12,26,12355237,3.6
20260731,3042,13,12,8090563,2.35
20260731,3042,14,12,10995263,3.2
20260731,3042,15,44,159120210,46.39
20260731,3042,16,93542,342992971,100.0
20260731,3043,1,49702,2305811,5.91
20260731,3043,2,4044,7988219,20.49
20260731,3043,3,486,3789682,9.72
20260731,3043,4,135,1690818,4.33
20260731,3043,5,85,1593159,4.08
20260731,3043,6,75,1922263,4.93
20260731,3043,7,39,1381567,3.54
20260731,3043,8,20,919189,2.35
20260731,3043,9,35,2632603,6.75
20260731,3043,10,33,4375410,11.22
20260731,3043,11,11,3350201,8.59
20260731,3043,12,3,1413456,3.62
20260731,3043,13,0,0,0.0
20260731,3043,14,0,0,0.0
20260731,3043,15,3,5613256,14.4
20260731,3043,16,54671,38975634,100.0
20260731,3044,1,20658,3260212,0.62
20260731,3044,2,14843,25369600,4.82
20260731,3044,3,1015,7754685,1.47
20260731,3044,4,280,3579016,0.68
20260731,3044,5,160,2942813,0.55
20260731,3044,6,138,3391932,0.64
20260731,3044,7,90,3163246,0.6
20260731,3044,8,76,3508799,0.66
20260731,3044,9,169,12478960,2.37
20260731,3044,10,126,17851067,3.39
20260731,3044,11,90,24885844,4.73
20260731,3044,12,44,21952751,4.17
20260731,3044,13,22,15038713,2.86
20260731,3044,14,13,11653320,2.21
20260731,3044,15,97,368774940,70.16
20260731,3044,16,37821,525605898,100.0
20260731,3045,1,18915,4880049,0.13
20260731,3045,2,33989,69143082,1.85
20260731,3045,3,4388,33938175,0.91
20260731,3045,4,1298,16479154,0.44
20260731,3045,5,785,14338138,0.38
20260731,3045,6,671,17159012,0.46
20260731,3045,7,304,10725542,0.28
20260731,3045,8,221,10228082,0.27
20260731,3045,9,394,28437508,0.76
20260731,3045,10,225,31683077,0.85
20260731,3045,11,135,38001414,1.02
20260731,3045,12,75,36529062,0.98
20260731,3045,13,33,23099124,0.62
20260731,3045,14,32,28714855,0.77
20260731,3045,15,232,3360074741,90.24
20260731,3045,16,61697,3723431015,100.0
20260731,3046,1,13756,889274,1.13
20260731,3046,2,5393,10315960,13.15
20260731,3046,3,648,5068628,6.46
20260731,3046,4,200,2546686,3.24
20260731,3046,5,112,2057010,2.62
20260731,3046,6,108,2698670,3.44
20260731,3046,7,51,1800249,2.29
20260731,3046,8,33,1501534,1.91
20260731,3046,9,50,3639130,4.63
20260731,3046,10,22,3194389,4.07
20260731,3046,11,11,2975988,3.79
20260731,3046,12,4,1909848,2.43
20260731,3046,13,5,3426406,4.36
20260731,3046,14,1,804930,1.02
20260731,3046,15,2,35619311,45.4
20260731,3046,16,20396,78448013,100.0
20260731,3047,1,38202,1111774,0.49
20260731,3047,2,22638,48358214,21.51
20260731,3047,3,3878,31341506,13.94
20260731,3047,4,1024,13269835,5.9
20260731,3047,5,799,15100877,6.71
20260731,3047,6,545,14162873,6.3
20260731,3047,7,264,9536499,4.24
20260731,3047,8,156,7321233,3.25
20260731,3047,9,244,17417431,7.74
20260731,3047,10,96,13140919,5.84
20260731,3047,11,32,8329323,3.7
20260731,3047,12,15,6961317,3.09
20260731,3047,13,6,4117264,1.83
20260731,3047,14,0,0,0.0
20260731,3047,15,9,34597543,15.39
20260731,3047,16,0,-5000,0.0
20260731,3047,17,67908,224761608,100.0
20260731,3048,1,50243,1851102,0.68
20260731,3048,2,24435,46486470,17.22
20260731,3048,3,2622,20498199,7.59
20260731,3048,4,741,9432743,3.49
20260731,3048,5,420,7732421,2.86
20260731,3048,6,307,7905576,2.92
20260731,3048,7,159,5647479,2.09
20260731,3048,8,93,4338660,1.6
20260731,3048,9,168,11811003,4.37
20260731,3048,10,55,7211591,2.67
20260731,3048,11,30,8272253,3.06
20260731,3048,12,18,8962416,3.32
20260731,3048,13,6,4288190,1.58
20260731,3048,14,5,4265497,1.58
20260731,3048,15,21,121126194,44.88
20260731,3048,16,79323,269829794,100.0
20260731,3049,1,54942,5062689,0.63
20260731,3049,2,47382,103308793,12.88
20260731,3049,3,8627,70398536,8.77
20260731,3049,4,2174,28056266,3.49
20260731,3049,5,1775,33659713,4.19
20260731,3049,6,1255,33018487,4.11
20260731,3049,7,551,19893014,2.48
20260731,3049,8,409,19451509,2.42
20260731,3049,9,621,45984782,5.73
20260731,3049,10,265,37108225,4.62
20260731,3049,11,103,29037560,3.62
20260731,3049,12,26,12877858,1.6
20260731,3049,13,13,9103869,1.13
20260731,3049,14,7,6763137,0.84
20260731,3049,15,23,348286091,43.42
20260731,3049,16,118173,802010529,100.0
20260731,3050,1,32185,800246,0.51
20260731,3050,2,7381,16296120,10.51
20260731,3050,3,1381,11389772,7.34
20260731,3050,4,389,5066142,3.26
20260731,3050,5,278,5199723,3.35
20260731,3050,6,223,5798310,3.74
20260731,3050,7,114,4132039,2.66
20260731,3050,8,67,3122822,2.01
20260731,3050,9,136,9922490,6.4
20260731,3050,10,44,6318223,4.07
20260731,3050,11,28,8032238,5.18
20260731,3050,12,9,4306945,2.77
20260731,3050,13,7,4671346,3.01
20260731,3050,14,5,4509000,2.9
20260731,3050,15,10,65428034,42.21
20260731,3050,16,0,-9000,0.0
20260731,3050,17,42257,154984450,100.0
20260731,3051,1,50539,2235380,1.33
20260731,3051,2,12849,26221358,15.7
20260731,3051,3,1989,15667376,9.38
20260731,3051,4,532,6871859,4.11
20260731,3051,5,366,6753742,4.04
20260731,3051,6,327,8365230,5.0
20260731,3051,7,136,4924246,2.94
20260731,3051,8,71,3305915,1.97
20260731,3051,9,166,11728951,7.02
20260731,3051,10,82,11436136,6.84
20260731,3051,11,46,13383750,8.01
20260731,3051,12,12,5975233,3.57
20260731,3051,13,7,4773364,2.85
20260731,3051,14,4,3628490,2.17
20260731,3051,15,5,41728970,24.98
20260731,3051,16,67131,167000000,100.0
20260731,3052,1,40472,1403706,0.6
20260731,3052,2,5348,10884964,4.66
20260731,3052,3,1311,9041253,3.87
20260731,3052,4,658,7805417,3.34
20260731,3052,5,254,4483116,1.92
20260731,3052,6,362,8743784,3.74
20260731,3052,7,166,5694306,2.44
20260731,3052,8,99,4440467,1.9
20260731,3052,9,220,15294346,6.55
20260731,3052,10,122,16673503,7.14
20260731,3052,11,53,14866777,6.37
20260731,3052,12,22,10710232,4.59
20260731,3052,13,10,6613327,2.83
20260731,3052,14,7,6396258,2.74
20260731,3052,15,26,110194315,47.24
20260731,3052,16,49130,233245771,100.0
20260731,3054,1,2254,218485,0.27
20260731,3054,2,904,1739578,2.15
20260731,3054,3,103,812330,1.0
20260731,3054,4,25,320851,0.39
20260731,3054,5,32,576524,0.71
20260731,3054,6,23,586474,0.72
20260731,3054,7,12,414309,0.51
20260731,3054,8,12,562286,0.69
20260731,3054,9,19,1351798,1.67
20260731,3054,10,11,1500170,1.86
20260731,3054,11,7,1689488,2.09
20260731,3054,12,1,527000,0.65
20260731,3054,13,1,689818,0.85
20260731,3054,14,1,971544,1.2
20260731,3054,15,10,68690386,85.16
20260731,3054,16,3415,80651041,100.0
20260731,3055,1,19152,1437167,1.24
20260731,3055,2,5071,9221392,8.02
20260731,3055,3,491,3768958,3.27
20260731,3055,4,130,1679083,1.46
20260731,3055,5,90,1661887,1.44
20260731,3055,6,97,2459177,2.13
20260731,3055,7,42,1505471,1.3
20260731,3055,8,30,1399298,1.21
20260731,3055,9,45,3210999,2.79
20260731,3055,10,35,4615484,4.01
20260731,3055,11,11,3049944,2.65
20260731,3055,12,6,3006047,2.61
20260731,3055,13,3,2197801,1.91
20260731,3055,14,3,2704693,2.35
20260731,3055,15,20,73057517,63.54
20260731,3055,16,25226,114974918,100.0
20260731,3056,1,40433,2360796,0.49
20260731,3056,2,18713,46594222,9.69
20260731,3056,3,5982,43920955,9.13
20260731,3056,4,2353,29461106,6.13
20260731,3056,5,1193,21189581,4.4
20260731,3056,6,1327,32897151,6.84
20260731,3056,7,558,19529555,4.06
20260731,3056,8,367,16531208,3.44
20260731,3056,9,642,44376051,9.23
20260731,3056,10,262,35852147,7.46
20260731,3056,11,113,30794536,6.4
20260731,3056,12,23,10859056,2.25
20260731,3056,13,14,10022600,2.08
20260731,3056,14,10,8909757,1.85
20260731,3056,15,23,127256330,26.48
20260731,3056,16,72013,480555051,100.0
20260731,3057,1,30113,3223053,4.74
20260731,3057,2,5674,11727556,17.28
20260731,3057,3,887,6298080,9.28
20260731,3057,4,222,2721207,4.0
20260731,3057,5,134,2398970,3.53
20260731,3057,6,121,2962216,4.36
20260731,3057,7,40,1425135,2.09
20260731,3057,8,25,1140212,1.68
20260731,3057,9,60,4187405,6.17
20260731,3057,10,31,4588714,6.76
20260731,3057,11,14,4048131,5.96
20260731,3057,12,1,415155,0.61
20260731,3057,13,1,636275,0.93
20260731,3057,14,0,0,0.0
20260731,3057,15,6,22092520,32.55
20260731,3057,16,37329,67864629,100.0
20260731,3058,1,31570,1541387,0.76
20260731,3058,2,12615,28627086,14.19
20260731,3058,3,2832,22303094,11.05
20260731,3058,4,1008,12642614,6.26
20260731,3058,5,662,12293476,6.09
20260731,3058,6,577,14742409,7.3
20260731,3058,7,253,9023270,4.47
20260731,3058,8,166,7718982,3.82
20260731,3058,9,263,18326594,9.08
20260731,3058,10,120,16647168,8.25
20260731,3058,11,47,13034594,6.46
20260731,3058,12,13,6379852,3.16
20260731,3058,13,5,3300172,1.63
20260731,3058,14,4,3745499,1.85
20260731,3058,15,10,31396582,15.56
20260731,3058,16,50145,201722779,100.0
20260731,3059,1,48548,3680389,1.19
20260731,3059,2,39019,77083602,25.05
20260731,3059,3,4689,37092368,12.05
20260731,3059,4,1200,15275900,4.96
20260731,3059,5,826,15281664,4.96
20260731,3059,6,597,15272506,4.96
20260731,3059,7,273,9799646,3.18
20260731,3059,8,172,8010464,2.6
20260731,3059,9,270,18959896,6.16
20260731,3059,10,116,16076896,5.22
20260731,3059,11,59,16195418,5.26
20260731,3059,12,14,7105597,2.3
20260731,3059,13,7,4967432,1.61
20260731,3059,14,4,3376019,1.09
20260731,3059,15,24,59524228,19.34
20260731,3059,16,95818,307702025,100.0
20260731,3060,1,53657,2570984,1.86
20260731,3060,2,12732,26367272,19.16
20260731,3060,3,1884,14850171,10.79
20260731,3060,4,542,6952091,5.05
20260731,3060,5,370,6791169,4.93
20260731,3060,6,297,7574140,5.5
20260731,3060,7,132,4787525,3.48
20260731,3060,8,84,3884296,2.82
20260731,3060,9,180,12674735,9.21
20260731,3060,10,81,11384849,8.27
20260731,3060,11,31,9359892,6.8
20260731,3060,12,9,4384916,3.18
20260731,3060,13,4,2664972,1.93
20260731,3060,14,4,3681658,2.67
20260731,3060,15,13,19634520,14.27
20260731,3060,16,70020,137563190,100.0
20260731,3062,1,29039,1336265,0.4
20260731,3062,2,34724,73634914,22.3
20260731,3062,3,5286,42728473,12.94
20260731,3062,4,1392,17826159,5.4
20260731,3062,5,973,18365428,5.56
20260731,3062,6,732,18951281,5.74
20260731,3062,7,331,12077855,3.65
20260731,3062,8,209,9833165,2.97
20260731,3062,9,354,26034007,7.88
20260731,3062,10,118,17120616,5.18
20260731,3062,11,58,16399379,4.96
20260731,3062,12,19,9344849,2.83
20260731,3062,13,13,9044863,2.74
20260731,3062,14,8,7169868,2.17
20260731,3062,15,15,50224696,15.21
20260731,3062,16,73271,330091818,100.0
20260731,3090,1,37314,2784086,0.96
20260731,3090,2,20538,35585843,12.37
20260731,3090,3,1597,12223073,4.25
20260731,3090,4,431,5363942,1.86
20260731,3090,5,230,4191047,1.45
20260731,3090,6,206,5190965,1.8
20260731,3090,7,87,3115504,1.08
20260731,3090,8,68,3116514,1.08
20260731,3090,9,99,6913294,2.4
20260731,3090,10,41,5781632,2.01
20260731,3090,11,31,9303987,3.23
20260731,3090,12,21,10665840,3.7
20260731,3090,13,3,1934000,0.67
20260731,3090,14,4,3479615,1.21
20260731,3090,15,31,177917808,61.87
20260731,3090,16,60701,287567150,100.0
20260731,3092,1,22260,687380,0.64
20260731,3092,2,7532,14963027,14.03
20260731,3092,3,1201,8716548,8.17
20260731,3092,4,436,5283393,4.95
20260731,3092,5,211,3769890,3.53
20260731,3092,6,188,4634986,4.34
20260731,3092,7,108,3731264,3.49
20260731,3092,8,59,2655238,2.48
20260731,3092,9,106,7563177,7.09
20260731,3092,10,63,8457351,7.93
20260731,3092,11,22,5878043,5.51
20260731,3092,12,6,3053953,2.86
20260731,3092,13,6,4082445,3.82
20260731,3092,14,1,924114,0.86
20260731,3092,15,10,32248441,30.23
20260731,3092,16,32209,106649250,100.0
20260731,3094,1,27408,524657,0.63
20260731,3094,2,13010,24644641,29.65
20260731,3094,3,1439,11651419,14.01
20260731,3094,4,313,3989703,4.8
20260731,3094,5,222,4142913,4.98
20260731,3094,6,143,3689437,4.43
20260731,3094,7,60,2122134,2.55
20260731,3094,8,50,2363487,2.84
20260731,3094,9,77,5498997,6.61
20260731,3094,10,39,5625277,6.76
20260731,3094,11,23,6338291,7.62
20260731,3094,12,2,864101,1.03
20260731,3094,13,0,0,0.0
20260731,3094,14,1,900000,1.08
20260731,3094,15,5,10762032,12.94
20260731,3094,16,42792,83117089,100.0
20260731,3130,1,4231,791026,2.38
20260731,3130,2,2659,4831038,14.55
20260731,3130,3,243,1787283,5.38
20260731,3130,4,68,870124,2.62
20260731,3130,5,36,651308,1.96
20260731,3130,6,29,711101,2.14
20260731,3130,7,8,284754,0.85
20260731,3130,8,9,412689,1.24
20260731,3130,9,12,850478,2.56
20260731,3130,10,4,629823,1.89
20260731,3130,11,7,2060729,6.2
20260731,3130,12,3,1552000,4.67
20260731,3130,13,0,0,0.0
20260731,3130,14,0,0,0.0
20260731,3130,15,7,17758347,53.5
20260731,3130,16,7316,33190700,100.0
20260731,3135,1,6780,1221029,1.25
20260731,3135,2,9905,17963302,18.48
20260731,3135,3,870,6894496,7.09
20260731,3135,4,202,2604621,2.68
20260731,3135,5,144,2657240,2.73
20260731,3135,6,124,3168038,3.26
20260731,3135,7,43,1529571,1.57
20260731,3135,8,29,1333879,1.37
20260731,3135,9,51,3542863,3.64
20260731,3135,10,23,3330704,3.42
20260731,3135,11,17,4697729,4.83
20260731,3135,12,2,1093000,1.12
20260731,3135,13,1,731000,0.75
20260731,3135,14,5,4572673,4.7
20260731,3135,15,9,41818811,43.04
20260731,3135,16,18205,97158956,100.0
20260731,3138,1,21095,1170365,2.07
20260731,3138,2,9337,16566006,29.37
20260731,3138,3,777,5799721,10.28
20260731,3138,4,185,2275813,4.03
20260731,3138,5,112,2004825,3.55
20260731,3138,6,88,2167080,3.84
20260731,3138,7,47,1645806,2.91
20260731,3138,8,22,985743,1.74
20260731,3138,9,42,2869127,5.08
20260731,3138,10,21,2872850,5.09
20260731,3138,11,8,2224542,3.94
20260731,3138,12,6,2892895,5.12
20260731,3138,13,2,1365126,2.42
20260731,3138,14,1,844787,1.49
20260731,3138,15,4,10707628,18.98
20260731,3138,16,31747,56392314,100.0
20260731,3149,1,26774,3834120,1.69
20260731,3149,2,29613,55976714,24.74
20260731,3149,3,3160,25013304,11.05
20260731,3149,4,868,11164657,4.93
20260731,3149,5,597,11008038,4.86
20260731,3149,6,461,11738203,5.18
20260731,3149,7,255,9114478,4.02
20260731,3149,8,157,7284531,3.21
20260731,3149,9,238,16608932,7.34
20260731,3149,10,112,15207705,6.72
20260731,3149,11,41,11253563,4.97
20260731,3149,12,11,5591080,2.47
20260731,3149,13,4,2794520,1.23
20260731,3149,14,6,5250847,2.32
20260731,3149,15,16,34392912,15.2
20260731,3149,16,62313,226233604,100.0
20260731,3150,1,4390,69412,0.15
20260731,3150,2,816,1735170,3.91
20260731,3150,3,195,1522742,3.43
20260731,3150,4,84,1084027,2.44
20260731,3150,5,66,1186899,2.67
20260731,3150,6,60,1496391,3.37
20260731,3150,7,39,1382955,3.11
20260731,3150,8,18,829503,1.86
20260731,3150,9,61,4161135,9.37
20260731,3150,10,24,3139259,7.07
20260731,3150,11,12,3412596,7.69
20260731,3150,12,6,2979139,6.71
20260731,3150,13,0,0,0.0
20260731,3150,14,1,841872,1.89
20260731,3150,15,5,20535901,46.27
20260731,3150,16,5777,44377001,100.0
20260731,3164,1,17040,1434123,1.66
20260731,3164,2,4662,9122352,10.6
20260731,3164,3,568,4475832,5.2
20260731,3164,4,154,1961595,2.28
20260731,3164,5,104,1950301,2.26
20260731,3164,6,94,2421551,2.81
20260731,3164,7,31,1112361,1.29
20260731,3164,8,28,1269980,1.47
20260731,3164,9,63,4388612,5.1
20260731,3164,10,43,5988786,6.96
20260731,3164,11,15,4476923,5.2
20260731,3164,12,9,4293334,4.99
20260731,3164,13,4,2790000,3.24
20260731,3164,14,7,5899051,6.85
20260731,3164,15,15,34425563,40.02
20260731,3164,16,22837,86010364,100.0
20260731,3167,1,17165,1673847,1.85
20260731,3167,2,5993,9638837,10.67
20260731,3167,3,368,2795783,3.09
20260731,3167,4,117,1454955,1.61
20260731,3167,5,68,1263641,1.39
20260731,3167,6,79,1928422,2.13
20260731,3167,7,40,1412061,1.56
20260731,3167,8,24,1101209,1.21
20260731,3167,9,60,4284464,4.74
20260731,3167,10,32,4403401,4.87
20260731,3167,11,28,8153058,9.02
20260731,3167,12,11,5503796,6.09
20260731,3167,13,2,1394358,1.54
20260731,3167,14,1,869000,0.96
20260731,3167,15,18,44441184,49.2
20260731,3167,16,24006,90318016,100.0
20260731,3168,1,568,96928,0.12
20260731,3168,2,1510,2935402,3.9
20260731,3168,3,196,1544042,2.05
20260731,3168,4,74,929175,1.23
20260731,3168,5,47,856237,1.14
20260731,3168,6,42,1033784,1.37
20260731,3168,7,20,709667,0.94
20260731,3168,8,15,694742,0.92
20260731,3168,9,42,2887143,3.84
20260731,3168,10,12,1707989,2.27
20260731,3168,11,17,5125901,6.82
20260731,3168,12,4,2049189,2.72
20260731,3168,13,2,1537484,2.04
20260731,3168,14,3,2809767,3.74
20260731,3168,15,11,50182199,66.82
20260731,3168,16,2563,75099649,100.0
20260731,3189,1,101085,12335905,2.34
20260731,3189,2,36828,57107127,10.83
20260731,3189,3,1711,12335830,2.34
20260731,3189,4,555,6772713,1.28
20260731,3189,5,220,3901559,0.74
20260731,3189,6,193,4728422,0.89
20260731,3189,7,84,2908572,0.55
20260731,3189,8,77,3498315,0.66
20260731,3189,9,142,10468007,1.98
20260731,3189,10,82,11785144,2.23
20260731,3189,11,60,17472499,3.31
20260731,3189,12,27,13498630,2.56
20260731,3189,13,17,11832124,2.24
20260731,3189,14,8,6999505,1.32
20260731,3189,15,56,351272408,66.66
20260731,3189,16,0,-1000,0.0
20260731,3189,17,141145,526915760,100.0
20260731,3209,1,37118,1477798,0.62
20260731,3209,2,13051,27063761,11.49
20260731,3209,3,2141,16107749,6.84
20260731,3209,4,724,9032319,3.83
20260731,3209,5,402,7257330,3.08
20260731,3209,6,391,9716910,4.12
20260731,3209,7,174,6040768,2.56
20260731,3209,8,105,4870921,2.06
20260731,3209,9,234,16431131,6.98
20260731,3209,10,94,12936931,5.49
20260731,3209,11,46,12945424,5.49
20260731,3209,12,15,7442506,3.16
20260731,3209,13,11,7472603,3.17
20260731,3209,14,8,7094287,3.01
20260731,3209,15,30,89500751,38.02
20260731,3209,16,54544,235391189,100.0
20260731,3229,1,6724,462267,0.71
20260731,3229,2,2534,4993974,7.77
20260731,3229,3,305,2391695,3.72
20260731,3229,4,86,1075505,1.67
20260731,3229,5,60,1094872,1.7
20260731,3229,6,41,1047031,1.62
20260731,3229,7,28,1013829,1.57
20260731,3229,8,16,723690,1.12
20260731,3229,9,31,2157795,3.35
20260731,3229,10,18,2633679,4.09
20260731,3229,11,6,1504409,2.34
20260731,3229,12,0,0,0.0
20260731,3229,13,1,800000,1.24
20260731,3229,14,0,0,0.0
20260731,3229,15,3,44364254,69.03
20260731,3229,16,9853,64263000,100.0
20260731,3231,1,132546,26217728,0.82
20260731,3231,2,201179,379541399,11.93
20260731,3231,3,20230,156611580,4.92
20260731,3231,4,5771,72979652,2.29
20260731,3231,5,3307,61057448,1.92
20260731,3231,6,2552,64656418,2.03
20260731,3231,7,1051,37414572,1.17
20260731,3231,8,749,34653916,1.08
20260731,3231,9,1221,87249942,2.74
20260731,3231,10,579,81674619,2.56
20260731,3231,11,269,75876921,2.38
20260731,3231,12,113,55142779,1.73
20260731,3231,13,54,37362661,1.17
20260731,3231,14,39,35246230,1.1
20260731,3231,15,290,1974372385,62.08
20260731,3231,16,0,-6000,0.0
20260731,3231,17,369950,3180052250,100.0
20260731,3257,1,19379,631634,0.79
20260731,3257,2,8405,15531389,19.45
20260731,3257,3,759,6004221,7.52
20260731,3257,4,202,2580481,3.23
20260731,3257,5,140,2591112,3.24
20260731,3257,6,103,2624296,3.28
20260731,3257,7,43,1489319,1.86
20260731,3257,8,26,1218225,1.52
20260731,3257,9,75,5158858,6.46
20260731,3257,10,24,3382613,4.23
20260731,3257,11,14,3629470,4.54
20260731,3257,12,2,1121000,1.4
20260731,3257,13,5,3372763,4.22
20260731,3257,14,1,868737,1.08
20260731,3257,15,3,29619472,37.1
20260731,3257,16,29181,79823590,100.0
20260731,3266,1,1013,109289,0.03
20260731,3266,2,1931,3993240,1.13
20260731,3266,3,309,2489056,0.7
20260731,3266,4,129,1635750,0.46
20260731,3266,5,81,1502074,0.42
20260731,3266,6,84,2119545,0.6
20260731,3266,7,50,1758820,0.49
20260731,3266,8,36,1642958,0.46
20260731,3266,9,60,4498628,1.27
20260731,3266,10,44,6284827,1.78
20260731,3266,11,29,8004801,2.27
20260731,3266,12,4,1888401,0.53
20260731,3266,13,2,1428000,0.4
20260731,3266,14,1,936000,0.26
20260731,3266,15,21,314022920,89.13
20260731,3266,16,3794,352314309,100.0
20260731,3296,1,4284,906777,0.93
20260731,3296,2,2287,4502634,4.65
20260731,3296,3,237,1818565,1.88
20260731,3296,4,81,1058030,1.09
20260731,3296,5,40,739482,0.76
20260731,3296,6,57,1492000,1.54
20260731,3296,7,28,1027174,1.06
20260731,3296,8,13,591430,0.61
20260731,3296,9,42,2833681,2.92
20260731,3296,10,17,2314371,2.39
20260731,3296,11,18,5063192,5.23
20260731,3296,12,4,2102915,2.17
20260731,3296,13,2,1216704,1.25
20260731,3296,14,2,1850908,1.91
20260731,3296,15,23,69206587,71.55
20260731,3296,16,7135,96724450,100.0
20260731,3305,1,39751,1748542,1.2
20260731,3305,2,17555,31163400,21.53
20260731,3305,3,1424,11185812,7.72
20260731,3305,4,356,4581609,3.16
20260731,3305,5,223,4150254,2.86
20260731,3305,6,180,4594563,3.17
20260731,3305,7,75,2671834,1.84
20260731,3305,8,40,1883019,1.3
20260731,3305,9,84,5974422,4.12
20260731,3305,10,51,6978235,4.82
20260731,3305,11,16,4801775,3.31
20260731,3305,12,10,4940743,3.41
20260731,3305,13,5,3424974,2.36
20260731,3305,14,2,1920634,1.32
20260731,3305,15,11,54703158,37.79
20260731,3305,16,59783,144722974,100.0
20260731,3308,1,6286,1909522,3.18
20260731,3308,2,3479,7039427,11.73
20260731,3308,3,452,3293356,5.48
20260731,3308,4,88,1116280,1.86
20260731,3308,5,62,1112335,1.85
20260731,3308,6,50,1266485,2.11
20260731,3308,7,25,879991,1.46
20260731,3308,8,18,815479,1.35
20260731,3308,9,28,1846334,3.07
20260731,3308,10,13,1862658,3.1
20260731,3308,11,7,1880816,3.13
20260731,3308,12,0,0,0.0
20260731,3308,13,1,740680,1.23
20260731,3308,14,1,918929,1.53
20260731,3308,15,6,35317708,58.86
20260731,3308,16,10516,60000000,100.0
20260731,3311,1,31940,2243142,2.24
20260731,3311,2,5991,11634617,11.63
20260731,3311,3,653,4984082,4.98
20260731,3311,4,169,2125502,2.12
20260731,3311,5,111,2025856,2.02
20260731,3311,6,127,3204079,3.2
20260731,3311,7,55,1958879,1.95
20260731,3311,8,34,1551065,1.55
20260731,3311,9,61,4180073,4.18
20260731,3311,10,32,4814816,4.81
20260731,3311,11,13,3751011,3.75
20260731,3311,12,7,3362906,3.36
20260731,3311,13,4,2741820,2.74
20260731,3311,14,1,858329,0.85
20260731,3311,15,8,50563823,50.56
20260731,3311,16,39206,100000000,100.0
20260731,3312,1,45482,1260910,0.69
20260731,3312,2,19474,37271001,20.4
20260731,3312,3,2121,16475392,9.02
20260731,3312,4,589,7512516,4.11
20260731,3312,5,334,6128431,3.35
20260731,3312,6,230,5826396,3.19
20260731,3312,7,88,3132770,1.71
20260731,3312,8,68,3111581,1.7
20260731,3312,9,117,8313049,4.55
20260731,3312,10,43,5607112,3.07
20260731,3312,11,20,5270841,2.88
20260731,3312,12,8,3780317,2.06
20260731,3312,13,2,1500138,0.82
20260731,3312,14,1,955166,0.52
20260731,3312,15,11,76481195,41.87
20260731,3312,16,68588,182626815,100.0
20260731,3321,1,23749,1260670,1.46
20260731,3321,2,3104,6684581,7.76
20260731,3321,3,602,4579693,5.31
20260731,3321,4,221,2785425,3.23
20260731,3321,5,162,2943153,3.41
20260731,3321,6,155,3905204,4.53
20260731,3321,7,60,2157477,2.5
20260731,3321,8,56,2616839,3.03
20260731,3321,9,88,6499333,7.54
20260731,3321,10,45,6163118,7.15
20260731,3321,11,18,5190159,6.02
20260731,3321,12,10,4891724,5.68
20260731,3321,13,3,2168407,2.51
20260731,3321,14,2,1905426,2.21
20260731,3321,15,7,32362560,37.58
20260731,3321,16,28282,86113769,100.0
20260731,3338,1,47429,617823,0.7
20260731,3338,2,12844,23227301,26.42
20260731,3338,3,1122,8953240,10.18
20260731,3338,4,288,3737937,4.25
20260731,3338,5,170,3196039,3.63
20260731,3338,6,145,3742200,4.25
20260731,3338,7,56,2057449,2.34
20260731,3338,8,39,1836829,2.08
20260731,3338,9,62,4494784,5.11
20260731,3338,10,32,4414396,5.02
20260731,3338,11,19,5601198,6.37
20260731,3338,12,4,2093439,2.38
20260731,3338,13,3,2121046,2.41
20260731,3338,14,1,888276,1.01
20260731,3338,15,6,20926184,23.8
20260731,3338,16,62220,87908141,100.0
20260731,3346,1,25380,455408,0.37
20260731,3346,2,10678,22082410,18.21
20260731,3346,3,1680,13085522,10.79
20260731,3346,4,574,7197674,5.93
20260731,3346,5,345,6282448,5.18
20260731,3346,6,290,7287400,6.01
20260731,3346,7,121,4303326,3.54
20260731,3346,8,83,3777831,3.11
20260731,3346,9,130,9148852,7.54
20260731,3346,10,54,7466356,6.15
20260731,3346,11,28,8193956,6.75
20260731,3346,12,5,2325649,1.91
20260731,3346,13,3,2052776,1.69
20260731,3346,14,3,2705426,2.23
20260731,3346,15,8,24863318,20.5
20260731,3346,16,39382,121228352,100.0
20260731,3356,1,27552,1794726,2.22
20260731,3356,2,6610,13821648,17.16
20260731,3356,3,993,7468454,9.27
20260731,3356,4,298,3720771,4.61
20260731,3356,5,173,3107395,3.85
20260731,3356,6,147,3616226,4.48
20260731,3356,7,70,2433795,3.02
20260731,3356,8,43,1951867,2.42
20260731,3356,9,76,5377041,6.67
20260731,3356,10,30,4019993,4.99
20260731,3356,11,22,6099946,7.57
20260731,3356,12,4,2246236,2.78
20260731,3356,13,2,1433763,1.78
20260731,3356,14,2,1702083,2.11
20260731,3356,15,7,21747728,27.0
20260731,3356,16,36029,80541672,100.0
20260731,3376,1,28115,3078246,1.57
20260731,3376,2,20621,37264366,19.03
20260731,3376,3,1820,13940090,7.12
20260731,3376,4,552,7013048,3.58
20260731,3376,5,278,5070425,2.58
20260731,3376,6,232,5942832,3.03
20260731,3376,7,94,3360135,1.71
20260731,3376,8,73,3418567,1.74
20260731,3376,9,123,8643713,4.41
20260731,3376,10,64,8607376,4.39
20260731,3376,11,52,15152745,7.73
20260731,3376,12,22,10889062,5.56
20260731,3376,13,10,6814102,3.48
20260731,3376,14,5,4263851,2.17
20260731,3376,15,22,62321657,31.83
20260731,3376,16,52083,195780215,100.0
20260731,3380,1,14234,1639246,0.3
20260731,3380,2,22056,46614506,8.6
20260731,3380,3,3358,27624428,5.09
20260731,3380,4,848,10982084,2.02
20260731,3380,5,655,12321472,2.27
20260731,3380,6,503,13126061,2.42
20260731,3380,7,220,7993080,1.47
20260731,3380,8,164,7750289,1.43
20260731,3380,9,323,23557827,4.34
20260731,3380,10,134,18393455,3.39
20260731,3380,11,57,15841657,2.92
20260731,3380,12,12,5969554,1.1
20260731,3380,13,2,1257750,0.23
20260731,3380,14,4,3377430,0.62
20260731,3380,15,16,345269621,63.73
20260731,3380,16,42586,541718460,100.0
20260731,3406,1,25485,1919713,1.7
20260731,3406,2,8565,14022934,12.43
20260731,3406,3,508,3935269,3.49
20260731,3406,4,143,1818399,1.61
20260731,3406,5,87,1591196,1.41
20260731,3406,6,86,2144386,1.9
20260731,3406,7,57,2007079,1.78
20260731,3406,8,33,1505589,1.33
20260731,3406,9,83,5817797,5.16
20260731,3406,10,58,7999525,7.09
20260731,3406,11,35,9942921,8.81
20260731,3406,12,14,7029177,6.23
20260731,3406,13,6,4091199,3.62
20260731,3406,14,8,7362882,6.53
20260731,3406,15,18,41554997,36.85
20260731,3406,16,35186,112743063,100.0
20260731,3413,1,13767,1797802,1.61
20260731,3413,2,10129,18041977,16.21
20260731,3413,3,833,6352686,5.7
20260731,3413,4,261,3338963,3.0
20260731,3413,5,106,1922465,1.72
20260731,3413,6,101,2551588,2.29
20260731,3413,7,58,2089215,1.87
20260731,3413,8,32,1474201,1.32
20260731,3413,9,71,5070175,4.55
20260731,3413,10,35,4743278,4.26
20260731,3413,11,31,8673134,7.79
20260731,3413,12,7,3615490,3.24
20260731,3413,13,6,4191449,3.76
20260731,3413,14,2,1760410,1.58
20260731,3413,15,15,45650877,41.02
20260731,3413,16,25454,111273710,100.0
20260731,3416,1,3792,601097,0.74
20260731,3416,2,4397,8134752,10.07
20260731,3416,3,506,3838709,4.75
20260731,3416,4,165,2067763,2.55
20260731,3416,5,93,1714961,2.12
20260731,3416,6,96,2379900,2.94
20260731,3416,7,46,1643907,2.03
20260731,3416,8,27,1224233,1.51
20260731,3416,9,54,3857111,4.77
20260731,3416,10,35,5000551,6.19
20260731,3416,11,16,4282707,5.3
20260731,3416,12,3,1416435,1.75
20260731,3416,13,2,1385156,1.71
20260731,3416,14,2,1820000,2.25
20260731,3416,15,10,41409459,51.26
20260731,3416,16,9244,80776741,100.0
20260731,3419,1,19983,354387,0.29
20260731,3419,2,7952,17671750,14.66
20260731,3419,3,1459,12025117,9.98
20260731,3419,4,388,5042433,4.18
20260731,3419,5,309,5818604,4.82
20260731,3419,6,240,6329987,5.25
20260731,3419,7,124,4471106,3.71
20260731,3419,8,87,4094864,3.39
20260731,3419,9,131,9273785,7.69
20260731,3419,10,63,8551069,7.09
20260731,3419,11,28,8347135,6.92
20260731,3419,12,8,3687315,3.06
20260731,3419,13,5,3432637,2.84
20260731,3419,14,3,2548000,2.11
20260731,3419,15,10,28832228,23.93
20260731,3419,16,30790,120480417,100.0
20260731,3432,1,1326,407828,0.96
20260731,3432,2,1713,3439268,8.14
20260731,3432,3,245,1810711,4.28
20260731,3432,4,71,884494,2.09
20260731,3432,5,55,1014221,2.4
20260731,3432,6,34,871597,2.06
20260731,3432,7,14,482948,1.14
20260731,3432,8,7,324000,0.76
20260731,3432,9,27,2001797,4.74
20260731,3432,10,16,2302936,5.45
20260731,3432,11,2,602000,1.42
20260731,3432,12,2,1031245,2.44
20260731,3432,13,1,634000,1.5
20260731,3432,14,2,1726013,4.08
20260731,3432,15,8,24696942,58.48
20260731,3432,16,3523,42230000,100.0
20260731,3437,1,26202,1489799,1.03
20260731,3437,2,16842,34981702,24.2
20260731,3437,3,2280,18631811,12.88
20260731,3437,4,540,7002916,4.84
20260731,3437,5,394,7487227,5.17
20260731,3437,6,307,8061956,5.57
20260731,3437,7,127,4632674,3.2
20260731,3437,8,70,3269207,2.26
20260731,3437,9,163,11903726,8.23
20260731,3437,10,39,5546282,3.83
20260731,3437,11,23,6333412,4.38
20260731,3437,12,6,2997306,2.07
20260731,3437,13,2,1336760,0.92
20260731,3437,14,2,1807000,1.25
20260731,3437,15,9,29066222,20.1
20260731,3437,16,47006,144548000,100.0
20260731,3443,1,61270,3429667,2.55
20260731,3443,2,4921,8120275,6.05
20260731,3443,3,348,2613904,1.95
20260731,3443,4,161,2072864,1.54
20260731,3443,5,83,1484392,1.1
20260731,3443,6,107,2641926,1.97
20260731,3443,7,59,2106911,1.57
20260731,3443,8,31,1391846,1.03
20260731,3443,9,83,5822204,4.34
20260731,3443,10,50,6996448,5.22
20260731,3443,11,40,11527227,8.6
20260731,3443,12,15,7342800,5.47
20260731,3443,13,6,4262498,3.18
20260731,3443,14,4,3625771,2.7
20260731,3443,15,12,70573178,52.66
20260731,3443,16,67190,134011911,100.0
20260731,3447,1,1000,163641,0.21
20260731,3447,2,3829,7745533,10.0
20260731,3447,3,510,4032934,5.2
20260731,3447,4,149,1962089,2.53
20260731,3447,5,95,1735708,2.24
20260731,3447,6,76,1907946,2.46
20260731,3447,7,37,1286586,1.66
20260731,3447,8,35,1593352,2.05
20260731,3447,9,56,4090051,5.28
20260731,3447,10,28,4010285,5.17
20260731,3447,11,12,3270508,4.22
20260731,3447,12,6,2805459,3.62
20260731,3447,13,2,1476290,1.9
20260731,3447,14,2,1709688,2.2
20260731,3447,15,3,39659050,51.2
20260731,3447,16,5840,77449120,100.0
20260731,3450,1,51595,4001418,2.74
20260731,3450,2,19181,31657427,21.73
20260731,3450,3,1211,9334599,6.4
20260731,3450,4,346,4348805,2.98
20260731,3450,5,177,3231042,2.21
20260731,3450,6,166,4159747,2.85
20260731,3450,7,76,2733416,1.87
20260731,3450,8,41,1912671,1.31
20260731,3450,9,84,6042935,4.14
20260731,3450,10,40,5879093,4.03
20260731,3450,11,20,5660264,3.88
20260731,3450,12,21,10305989,7.07
20260731,3450,13,6,4461140,3.06
20260731,3450,14,7,6055005,4.15
20260731,3450,15,21,45899831,31.5
20260731,3450,16,0,-2000,0.0
20260731,3450,17,72992,145681382,100.0
20260731,3481,1,268730,73370279,0.91
20260731,3481,2,546417,1185031776,14.83
20260731,3481,3,94582,735578343,9.2
20260731,3481,4,29041,368183661,4.6
20260731,3481,5,19192,348829562,4.36
20260731,3481,6,15602,395182480,4.94
20260731,3481,7,7385,262015058,3.27
20260731,3481,8,4668,215955082,2.7
20260731,3481,9,7942,566669060,7.09
20260731,3481,10,3162,438948372,5.49
20260731,3481,11,1217,335786458,4.2
20260731,3481,12,367,178083007,2.22
20260731,3481,13,171,117763386,1.47
20260731,3481,14,84,75253547,0.94
20260731,3481,15,413,2692547266,33.7
20260731,3481,16,998973,7989197337,100.0
20260731,3494,1,14499,1302276,1.37
20260731,3494,2,2411,5645068,5.95
20260731,3494,3,531,3989389,4.2
20260731,3494,4,167,2069430,2.18
20260731,3494,5,129,2298025,2.42
20260731,3494,6,102,2548683,2.68
20260731,3494,7,59,2031152,2.14
20260731,3494,8,36,1612421,1.7
20260731,3494,9,72,5159323,5.44
20260731,3494,10,43,5755078,6.07
20260731,3494,11,14,4035684,4.25
20260731,3494,12,6,3181919,3.35
20260731,3494,13,1,678593,0.71
20260731,3494,14,1,810373,0.85
20260731,3494,15,4,53682586,56.62
20260731,3494,16,18075,94800000,100.0
20260731,3501,1,2357,408231,0.34
20260731,3501,2,8020,16465144,13.92
20260731,3501,3,1104,8637128,7.3
20260731,3501,4,311,3947782,3.33
20260731,3501,5,189,3453090,2.91
20260731,3501,6,154,3900362,3.29
20260731,3501,7,80,2861640,2.41
20260731,3501,8,57,2596713,2.19
20260731,3501,9,74,5246963,4.43
20260731,3501,10,47,6505423,5.5
20260731,3501,11,27,7670357,6.48
20260731,3501,12,6,3354309,2.83
20260731,3501,13,3,2102202,1.77
20260731,3501,14,1,860000,0.72
20260731,3501,15,12,50248583,42.49
20260731,3501,16,12442,118257927,100.0
20260731,3504,1,2794,409051,0.35
20260731,3504,2,9252,16363415,14.34
20260731,3504,3,705,5678550,4.97
20260731,3504,4,192,2457184,2.15
20260731,3504,5,118,2207894,1.93
20260731,3504,6,111,2861359,2.5
20260731,3504,7,44,1585000,1.38
20260731,3504,8,25,1139537,0.99
20260731,3504,9,39,2694856,2.36
20260731,3504,10,24,3220088,2.82
20260731,3504,11,10,3107711,2.72
20260731,3504,12,3,1540624,1.35
20260731,3504,13,2,1261518,1.1
20260731,3504,14,1,820000,0.71
20260731,3504,15,9,68712998,60.24
20260731,3504,16,13329,114059785,100.0
20260731,3515,1,5950,962744,0.77
20260731,3515,2,7258,12785310,10.34
20260731,3515,3,547,4144590,3.35
20260731,3515,4,134,1700783,1.37
20260731,3515,5,75,1364434,1.1
20260731,3515,6,64,1649409,1.33
20260731,3515,7,35,1237590,1.0
20260731,3515,8,16,735717,0.59
20260731,3515,9,47,3319636,2.68
20260731,3515,10,27,3831292,3.1
20260731,3515,11,24,6610463,5.35
20260731,3515,12,6,2910585,2.35
20260731,3515,13,2,1304556,1.05
20260731,3515,14,3,2835551,2.29
20260731,3515,15,7,78151389,63.25
20260731,3515,16,14195,123544049,100.0
20260731,3518,1,22715,327444,0.31
20260731,3518,2,5150,10606129,10.35
20260731,3518,3,830,6544288,6.38
20260731,3518,4,299,3834580,3.74
20260731,3518,5,191,3521359,3.43
20260731,3518,6,177,4431368,4.32
20260731,3518,7,85,3036970,2.96
20260731,3518,8,57,2636823,2.57
20260731,3518,9,111,7716588,7.53
20260731,3518,10,73,9935137,9.69
20260731,3518,11,48,12656862,12.35
20260731,3518,12,10,4895665,4.77
20260731,3518,13,5,3550534,3.46
20260731,3518,14,2,1952926,1.9
20260731,3518,15,12,26820557,26.17
20260731,3518,16,29765,102467230,100.0
20260731,3528,1,2127,310489,0.46
20260731,3528,2,2702,5094226,7.64
20260731,3528,3,315,2366641,3.55
20260731,3528,4,116,1445407,2.16
20260731,3528,5,52,956342,1.43
20260731,3528,6,57,1409783,2.11
20260731,3528,7,31,1090010,1.63
20260731,3528,8,17,767347,1.15
20260731,3528,9,31,2207224,3.31
20260731,3528,10,19,2689866,4.03
20260731,3528,11,7,1840955,2.76
20260731,3528,12,5,2391349,3.58
20260731,3528,13,1,675000,1.01
20260731,3528,14,2,1682250,2.52
20260731,3528,15,5,41712327,62.59
20260731,3528,16,5487,66639216,100.0
20260731,3530,1,7867,321932,0.41
20260731,3530,2,6925,12726739,16.42
20260731,3530,3,616,4735883,6.11
20260731,3530,4,181,2346601,3.02
20260731,3530,5,85,1567357,2.02
20260731,3530,6,74,1884393,2.43
20260731,3530,7,37,1320325,1.7
20260731,3530,8,20,923287,1.19
20260731,3530,9,32,2277688,2.93
20260731,3530,10,17,2318950,2.99
20260731,3530,11,10,2612406,3.37
20260731,3530,12,3,1557463,2.01
20260731,3530,13,2,1293000,1.66
20260731,3530,14,0,0,0.0
20260731,3530,15,8,41589876,53.68
20260731,3530,16,15877,77475900,100.0
20260731,3532,1,12543,1801103,0.46
20260731,3532,2,8090,13159367,3.39
20260731,3532,3,501,3882391,1.0
20260731,3532,4,133,1693747,0.43
20260731,3532,5,63,1152100,0.29
20260731,3532,6,52,1308478,0.33
20260731,3532,7,30,1070419,0.27
20260731,3532,8,21,969646,0.25
20260731,3532,9,44,3218847,0.82
20260731,3532,10,20,2766000,0.71
20260731,3532,11,25,7273704,1.87
20260731,3532,12,13,6595304,1.7
20260731,3532,13,3,2015697,0.51
20260731,3532,14,3,2865003,0.73
20260731,3532,15,14,338076494,87.16
20260731,3532,16,21555,387848300,100.0
20260731,3533,1,17337,1254313,1.11
20260731,3533,2,2249,3925828,3.48
20260731,3533,3,238,1793407,1.59
20260731,3533,4,123,1564896,1.39
20260731,3533,5,57,1017357,0.9
20260731,3533,6,76,1931026,1.71
20260731,3533,7,46,1635381,1.45
20260731,3533,8,29,1314032,1.16
20260731,3533,9,91,6289641,5.58
20260731,3533,10,63,8839439,7.85
20260731,3533,11,36,10181558,9.04
20260731,3533,12,18,9253307,8.22
20260731,3533,13,7,4714930,4.18
20260731,3533,14,9,8052339,7.15
20260731,3533,15,20,50767237,45.11
20260731,3533,16,20399,112534691,100.0
20260731,3535,1,29283,1250647,1.58
20260731,3535,2,12540,22454076,28.4
20260731,3535,3,979,7646476,9.67
20260731,3535,4,280,3594117,4.54
20260731,3535,5,182,3337870,4.22
20260731,3535,6,158,4090840,5.17
20260731,3535,7,56,2054276,2.59
20260731,3535,8,30,1418000,1.79
20260731,3535,9,52,3733895,4.72
20260731,3535,10,33,4801237,6.07
20260731,3535,11,13,4075974,5.15
20260731,3535,12,0,0,0.0
20260731,3535,13,1,746863,0.94
20260731,3535,14,0,0,0.0
20260731,3535,15,6,19848085,25.1
20260731,3535,16,43613,79052356,100.0
20260731,3543,1,19561,251662,0.22
20260731,3543,2,3946,8366082,7.58
20260731,3543,3,683,5498272,4.98
20260731,3543,4,266,3358086,3.04
20260731,3543,5,181,3339982,3.02
20260731,3543,6,137,3570154,3.23
20260731,3543,7,86,3079447,2.79
20260731,3543,8,46,2132336,1.93
20260731,3543,9,118,8268534,7.49
20260731,3543,10,67,9218863,8.36
20260731,3543,11,44,11699606,10.61
20260731,3543,12,12,6061736,5.49
20260731,3543,13,7,4555726,4.13
20260731,3543,14,5,4347983,3.94
20260731,3543,15,16,36514681,33.11
20260731,3543,16,25175,110263150,100.0
20260731,3545,1,45955,2207306,0.99
20260731,3545,2,30390,60302887,27.1
20260731,3545,3,3531,27186572,12.22
20260731,3545,4,973,12407963,5.57
20260731,3545,5,532,9791688,4.4
20260731,3545,6,437,11137100,5.0
20260731,3545,7,189,6787365,3.05
20260731,3545,8,95,4353759,1.95
20260731,3545,9,176,12425376,5.58
20260731,3545,10,65,9283976,4.17
20260731,3545,11,45,12300745,5.52
20260731,3545,12,15,7279410,3.27
20260731,3545,13,7,4798389,2.15
20260731,3545,14,4,3597118,1.61
20260731,3545,15,12,38596362,17.35
20260731,3545,16,82426,222456016,100.0
20260731,3550,1,40851,449519,0.41
20260731,3550,2,8365,16747655,15.57
20260731,3550,3,1150,9122463,8.48
20260731,3550,4,321,4029321,3.74
20260731,3550,5,229,4316595,4.01
20260731,3550,6,175,4523514,4.2
20260731,3550,7,73,2583026,2.4
20260731,3550,8,49,2275577,2.11
20260731,3550,9,83,5889631,5.47
20260731,3550,10,40,5458518,5.07
20260731,3550,11,17,4639459,4.31
20260731,3550,12,6,2630482,2.44
20260731,3550,13,5,3425708,3.18
20260731,3550,14,5,4628844,4.3
20260731,3550,15,14,36829688,34.24
20260731,3550,16,51383,107550000,100.0
20260731,3557,1,16174,663618,0.78
20260731,3557,2,2819,5737073,6.8
20260731,3557,3,557,3880884,4.6
20260731,3557,4,246,2925087,3.46
20260731,3557,5,102,1784626,2.11
20260731,3557,6,139,3379418,4.0
20260731,3557,7,53,1833173,2.17
20260731,3557,8,23,1034774,1.22
20260731,3557,9,70,4995739,5.92
20260731,3557,10,25,3524309,4.17
20260731,3557,11,13,3489306,4.13
20260731,3557,12,4,2062900,2.44
20260731,3557,13,5,3185940,3.77
20260731,3557,14,1,861000,1.02
20260731,3557,15,9,44957588,53.32
20260731,3557,16,20240,84315435,100.0
20260731,3563,1,30457,2417467,3.77
20260731,3563,2,6379,10809483,16.9
20260731,3563,3,420,3052579,4.77
20260731,3563,4,150,1852069,2.89
20260731,3563,5,60,1043815,1.63
20260731,3563,6,69,1704393,2.66
20260731,3563,7,30,1068261,1.67
20260731,3563,8,14,640075,1.0
20260731,3563,9,44,3147192,4.92
20260731,3563,10,20,3019779,4.72
20260731,3563,11,15,4069393,6.36
20260731,3563,12,10,4839572,7.56
20260731,3563,13,3,2071200,3.23
20260731,3563,14,2,1779863,2.78
20260731,3563,15,6,22445717,35.09
20260731,3563,16,37679,63960858,100.0
20260731,3576,1,83068,14752442,0.9
20260731,3576,2,95672,214148218,13.15
20260731,3576,3,19808,154304779,9.47
20260731,3576,4,5985,75521839,4.63
20260731,3576,5,4073,75372944,4.63
20260731,3576,6,3329,84958414,5.21
20260731,3576,7,1600,57060601,3.5
20260731,3576,8,998,46571298,2.86
20260731,3576,9,1587,114095870,7.0
20260731,3576,10,664,91823993,5.64
20260731,3576,11,256,70513178,4.33
20260731,3576,12,71,34440963,2.11
20260731,3576,13,24,17147481,1.05
20260731,3576,14,20,17903222,1.09
20260731,3576,15,66,559180133,34.35
20260731,3576,16,217221,1627795375,100.0
20260731,3583,1,21291,2238559,2.66
20260731,3583,2,8203,12621354,15.05
20260731,3583,3,334,2556025,3.04
20260731,3583,4,82,1049479,1.25
20260731,3583,5,44,787760,0.93
20260731,3583,6,49,1287485,1.53
20260731,3583,7,31,1081547,1.28
20260731,3583,8,18,814878,0.97
20260731,3583,9,33,2312831,2.75
20260731,3583,10,22,3150520,3.75
20260731,3583,11,13,3426270,4.08
20260731,3583,12,6,2938818,3.5
20260731,3583,13,6,4106985,4.89
20260731,3583,14,2,1900000,2.26
20260731,3583,15,14,43586133,51.97
20260731,3583,16,30148,83858644,100.0
20260731,3588,1,40239,759921,1.22
20260731,3588,2,7481,13742120,22.16
20260731,3588,3,959,6593349,10.63
20260731,3588,4,316,3797442,6.12
20260731,3588,5,136,2405217,3.87
20260731,3588,6,143,3486271,5.62
20260731,3588,7,56,1911820,3.08
20260731,3588,8,32,1426878,2.3
20260731,3588,9,58,3974664,6.41
20260731,3588,10,32,4329141,6.98
20260731,3588,11,10,2745944,4.42
20260731,3588,12,0,0,0.0
20260731,3588,13,5,3538679,5.7
20260731,3588,14,2,1730702,2.79
20260731,3588,15,5,11551034,18.63
20260731,3588,16,49474,61993182,100.0
20260731,3591,1,40789,662405,0.45
20260731,3591,2,9175,18207677,12.52
20260731,3591,3,1204,9219389,6.34
20260731,3591,4,369,4561299,3.13
20260731,3591,5,199,3664379,2.52
20260731,3591,6,194,4923108,3.38
20260731,3591,7,80,2837957,1.95
20260731,3591,8,50,2284960,1.57
20260731,3591,9,115,7766842,5.34
20260731,3591,10,44,6167605,4.24
20260731,3591,11,21,5703735,3.92
20260731,3591,12,9,4423415,3.04
20260731,3591,13,6,4066108,2.79
20260731,3591,14,2,1842390,1.26
20260731,3591,15,21,69055566,47.49
20260731,3591,16,52278,145386835,100.0
20260731,3592,1,25731,1526863,2.01
20260731,3592,2,9418,16728326,22.05
20260731,3592,3,769,5932137,7.82
20260731,3592,4,230,2961145,3.9
20260731,3592,5,107,1957919,2.58
20260731,3592,6,92,2330513,3.07
20260731,3592,7,46,1600059,2.1
20260731,3592,8,34,1546647,2.03
20260731,3592,9,67,4787715,6.31
20260731,3592,10,30,4383206,5.77
20260731,3592,11,18,4871532,6.42
20260731,3592,12,8,3958723,5.21
20260731,3592,13,5,3701031,4.87
20260731,3592,14,1,992548,1.3
20260731,3592,15,5,18576862,24.48
20260731,3592,16,36561,75855226,100.0
20260731,3593,1,22534,902853,1.48
20260731,3593,2,1496,3056524,5.02
20260731,3593,3,267,1841225,3.02
20260731,3593,4,93,1135291,1.86
20260731,3593,5,59,1058375,1.74
20260731,3593,6,61,1509450,2.48
20260731,3593,7,31,1092227,1.79
20260731,3593,8,16,729025,1.19
20260731,3593,9,38,2665891,4.38
20260731,3593,10,31,4395155,7.22
20260731,3593,11,12,3376052,5.55
20260731,3593,12,7,3426734,5.63
20260731,3593,13,6,4302355,7.07
20260731,3593,14,1,911054,1.49
20260731,3593,15,4,30423238,50.01
20260731,3593,16,24656,60825449,100.0
20260731,3596,1,11936,1105511,0.5
20260731,3596,2,8259,14630247,6.63
20260731,3596,3,691,5317616,2.41
20260731,3596,4,214,2708983,1.22
20260731,3596,5,117,2129845,0.96
20260731,3596,6,104,2628689,1.19
20260731,3596,7,45,1568052,0.71
20260731,3596,8,38,1747562,0.79
20260731,3596,9,78,5532858,2.51
20260731,3596,10,67,9538157,4.32
20260731,3596,11,34,9431453,4.28
20260731,3596,12,26,12695480,5.76
20260731,3596,13,7,4761647,2.16
20260731,3596,14,10,8746438,3.96
20260731,3596,15,33,137811783,62.54
20260731,3596,16,21659,220354321,100.0
20260731,3605,1,27826,1236632,0.7
20260731,3605,2,13712,24778288,14.11
20260731,3605,3,1408,10566912,6.01
20260731,3605,4,465,5725193,3.26
20260731,3605,5,236,4285734,2.44
20260731,3605,6,210,5149306,2.93
20260731,3605,7,108,3747395,2.13
20260731,3605,8,53,2402117,1.36
20260731,3605,9,90,6214412,3.53
20260731,3605,10,47,6612922,3.76
20260731,3605,11,27,7731427,4.4
20260731,3605,12,11,5255161,2.99
20260731,3605,13,7,4755029,2.7
20260731,3605,14,3,2710010,1.54
20260731,3605,15,29,84412267,48.07
20260731,3605,16,0,-600,0.0
20260731,3605,17,44232,175582205,100.0
20260731,3607,1,38179,153888,0.12
20260731,3607,2,6334,13735571,11.28
20260731,3607,3,1162,9588755,7.88
20260731,3607,4,332,4346543,3.57
20260731,3607,5,265,5000944,4.11
20260731,3607,6,225,5776928,4.74
20260731,3607,7,135,4823384,3.96
20260731,3607,8,78,3694824,3.03
20260731,3607,9,170,12359972,10.15
20260731,3607,10,72,10548810,8.67
20260731,3607,11,42,11700677,9.61
20260731,3607,12,9,4468648,3.67
20260731,3607,13,5,3359899,2.76
20260731,3607,14,7,6089256,5.0
20260731,3607,15,14,26014140,21.38
20260731,3607,16,47029,121662239,100.0
20260731,3617,1,3148,468077,0.49
20260731,3617,2,3804,6871188,7.25
20260731,3617,3,323,2464658,2.6
20260731,3617,4,122,1520119,1.6
20260731,3617,5,68,1216063,1.28
20260731,3617,6,69,1748825,1.84
20260731,3617,7,35,1251148,1.32
20260731,3617,8,20,888387,0.93
20260731,3617,9,45,3186123,3.36
20260731,3617,10,26,3573616,3.77
20260731,3617,11,31,8102159,8.54
20260731,3617,12,14,7070704,7.46
20260731,3617,13,7,4492756,4.74
20260731,3617,14,1,952747,1.0
20260731,3617,15,17,50959479,53.77
20260731,3617,16,7730,94766049,100.0
20260731,3622,1,14168,499301,0.32
20260731,3622,2,8464,16345548,10.8
20260731,3622,3,1075,8245772,5.44
20260731,3622,4,311,3889046,2.56
20260731,3622,5,195,3566894,2.35
20260731,3622,6,168,4286269,2.83
20260731,3622,7,77,2760233,1.82
20260731,3622,8,44,2040142,1.34
20260731,3622,9,94,6544577,4.32
20260731,3622,10,45,6575382,4.34
20260731,3622,11,27,7410427,4.89
20260731,3622,12,6,2934463,1.93
20260731,3622,13,2,1344137,0.88
20260731,3622,14,4,3632000,2.4
20260731,3622,15,9,81253409,53.69
20260731,3622,16,24689,151327600,100.0
20260731,3645,1,44676,1403457,1.02
20260731,3645,2,14679,26833719,19.62
20260731,3645,3,1267,9823763,7.18
20260731,3645,4,381,4841601,3.54
20260731,3645,5,238,4415685,3.22
20260731,3645,6,174,4451340,3.25
20260731,3645,7,80,2838852,2.07
20260731,3645,8,50,2301835,1.68
20260731,3645,9,77,5570161,4.07
20260731,3645,10,37,5159470,3.77
20260731,3645,11,29,8233292,6.02
20260731,3645,12,12,5956740,4.35
20260731,3645,13,6,4209017,3.07
20260731,3645,14,2,1677682,1.22
20260731,3645,15,25,49037593,35.85
20260731,3645,16,61733,136754207,100.0
20260731,3652,1,719,103549,0.13
20260731,3652,2,2394,4566223,6.08
20260731,3652,3,294,2406107,3.2
20260731,3652,4,72,938740,1.25
20260731,3652,5,48,883618,1.17
20260731,3652,6,54,1409066,1.87
20260731,3652,7,22,776766,1.03
20260731,3652,8,14,641486,0.85
20260731,3652,9,43,2922627,3.89
20260731,3652,10,25,3548259,4.72
20260731,3652,11,11,2704277,3.6
20260731,3652,12,4,1834147,2.44
20260731,3652,13,2,1429000,1.9
20260731,3652,14,0,0,0.0
20260731,3652,15,7,50933635,67.82
20260731,3652,16,3709,75097500,100.0
20260731,3653,1,54109,2861123,1.94
20260731,3653,2,2892,4975378,3.39
20260731,3653,3,295,2208225,1.5
20260731,3653,4,132,1693894,1.15
20260731,3653,5,78,1386209,0.94
20260731,3653,6,103,2547682,1.73
20260731,3653,7,47,1622228,1.1
20260731,3653,8,37,1676687,1.14
20260731,3653,9,83,5668147,3.86
20260731,3653,10,54,7443738,5.07
20260731,3653,11,40,11017502,7.5
20260731,3653,12,14,6461713,4.4
20260731,3653,13,3,2118822,1.44
20260731,3653,14,4,3878065,2.64
20260731,3653,15,23,91173390,62.13
20260731,3653,16,57914,146732803,100.0
20260731,3661,1,82278,5669570,6.57
20260731,3661,2,6738,11483056,13.31
20260731,3661,3,471,3484425,4.03
20260731,3661,4,173,2181281,2.52
20260731,3661,5,98,1753502,2.03
20260731,3661,6,98,2451642,2.84
20260731,3661,7,52,1830651,2.12
20260731,3661,8,37,1674068,1.94
20260731,3661,9,98,6949533,8.05
20260731,3661,10,67,10063613,11.66
20260731,3661,11,29,8140604,9.43
20260731,3661,12,15,7418577,8.59
20260731,3661,13,7,5058538,5.86
20260731,3661,14,5,4491863,5.2
20260731,3661,15,10,13612316,15.77
20260731,3661,16,90176,86263239,100.0
20260731,3665,1,41912,3582314,1.83
20260731,3665,2,5983,9753338,4.99
20260731,3665,3,466,3344398,1.71
20260731,3665,4,190,2312156,1.18
20260731,3665,5,89,1564134,0.8
20260731,3665,6,145,3666844,1.87
20260731,3665,7,86,2994980,1.53
20260731,3665,8,52,2340053,1.19
20260731,3665,9,157,10914461,5.59
20260731,3665,10,85,12349443,6.33
20260731,3665,11,85,23248768,11.91
20260731,3665,12,22,10965100,5.62
20260731,3665,13,16,11396359,5.84
20260731,3665,14,13,11530237,5.91
20260731,3665,15,32,85115820,43.63
20260731,3665,16,49333,195078405,100.0
20260731,3669,1,1179,153336,0.16
20260731,3669,2,5561,10715456,11.53
20260731,3669,3,666,5300144,5.7
20260731,3669,4,206,2671818,2.87
20260731,3669,5,119,2205936,2.37
20260731,3669,6,89,2259013,2.43
20260731,3669,7,30,1086564,1.16
20260731,3669,8,38,1748423,1.88
20260731,3669,9,59,4089719,4.4
20260731,3669,10,29,4063356,4.37
20260731,3669,11,11,3057879,3.29
20260731,3669,12,4,2016000,2.16
20260731,3669,13,3,1925239,2.07
20260731,3669,14,1,812253,0.87
20260731,3669,15,3,50814814,54.68
20260731,3669,16,7998,92919950,100.0
20260731,3673,1,39858,1905975,0.46
20260731,3673,2,36533,72263274,17.76
20260731,3673,3,4509,35920564,8.83
20260731,3673,4,1304,16888861,4.15
20260731,3673,5,803,14950331,3.67
20260731,3673,6,627,16068116,3.95
20260731,3673,7,325,11669803,2.86
20260731,3673,8,171,7993648,1.96
20260731,3673,9,321,22760260,5.59
20260731,3673,10,149,21030110,5.17
20260731,3673,11,56,15099959,3.71
20260731,3673,12,19,9846948,2.42
20260731,3673,13,11,7890035,1.94
20260731,3673,14,10,8710555,2.14
20260731,3673,15,32,143665320,35.32
20260731,3673,16,84728,406663759,100.0
20260731,3679,1,1773,267440,0.42
20260731,3679,2,2589,4737394,7.51
20260731,3679,3,307,2404186,3.81
20260731,3679,4,100,1271889,2.01
20260731,3679,5,48,868257,1.37
20260731,3679,6,53,1309463,2.07
20260731,3679,7,18,625205,0.99
20260731,3679,8,17,767267,1.21
20260731,3679,9,34,2407529,3.82
20260731,3679,10,26,3432989,5.44
20260731,3679,11,12,3408052,5.4
20260731,3679,12,6,3184730,5.05
20260731,3679,13,6,4295835,6.81
20260731,3679,14,0,0,0.0
20260731,3679,15,13,34041993,54.01
20260731,3679,16,5002,63022229,100.0
20260731,3686,1,53135,2667699,3.48
20260731,3686,2,7290,15254330,19.94
20260731,3686,3,1118,8534193,11.15
20260731,3686,4,333,4125560,5.39
20260731,3686,5,187,3460819,4.52
20260731,3686,6,156,3881033,5.07
20260731,3686,7,84,2947878,3.85
20260731,3686,8,49,2253722,2.94
20260731,3686,9,84,5882880,7.69
20260731,3686,10,32,4419427,5.77
20260731,3686,11,24,6433345,8.41
20260731,3686,12,5,2409044,3.14
20260731,3686,13,2,1393885,1.82
20260731,3686,14,0,0,0.0
20260731,3686,15,7,12831303,16.77
20260731,3686,16,62506,76495118,100.0
20260731,3694,1,2638,456451,0.29
20260731,3694,2,9749,18564229,11.98
20260731,3694,3,1095,8893051,5.74
20260731,3694,4,320,4166181,2.68
20260731,3694,5,230,4274864,2.75
20260731,3694,6,168,4338768,2.8
20260731,3694,7,60,2196518,1.41
20260731,3694,8,35,1592260,1.02
20260731,3694,9,88,6378641,4.11
20260731,3694,10,53,7417310,4.78
20260731,3694,11,22,6061485,3.91
20260731,3694,12,7,3128600,2.01
20260731,3694,13,6,3978654,2.56
20260731,3694,14,0,0,0.0
20260731,3694,15,7,83482196,53.88
20260731,3694,16,14478,154929208,100.0
20260731,3701,1,35269,2008092,0.84
20260731,3701,2,11659,22552681,9.52
20260731,3701,3,1275,10061530,4.25
20260731,3701,4,371,4745666,2.0
20260731,3701,5,217,4045798,1.7
20260731,3701,6,131,3410946,1.44
20260731,3701,7,65,2368838,1.0
20260731,3701,8,53,2486812,1.05
20260731,3701,9,63,4295355,1.81
20260731,3701,10,26,3604517,1.52
20260731,3701,11,14,3923725,1.65
20260731,3701,12,6,2922820,1.23
20260731,3701,13,1,768181,0.32
20260731,3701,14,1,902011,0.38
20260731,3701,15,14,168571911,71.22
20260731,3701,16,49165,236668883,100.0
20260731,3702,1,53282,5483599,0.31
20260731,3702,2,29561,59321596,3.38
20260731,3702,3,4245,31429597,1.79
20260731,3702,4,1346,16631552,0.94
20260731,3702,5,702,12614335,0.72
20260731,3702,6,679,17056295,0.97
20260731,3702,7,313,11052584,0.63
20260731,3702,8,180,8270904,0.47
20260731,3702,9,404,28892400,1.64
20260731,3702,10,250,34873481,1.99
20260731,3702,11,160,44277305,2.52
20260731,3702,12,75,36861504,2.1
20260731,3702,13,45,31187069,1.78
20260731,3702,14,24,21786517,1.24
20260731,3702,15,205,1391635569,79.45
20260731,3702,16,91471,1751374307,100.0
20260731,3703,1,9595,2260195,0.27
20260731,3703,2,17679,38593101,4.68
20260731,3703,3,3391,26387086,3.2
20260731,3703,4,1258,15853838,1.92
20260731,3703,5,777,14302462,1.73
20260731,3703,6,676,16966917,2.06
20260731,3703,7,362,12841769,1.55
20260731,3703,8,220,10175082,1.23
20260731,3703,9,436,31004483,3.76
20260731,3703,10,187,26373533,3.2
20260731,3703,11,110,30523421,3.7
20260731,3703,12,33,16592611,2.01
20260731,3703,13,12,8659349,1.05
20260731,3703,14,12,10766166,1.3
20260731,3703,15,50,561915967,68.25
20260731,3703,16,34798,823215980,100.0
20260731,3704,1,20777,3275699,0.78
20260731,3704,2,16108,33706411,8.11
20260731,3704,3,2469,19377623,4.66
20260731,3704,4,678,8567088,2.06
20260731,3704,5,471,8675483,2.08
20260731,3704,6,334,8484493,2.04
20260731,3704,7,152,5419981,1.3
20260731,3704,8,127,5875464,1.41
20260731,3704,9,216,15599146,3.75
20260731,3704,10,104,14325069,3.44
20260731,3704,11,48,14286550,3.43
20260731,3704,12,25,13209110,3.17
20260731,3704,13,13,9037730,2.17
20260731,3704,14,7,6220575,1.49
20260731,3704,15,41,249384548,60.02
20260731,3704,16,41570,415444970,100.0
20260731,3705,1,15678,922604,0.34
20260731,3705,2,8233,16385490,6.15
20260731,3705,3,1288,9683622,3.63
20260731,3705,4,450,5505476,2.06
20260731,3705,5,266,4791546,1.79
20260731,3705,6,225,5560983,2.08
20260731,3705,7,96,3399427,1.27
20260731,3705,8,87,4003794,1.5
20260731,3705,9,149,10805779,4.05
20260731,3705,10,87,12251572,4.59
20260731,3705,11,34,9345721,3.5
20260731,3705,12,11,5228363,1.96
20260731,3705,13,11,7957263,2.98
20260731,3705,14,9,7960926,2.98
20260731,3705,15,42,162620417,61.03
20260731,3705,16,26666,266422983,100.0
20260731,3706,1,79559,13300287,1.0
20260731,3706,2,97538,191657579,14.44
20260731,3706,3,13026,97911773,7.37
20260731,3706,4,4068,50133713,3.77
20260731,3706,5,2137,38629299,2.91
20260731,3706,6,1798,44914681,3.38
20260731,3706,7,806,28519109,2.14
20260731,3706,8,518,23895722,1.8
20260731,3706,9,759,52745247,3.97
20260731,3706,10,276,38570639,2.9
20260731,3706,11,113,30307038,2.28
20260731,3706,12,33,16648371,1.25
20260731,3706,13,14,9311281,0.7
20260731,3706,14,21,19252718,1.45
20260731,3706,15,65,671415011,50.58
20260731,3706,16,200731,1327212468,100.0
20260731,3708,1,36207,678081,0.73
20260731,3708,2,8892,16408548,17.68
20260731,3708,3,768,5965260,6.43
20260731,3708,4,228,2916092,3.14
20260731,3708,5,127,2347861,2.53
20260731,3708,6,108,2700313,2.91
20260731,3708,7,43,1510826,1.62
20260731,3708,8,40,1864119,2.0
20260731,3708,9,57,3913415,4.21
20260731,3708,10,24,3370517,3.63
20260731,3708,11,19,5292192,5.7
20260731,3708,12,9,4399868,4.74
20260731,3708,13,4,2891497,3.11
20260731,3708,14,1,921000,0.99
20260731,3708,15,9,37582314,40.51
20260731,3708,16,46536,92761903,100.0
20260731,3711,1,251782,35374248,0.78
20260731,3711,2,89349,160651144,3.58
20260731,3711,3,8257,60867426,1.35
20260731,3711,4,2403,29847510,0.66
20260731,3711,5,1321,23504970,0.52
20260731,3711,6,1124,28020957,0.62
20260731,3711,7,513,17929571,0.4
20260731,3711,8,360,16356214,0.36
20260731,3711,9,741,52559408,1.17
20260731,3711,10,494,68545378,1.52
20260731,3711,11,365,104125797,2.32
20260731,3711,12,199,99479377,2.22
20260731,3711,13,95,65128645,1.45
20260731,3711,14,83,73954548,1.65
20260731,3711,15,419,3644024289,81.33
20260731,3711,16,357505,4480369482,100.0
20260731,3712,1,12877,3158797,1.28
20260731,3712,2,12969,26890953,10.92
20260731,3712,3,2028,15685806,6.37
20260731,3712,4,564,7226698,2.93
20260731,3712,5,357,6571982,2.66
20260731,3712,6,304,7694047,3.12
20260731,3712,7,149,5307876,2.15
20260731,3712,8,90,4168886,1.69
20260731,3712,9,151,10566798,4.29
20260731,3712,10,68,9922342,4.02
20260731,3712,11,24,6956342,2.82
20260731,3712,12,4,1958695,0.79
20260731,3712,13,0,0,0.0
20260731,3712,14,3,2857303,1.16
20260731,3712,15,15,137275621,55.74
20260731,3712,16,29603,246242146,100.0
20260731,3714,1,87315,10530459,1.42
20260731,3714,2,59356,118329718,16.03
20260731,3714,3,7369,57152821,7.74
20260731,3714,4,2199,28143387,3.81
20260731,3714,5,1392,25590811,3.46
20260731,3714,6,1163,29658250,4.01
20260731,3714,7,540,19348663,2.62
20260731,3714,8,346,15943801,2.16
20260731,3714,9,659,46335771,6.27
20260731,3714,10,306,42257681,5.72
20260731,3714,11,121,33596458,4.55
20260731,3714,12,43,20339486,2.75
20260731,3714,13,13,9037692,1.22
20260731,3714,14,16,14424049,1.95
20260731,3714,15,55,267251413,36.21
20260731,3714,16,160893,737940460,100.0
20260731,3715,1,45948,6134794,2.16
20260731,3715,2,44368,82111135,28.95
20260731,3715,3,3936,29826802,10.51
20260731,3715,4,1005,12634494,4.45
20260731,3715,5,545,9944637,3.5
20260731,3715,6,456,11397850,4.01
20260731,3715,7,178,6329422,2.23
20260731,3715,8,110,5034721,1.77
20260731,3715,9,186,13152542,4.63
20260731,3715,10,66,9214342,3.24
20260731,3715,11,49,13383661,4.71
20260731,3715,12,17,8421215,2.96
20260731,3715,13,10,6969516,2.45
20260731,3715,14,9,8141914,2.87
20260731,3715,15,26,60888539,21.47
20260731,3715,16,0,-11000,0.0
20260731,3715,17,96909,283574584,100.0
20260731,3716,1,41241,3696437,2.46
20260731,3716,2,10239,20695746,13.81
20260731,3716,3,1152,8833389,5.89
20260731,3716,4,342,4371246,2.91
20260731,3716,5,173,3128564,2.08
20260731,3716,6,171,4383623,2.92
20260731,3716,7,104,3739162,2.49
20260731,3716,8,55,2570364,1.71
20260731,3716,9,115,8097969,5.4
20260731,3716,10,42,6049165,4.03
20260731,3716,11,16,4789764,3.19
20260731,3716,12,9,4066940,2.71
20260731,3716,13,6,4108481,2.74
20260731,3716,14,2,1819186,1.21
20260731,3716,15,15,69415578,46.34
20260731,3716,16,53682,149765614,100.0
20260731,3717,1,31490,370979,0.17
20260731,3717,2,14229,30160622,14.25
20260731,3717,3,2241,18716713,8.84
20260731,3717,4,621,8209725,3.87
20260731,3717,5,509,9674476,4.57
20260731,3717,6,412,10861398,5.13
20260731,3717,7,180,6511495,3.07
20260731,3717,8,122,5758953,2.72
20260731,3717,9,229,16531870,7.81
20260731,3717,10,104,14677415,6.93
20260731,3717,11,44,12119964,5.72
20260731,3717,12,17,8199636,3.87
20260731,3717,13,8,5425793,2.56
20260731,3717,14,5,4651647,2.19
20260731,3717,15,22,59724996,28.22
20260731,3717,16,50233,211595682,100.0
20260731,4104,1,26225,2067127,1.09
20260731,4104,2,14248,29326933,15.56
20260731,4104,3,2254,15861741,8.42
20260731,4104,4,829,10215298,5.42
20260731,4104,5,331,5740114,3.04
20260731,4104,6,337,8255116,4.38
20260731,4104,7,129,4444875,2.35
20260731,4104,8,67,2982273,1.58
20260731,4104,9,133,9116189,4.83
20260731,4104,10,59,8262190,4.38
20260731,4104,11,21,6088051,3.23
20260731,4104,12,10,4894357,2.59
20260731,4104,13,6,3975546,2.11
20260731,4104,14,2,1660780,0.88
20260731,4104,15,8,75476866,40.06
20260731,4104,16,44659,188367456,100.0
20260731,4106,1,7950,1467879,1.45
20260731,4106,2,6847,13527744,13.4
20260731,4106,3,854,6737554,6.67
20260731,4106,4,235,3047179,3.01
20260731,4106,5,144,2668540,2.64
20260731,4106,6,123,3158824,3.13
20260731,4106,7,62,2231559,2.21
20260731,4106,8,45,2075962,2.05
20260731,4106,9,63,4363805,4.32
20260731,4106,10,31,4529905,4.48
20260731,4106,11,24,6765821,6.7
20260731,4106,12,6,3061058,3.03
20260731,4106,13,0,0,0.0
20260731,4106,14,1,820530,0.81
20260731,4106,15,8,46455197,46.03
20260731,4106,16,16393,100911557,100.0
20260731,4108,1,37600,1966645,0.99
20260731,4108,2,12516,26562663,13.37
20260731,4108,3,2217,17194965,8.65
20260731,4108,4,787,9932850,5.0
20260731,4108,5,478,8738492,4.39
20260731,4108,6,440,11086478,5.58
20260731,4108,7,213,7531785,3.79
20260731,4108,8,147,6810638,3.42
20260731,4108,9,256,18185728,9.15
20260731,4108,10,115,16066545,8.08
20260731,4108,11,57,15681916,7.89
20260731,4108,12,11,5096309,2.56
20260731,4108,13,5,3499122,1.76
20260731,4108,14,4,3450000,1.73
20260731,4108,15,7,46814743,23.57
20260731,4108,16,54853,198618879,100.0
20260731,4119,1,18954,886541,0.74
20260731,4119,2,5884,12618242,10.55
20260731,4119,3,1070,7842304,6.56
20260731,4119,4,382,4763230,3.98
20260731,4119,5,194,3448663,2.88
20260731,4119,6,209,5203736,4.35
20260731,4119,7,85,3018696,2.52
20260731,4119,8,72,3270953,2.73
20260731,4119,9,114,7862689,6.57
20260731,4119,10,55,7549917,6.31
20260731,4119,11,26,6992538,5.85
20260731,4119,12,2,1007077,0.84
20260731,4119,13,3,2110685,1.76
20260731,4119,14,0,0,0.0
20260731,4119,15,9,52933363,44.29
20260731,4119,16,27059,119508634,100.0
20260731,4133,1,44352,1331993,2.19
20260731,4133,2,8479,16052374,26.5
20260731,4133,3,886,6932876,11.44
20260731,4133,4,239,3049018,5.03
20260731,4133,5,144,2678208,4.42
20260731,4133,6,111,2791061,4.6
20260731,4133,7,62,2211687,3.65
20260731,4133,8,22,1030303,1.7
20260731,4133,9,70,5064475,8.36
20260731,4133,10,14,1962466,3.24
20260731,4133,11,12,3194118,5.27
20260731,4133,12,5,2349760,3.88
20260731,4133,13,1,681000,1.12
20260731,4133,14,0,0,0.0
20260731,4133,15,5,11224255,18.53
20260731,4133,16,54402,60553594,100.0
20260731,4137,1,2129,358985,0.43
20260731,4137,2,4156,8031058,9.73
20260731,4137,3,561,4269766,5.17
20260731,4137,4,188,2379891,2.88
20260731,4137,5,117,2156848,2.61
20260731,4137,6,117,2944434,3.56
20260731,4137,7,54,1890266,2.29
20260731,4137,8,42,1937084,2.34
20260731,4137,9,79,5481927,6.64
20260731,4137,10,37,5203226,6.3
20260731,4137,11,15,3776854,4.57
20260731,4137,12,6,2690707,3.26
20260731,4137,13,2,1313244,1.59
20260731,4137,14,3,2754186,3.33
20260731,4137,15,5,37303874,45.22
20260731,4137,16,7511,82492350,100.0
20260731,4142,1,47808,618512,0.14
20260731,4142,2,28129,58260139,13.56
20260731,4142,3,4340,35062760,8.16
20260731,4142,4,1292,16822303,3.91
20260731,4142,5,903,16942561,3.94
20260731,4142,6,781,20216572,4.7
20260731,4142,7,407,14650689,3.41
20260731,4142,8,248,11684078,2.72
20260731,4142,9,412,30085453,7.0
20260731,4142,10,198,29122273,6.78
20260731,4142,11,93,26889259,6.26
20260731,4142,12,27,13653876,3.17
20260731,4142,13,13,8746843,2.03
20260731,4142,14,10,9198526,2.14
20260731,4142,15,33,137553906,32.02
20260731,4142,16,84694,429507750,100.0
20260731,4148,1,541,58019,0.08
20260731,4148,2,1230,2302804,3.42
20260731,4148,3,221,1536875,2.28
20260731,4148,4,108,1281300,1.9
20260731,4148,5,40,682064,1.01
20260731,4148,6,50,1233684,1.83
20260731,4148,7,23,804046,1.19
20260731,4148,8,17,742700,1.1
20260731,4148,9,23,1541303,2.29
20260731,4148,10,16,2090450,3.1
20260731,4148,11,5,1459061,2.17
20260731,4148,12,2,948276,1.41
20260731,4148,13,0,0,0.0
20260731,4148,14,0,0,0.0
20260731,4148,15,9,52555119,78.16
20260731,4148,16,2285,67235701,100.0
20260731,4155,1,26359,1673501,1.15
20260731,4155,2,6455,13541215,9.35
20260731,4155,3,1197,8714952,6.02
20260731,4155,4,462,5661995,3.91
20260731,4155,5,192,3471309,2.39
20260731,4155,6,232,5705692,3.94
20260731,4155,7,124,4312775,2.98
20260731,4155,8,64,2949103,2.03
20260731,4155,9,142,9975717,6.89
20260731,4155,10,78,10379089,7.17
20260731,4155,11,44,12195931,8.42
20260731,4155,12,13,6636181,4.58
20260731,4155,13,10,7166287,4.95
20260731,4155,14,2,1847094,1.27
20260731,4155,15,15,50453323,34.87
20260731,4155,16,35389,144684164,100.0
20260731,4164,1,6369,1393575,0.71
20260731,4164,2,9456,19436700,9.95
20260731,4164,3,1508,11785605,6.03
20260731,4164,4,548,7005666,3.58
20260731,4164,5,301,5582697,2.85
20260731,4164,6,280,7164145,3.66
20260731,4164,7,121,4359575,2.23
20260731,4164,8,91,4264436,2.18
20260731,4164,9,185,13064322,6.68
20260731,4164,10,85,12514214,6.4
20260731,4164,11,35,9435742,4.83
20260731,4164,12,14,6638891,3.39
20260731,4164,13,11,7588200,3.88
20260731,4164,14,4,3575951,1.83
20260731,4164,15,24,81534270,41.74
20260731,4164,16,0,-33000,-0.01
20260731,4164,17,19032,195310989,100.0
20260731,4169,1,1487,246248,0.37
20260731,4169,2,1913,3778690,5.68
20260731,4169,3,300,2257422,3.39
20260731,4169,4,136,1711358,2.57
20260731,4169,5,72,1298399,1.95
20260731,4169,6,86,2101202,3.16
20260731,4169,7,49,1742135,2.62
20260731,4169,8,24,1082080,1.62
20260731,4169,9,56,3955191,5.95
20260731,4169,10,44,5800485,8.73
20260731,4169,11,26,6713645,10.1
20260731,4169,12,6,2948847,4.43
20260731,4169,13,2,1490385,2.24
20260731,4169,14,1,825000,1.24
20260731,4169,15,13,30480525,45.88
20260731,4169,16,4215,66431612,100.0
20260731,4178,1,298,51772,0.02
20260731,4178,2,2990,5112236,2.36
20260731,4178,3,385,3192213,1.47
20260731,4178,4,137,1760916,0.81
20260731,4178,5,111,2060408,0.95
20260731,4178,6,129,3316945,1.53
20260731,4178,7,60,2164932,1.0
20260731,4178,8,59,2767785,1.28
20260731,4178,9,87,6442716,2.98
20260731,4178,10,73,10561174,4.89
20260731,4178,11,40,10921369,5.05
20260731,4178,12,9,4562373,2.11
20260731,4178,13,8,5738069,2.65
20260731,4178,14,1,872781,0.4
20260731,4178,15,26,156341292,72.42
20260731,4178,16,4413,215866981,100.0
20260731,4190,1,12881,1080077,1.75
20260731,4190,2,3204,6091220,9.91
20260731,4190,3,328,2475215,4.02
20260731,4190,4,86,1106426,1.8
20260731,4190,5,39,708832,1.15
20260731,4190,6,52,1325839,2.15
20260731,4190,7,15,536354,0.87
20260731,4190,8,18,830092,1.35
20260731,4190,9,35,2564294,4.17
20260731,4190,10,16,2204394,3.58
20260731,4190,11,7,1762473,2.86
20260731,4190,12,0,0,0.0
20260731,4190,13,2,1447000,2.35
20260731,4190,14,1,836480,1.36
20260731,4190,15,9,38480951,62.62
20260731,4190,16,16693,61449647,100.0
20260731,4195,1,23071,201388,0.25
20260731,4195,2,3727,7381452,9.22
20260731,4195,3,726,5374241,6.71
20260731,4195,4,315,3795934,4.74
20260731,4195,5,171,3091817,3.86
20260731,4195,6,153,3829081,4.78
20260731,4195,7,66,2286060,2.85
20260731,4195,8,56,2544402,3.18
20260731,4195,9,108,7607974,9.5
20260731,4195,10,41,5633234,7.04
20260731,4195,11,27,7668763,9.58
20260731,4195,12,5,2389198,2.98
20260731,4195,13,2,1354568,1.69
20260731,4195,14,3,2666388,3.33
20260731,4195,15,13,24175557,30.21
20260731,4195,16,28484,80000057,100.0
20260731,4306,1,62856,3739804,0.55
20260731,4306,2,16706,35150143,5.19
20260731,4306,3,4465,30091684,4.44
20260731,4306,4,2333,26954120,3.98
20260731,4306,5,960,16511493,2.43
20260731,4306,6,1228,29013390,4.28
20260731,4306,7,466,15901498,2.34
20260731,4306,8,295,13158210,1.94
20260731,4306,9,606,40967440,6.05
20260731,4306,10,306,40786758,6.02
20260731,4306,11,134,36176901,5.34
20260731,4306,12,46,22645464,3.34
20260731,4306,13,12,8427684,1.24
20260731,4306,14,7,6105994,0.9
20260731,4306,15,44,351126633,51.88
20260731,4306,16,90464,676757216,100.0
20260731,4414,1,14133,2580621,0.97
20260731,4414,2,5548,11913945,4.51
20260731,4414,3,1448,9901538,3.75
20260731,4414,4,507,6227213,2.36
20260731,4414,5,248,4325554,1.63
20260731,4414,6,331,8330259,3.15
20260731,4414,7,147,5153587,1.95
20260731,4414,8,116,5254983,1.99
20260731,4414,9,210,14218273,5.38
20260731,4414,10,100,13779593,5.22
20260731,4414,11,47,13009839,4.93
20260731,4414,12,16,7819721,2.96
20260731,4414,13,8,5548281,2.1
20260731,4414,14,7,6088526,2.3
20260731,4414,15,17,149643840,56.72
20260731,4414,16,22883,263795773,100.0
20260731,4426,1,3042,738036,0.42
20260731,4426,2,4263,9539611,5.52
20260731,4426,3,1022,7603336,4.4
20260731,4426,4,402,4984051,2.88
20260731,4426,5,226,4076527,2.36
20260731,4426,6,225,5642070,3.26
20260731,4426,7,118,4217615,2.44
20260731,4426,8,86,3931144,2.27
20260731,4426,9,133,9397395,5.44
20260731,4426,10,69,9090460,5.26
20260731,4426,11,22,6493730,3.76
20260731,4426,12,10,4781043,2.76
20260731,4426,13,4,2613219,1.51
20260731,4426,14,7,6110479,3.53
20260731,4426,15,12,93458482,54.12
20260731,4426,16,9641,172677198,100.0
20260731,4438,1,1023,157348,0.13
20260731,4438,2,2488,4885135,4.3
20260731,4438,3,383,2870004,2.53
20260731,4438,4,150,1864298,1.64
20260731,4438,5,79,1402075,1.23
20260731,4438,6,105,2585499,2.27
20260731,4438,7,55,1907691,1.68
20260731,4438,8,38,1711996,1.5
20260731,4438,9,83,5921296,5.22
20260731,4438,10,46,6236014,5.49
20260731,4438,11,30,8489658,7.48
20260731,4438,12,13,6411895,5.65
20260731,4438,13,9,6209404,5.47
20260731,4438,14,7,5920310,5.21
20260731,4438,15,10,56852832,50.12
20260731,4438,16,4519,113425455,100.0
20260731,4439,1,404,50368,0.13
20260731,4439,2,548,1083820,2.84
20260731,4439,3,97,726213,1.9
20260731,4439,4,26,329800,0.86
20260731,4439,5,19,341900,0.89
20260731,4439,6,28,714676,1.87
20260731,4439,7,17,616588,1.61
20260731,4439,8,5,233400,0.61
20260731,4439,9,23,1734286,4.54
20260731,4439,10,16,2148950,5.63
20260731,4439,11,1,249000,0.65
20260731,4439,12,3,1415400,3.71
20260731,4439,13,0,0,0.0
20260731,4439,14,2,1906200,5.0
20260731,4439,15,9,26565600,69.69
20260731,4439,16,1198,38116201,100.0
20260731,4440,1,636,95182,0.14
20260731,4440,2,2297,4970270,7.35
20260731,4440,3,446,3528900,5.22
20260731,4440,4,124,1609326,2.38
20260731,4440,5,88,1595569,2.36
20260731,4440,6,93,2335215,3.45
20260731,4440,7,47,1700822,2.51
20260731,4440,8,34,1557095,2.3
20260731,4440,9,61,4358459,6.44
20260731,4440,10,29,4257629,6.29
20260731,4440,11,12,3244714,4.8
20260731,4440,12,22,10649003,15.75
20260731,4440,13,7,4856374,7.18
20260731,4440,14,5,4452400,6.58
20260731,4440,15,11,18387042,27.2
20260731,4440,16,3912,67598000,100.0
20260731,4441,1,771,100730,0.14
20260731,4441,2,992,1953857,2.86
20260731,4441,3,144,1100994,1.61
20260731,4441,4,61,802437,1.17
20260731,4441,5,28,499398,0.73
20260731,4441,6,41,1023933,1.5
20260731,4441,7,29,1006481,1.47
20260731,4441,8,11,499881,0.73
20260731,4441,9,31,2179986,3.19
20260731,4441,10,28,4044513,5.93
20260731,4441,11,22,5853635,8.58
20260731,4441,12,8,4113846,6.03
20260731,4441,13,7,4838687,7.09
20260731,4441,14,0,0,0.0
20260731,4441,15,13,40157200,58.9
20260731,4441,16,2186,68175578,100.0
20260731,4526,1,36337,2043384,0.8
20260731,4526,2,19560,39627615,15.55
20260731,4526,3,2660,21453203,8.41
20260731,4526,4,717,9177788,3.6
20260731,4526,5,523,9804538,3.84
20260731,4526,6,357,9288612,3.64
20260731,4526,7,163,5883540,2.3
20260731,4526,8,108,5087674,1.99
20260731,4526,9,165,11742431,4.6
20260731,4526,10,58,7708643,3.02
20260731,4526,11,28,8055683,3.16
20260731,4526,12,13,6553503,2.57
20260731,4526,13,8,5503810,2.15
20260731,4526,14,7,6296169,2.47
20260731,4526,15,33,106599868,41.83
20260731,4526,16,60737,254826461,100.0
20260731,4532,1,4703,833756,0.16
20260731,4532,2,10714,23229975,4.69
20260731,4532,3,2049,16566310,3.34
20260731,4532,4,742,9499113,1.91
20260731,4532,5,496,9267613,1.87
20260731,4532,6,431,11007032,2.22
20260731,4532,7,221,8004933,1.61
20260731,4532,8,133,6158324,1.24
20260731,4532,9,320,22521323,4.55
20260731,4532,10,146,21043510,4.25
20260731,4532,11,72,20147421,4.07
20260731,4532,12,17,8879421,1.79
20260731,4532,13,9,6179365,1.24
20260731,4532,14,10,9487404,1.91
20260731,4532,15,54,322069605,65.07
20260731,4532,16,20117,494895105,100.0
20260731,4536,1,2424,430480,0.47
20260731,4536,2,3887,7411187,8.16
20260731,4536,3,443,3423136,3.76
20260731,4536,4,155,1983840,2.18
20260731,4536,5,92,1669964,1.83
20260731,4536,6,90,2277276,2.5
20260731,4536,7,44,1578129,1.73
20260731,4536,8,31,1443591,1.58
20260731,4536,9,58,4091857,4.5
20260731,4536,10,41,5907723,6.5
20260731,4536,11,28,7885943,8.68
20260731,4536,12,21,10336099,11.38
20260731,4536,13,6,4185223,4.6
20260731,4536,14,5,4430328,4.87
20260731,4536,15,14,33765224,37.17
20260731,4536,16,7339,90820000,100.0
20260731,4540,1,20674,1090559,0.94
20260731,4540,2,17273,32495774,28.21
20260731,4540,3,1644,13156774,11.42
20260731,4540,4,402,5259553,4.56
20260731,4540,5,257,4841402,4.2
20260731,4540,6,179,4707634,4.08
20260731,4540,7,70,2516000,2.18
20260731,4540,8,37,1742539,1.51
20260731,4540,9,73,5399961,4.68
20260731,4540,10,31,4351249,3.77
20260731,4540,11,13,3702577,3.21
20260731,4540,12,4,2149871,1.86
20260731,4540,13,2,1283550,1.11
20260731,4540,14,2,2000000,1.73
20260731,4540,15,12,30489281,26.46
20260731,4540,16,40673,115186724,100.0
20260731,4545,1,18722,122788,0.15
20260731,4545,2,2487,4647226,6.03
20260731,4545,3,319,2528852,3.28
20260731,4545,4,92,1172255,1.52
20260731,4545,5,64,1183027,1.53
20260731,4545,6,52,1364214,1.77
20260731,4545,7,32,1164632,1.51
20260731,4545,8,20,961000,1.24
20260731,4545,9,37,2643633,3.43
20260731,4545,10,16,2370000,3.07
20260731,4545,11,10,2731000,3.54
20260731,4545,12,2,944351,1.22
20260731,4545,13,1,788022,1.02
20260731,4545,14,1,975000,1.26
20260731,4545,15,4,53404000,69.35
20260731,4545,16,21859,77000000,100.0
20260731,4551,1,2090,267602,0.23
20260731,4551,2,2356,4106118,3.56
20260731,4551,3,182,1410147,1.22
20260731,4551,4,59,780059,0.67
20260731,4551,5,43,787956,0.68
20260731,4551,6,38,1000358,0.86
20260731,4551,7,22,817000,0.7
20260731,4551,8,16,735412,0.63
20260731,4551,9,22,1531446,1.32
20260731,4551,10,24,3439017,2.98
20260731,4551,11,17,4941048,4.28
20260731,4551,12,8,3897474,3.38
20260731,4551,13,1,615000,0.53
20260731,4551,14,2,1825000,1.58
20260731,4551,15,20,89068861,77.3
20260731,4551,16,4900,115222498,100.0
20260731,4552,1,23106,280318,0.24
20260731,4552,2,3665,7900580,6.81
20260731,4552,3,757,5780362,4.98
20260731,4552,4,306,3860394,3.32
20260731,4552,5,167,3000643,2.58
20260731,4552,6,166,4224780,3.64
20260731,4552,7,89,3156748,2.72
20260731,4552,8,60,2709902,2.33
20260731,4552,9,109,7945041,6.84
20260731,4552,10,69,9594990,8.27
20260731,4552,11,32,8915548,7.68
20260731,4552,12,7,3225520,2.78
20260731,4552,13,5,3403000,2.93
20260731,4552,14,2,1753000,1.51
20260731,4552,15,7,50249174,43.31
20260731,4552,16,28547,116000000,100.0
20260731,4555,1,937,135131,0.19
20260731,4555,2,2553,4728192,6.75
20260731,4555,3,278,2248757,3.21
20260731,4555,4,79,1017170,1.45
20260731,4555,5,47,891000,1.27
20260731,4555,6,46,1188000,1.69
20260731,4555,7,25,887816,1.26
20260731,4555,8,18,841500,1.2
20260731,4555,9,36,2684300,3.83
20260731,4555,10,22,3244815,4.63
20260731,4555,11,10,2950667,4.21
20260731,4555,12,5,2384943,3.4
20260731,4555,13,0,0,0.0
20260731,4555,14,1,824000,1.17
20260731,4555,15,8,45961362,65.67
20260731,4555,16,4065,69987653,100.0
20260731,4557,1,25221,182411,0.38
20260731,4557,2,1617,3282403,6.84
20260731,4557,3,305,2415045,5.03
20260731,4557,4,132,1673327,3.48
20260731,4557,5,69,1242336,2.58
20260731,4557,6,64,1608474,3.35
20260731,4557,7,38,1303717,2.71
20260731,4557,8,21,962336,2.0
20260731,4557,9,66,4337221,9.04
20260731,4557,10,31,4337349,9.04
20260731,4557,11,21,5978664,12.46
20260731,4557,12,5,2197526,4.58
20260731,4557,13,6,3819855,7.96
20260731,4557,14,3,2517670,5.24
20260731,4557,15,8,12113506,25.25
20260731,4557,16,27607,47971840,100.0
20260731,4560,1,1500,27586,0.04
20260731,4560,2,717,1391212,2.04
20260731,4560,3,113,903143,1.32
20260731,4560,4,28,357922,0.52
20260731,4560,5,23,425000,0.62
20260731,4560,6,20,511000,0.75
20260731,4560,7,9,319000,0.46
20260731,4560,8,10,477157,0.7
20260731,4560,9,15,1056000,1.55
20260731,4560,10,12,1633806,2.39
20260731,4560,11,8,2249414,3.3
20260731,4560,12,2,988000,1.45
20260731,4560,13,1,735000,1.07
20260731,4560,14,0,0,0.0
20260731,4560,15,9,57023000,83.73
20260731,4560,16,2467,68097240,100.0
20260731,4562,1,1604,268193,0.3
20260731,4562,2,8862,16816355,19.2
20260731,4562,3,956,7690174,8.78
20260731,4562,4,235,2983947,3.4
20260731,4562,5,134,2477637,2.83
20260731,4562,6,92,2360543,2.69
20260731,4562,7,40,1455997,1.66
20260731,4562,8,25,1161953,1.32
20260731,4562,9,37,2614429,2.98
20260731,4562,10,15,1914834,2.18
20260731,4562,11,8,2230700,2.54
20260731,4562,12,2,1140000,1.3
20260731,4562,13,1,720000,0.82
20260731,4562,14,0,0,0.0
20260731,4562,15,9,43711238,49.92
20260731,4562,16,12020,87546000,100.0
20260731,4564,1,30138,1840932,0.79
20260731,4564,2,14041,29797060,12.8
20260731,4564,3,2243,17595705,7.55
20260731,4564,4,710,8931947,3.83
20260731,4564,5,486,8978951,3.85
20260731,4564,6,379,9527472,4.09
20260731,4564,7,208,7312278,3.14
20260731,4564,8,125,5784512,2.48
20260731,4564,9,237,16480140,7.07
20260731,4564,10,108,15302996,6.57
20260731,4564,11,55,15873326,6.81
20260731,4564,12,16,7863485,3.37
20260731,4564,13,5,3456321,1.48
20260731,4564,14,4,3452646,1.48
20260731,4564,15,27,80590532,34.61
20260731,4564,16,48782,232788303,100.0
20260731,4566,1,13570,455344,0.41
20260731,4566,2,10064,18544669,16.84
20260731,4566,3,924,7342229,6.66
20260731,4566,4,247,3193678,2.9
20260731,4566,5,151,2813888,2.55
20260731,4566,6,112,2891193,2.62
20260731,4566,7,50,1798160,1.63
20260731,4566,8,40,1868386,1.69
20260731,4566,9,43,3141070,2.85
20260731,4566,10,26,3436004,3.12
20260731,4566,11,15,4099587,3.72
20260731,4566,12,6,2882770,2.61
20260731,4566,13,5,3409592,3.09
20260731,4566,14,1,944931,0.85
20260731,4566,15,14,53271541,48.38
20260731,4566,16,25268,110093042,100.0
20260731,4569,1,791,87449,0.28
20260731,4569,2,1008,1659218,5.42
20260731,4569,3,78,572110,1.86
20260731,4569,4,39,523642,1.71
20260731,4569,5,23,412883,1.34
20260731,4569,6,16,413281,1.35
20260731,4569,7,6,214000,0.69
20260731,4569,8,5,217200,0.7
20260731,4569,9,12,974250,3.18
20260731,4569,10,6,982600,3.21
20260731,4569,11,13,4290494,14.02
20260731,4569,12,2,1131400,3.69
20260731,4569,13,3,2193632,7.16
20260731,4569,14,1,904200,2.95
20260731,4569,15,5,16023641,52.36
20260731,4569,16,2008,30600000,100.0
20260731,4571,1,2619,410873,0.77
20260731,4571,2,3422,5894841,11.11
20260731,4571,3,289,2263446,4.26
20260731,4571,4,81,1026948,1.93
20260731,4571,5,50,923479,1.74
20260731,4571,6,34,847833,1.59
20260731,4571,7,18,665913,1.25
20260731,4571,8,12,557575,1.05
20260731,4571,9,23,1676182,3.16
20260731,4571,10,13,1664487,3.13
20260731,4571,11,7,1927642,3.63
20260731,4571,12,6,2655811,5.0
20260731,4571,13,3,2131872,4.02
20260731,4571,14,1,862000,1.62
20260731,4571,15,11,29508213,55.65
20260731,4571,16,6589,53017115,100.0
20260731,4572,1,1695,182797,0.45
20260731,4572,2,1411,2538398,6.34
20260731,4572,3,146,1023813,2.55
20260731,4572,4,51,611863,1.52
20260731,4572,5,33,578023,1.44
20260731,4572,6,33,790107,1.97
20260731,4572,7,23,788779,1.97
20260731,4572,8,10,451011,1.12
20260731,4572,9,31,2266753,5.66
20260731,4572,10,16,1975572,4.93
20260731,4572,11,12,3129183,7.81
20260731,4572,12,2,914776,2.28
20260731,4572,13,0,0,0.0
20260731,4572,14,0,0,0.0
20260731,4572,15,9,24767604,61.89
20260731,4572,16,3472,40018679,100.0
20260731,4576,1,14250,1583788,1.32
20260731,4576,2,9760,16213453,13.53
20260731,4576,3,612,4575107,3.81
20260731,4576,4,159,2009799,1.67
20260731,4576,5,88,1587848,1.32
20260731,4576,6,68,1683242,1.4
20260731,4576,7,33,1139488,0.95
20260731,4576,8,22,1023848,0.85
20260731,4576,9,53,3962654,3.3
20260731,4576,10,21,3107176,2.59
20260731,4576,11,15,4150126,3.46
20260731,4576,12,4,2147143,1.79
20260731,4576,13,4,2517295,2.1
20260731,4576,14,2,1853268,1.54
20260731,4576,15,20,72267613,60.32
20260731,4576,16,0,-20000,-0.01
20260731,4576,17,25111,119801848,100.0
20260731,4581,1,357,25027,0.07
20260731,4581,2,932,1859524,5.48
20260731,4581,3,133,1070737,3.15
20260731,4581,4,59,746268,2.2
20260731,4581,5,31,575816,1.69
20260731,4581,6,45,1183294,3.49
20260731,4581,7,15,540000,1.59
20260731,4581,8,12,567213,1.67
20260731,4581,9,31,1974121,5.82
20260731,4581,10,11,1560000,4.6
20260731,4581,11,8,2453000,7.23
20260731,4581,12,2,1052000,3.1
20260731,4581,13,0,0,0.0
20260731,4581,14,5,4579000,13.5
20260731,4581,15,8,15713000,46.35
20260731,4581,16,1649,33899000,100.0
20260731,4582,1,383,71364,0.09
20260731,4582,2,1347,2987769,3.95
20260731,4582,3,311,2412166,3.19
20260731,4582,4,125,1574533,2.08
20260731,4582,5,83,1495843,1.98
20260731,4582,6,91,2335508,3.09
20260731,4582,7,44,1526069,2.02
20260731,4582,8,29,1301969,1.72
20260731,4582,9,75,5351087,7.08
20260731,4582,10,46,6668877,8.83
20260731,4582,11,28,7237321,9.58
20260731,4582,12,8,3825715,5.06
20260731,4582,13,5,3549718,4.7
20260731,4582,14,1,933602,1.23
20260731,4582,15,12,34208459,45.32
20260731,4582,16,2588,75480000,100.0
20260731,4583,1,5236,513474,0.64
20260731,4583,2,1509,2466959,3.07
20260731,4583,3,83,619320,0.77
20260731,4583,4,30,384241,0.47
20260731,4583,5,17,309221,0.38
20260731,4583,6,11,272292,0.33
20260731,4583,7,11,389079,0.48
20260731,4583,8,5,224750,0.28
20260731,4583,9,12,869995,1.08
20260731,4583,10,12,1866388,2.32
20260731,4583,11,11,3185629,3.97
20260731,4583,12,3,1361892,1.69
20260731,4583,13,3,2108000,2.62
20260731,4583,14,0,0,0.0
20260731,4583,15,4,65600111,81.82
20260731,4583,16,6947,80171351,100.0
20260731,4585,1,10390,1631645,1.54
20260731,4585,2,7705,12507795,11.83
20260731,4585,3,430,3285390,3.1
20260731,4585,4,110,1402138,1.32
20260731,4585,5,56,1018100,0.96
20260731,4585,6,44,1142491,1.08
20260731,4585,7,13,470590,0.44
20260731,4585,8,9,416072,0.39
20260731,4585,9,15,1040883,0.98
20260731,4585,10,14,1902896,1.8
20260731,4585,11,2,600000,0.56
20260731,4585,12,1,589000,0.55
20260731,4585,13,0,0,0.0
20260731,4585,14,0,0,0.0
20260731,4585,15,2,79657000,75.38
20260731,4585,16,18791,105664000,100.0
20260731,4588,1,1114,172908,0.4
20260731,4588,2,3488,6453661,15.01
20260731,4588,3,342,2619231,6.09
20260731,4588,4,100,1277162,2.97
20260731,4588,5,62,1143729,2.66
20260731,4588,6,50,1260500,2.93
20260731,4588,7,22,792100,1.84
20260731,4588,8,14,643930,1.49
20260731,4588,9,29,2073209,4.82
20260731,4588,10,20,2619020,6.09
20260731,4588,11,7,2290500,5.32
20260731,4588,12,1,518000,1.2
20260731,4588,13,3,2186000,5.08
20260731,4588,14,3,2837000,6.59
20260731,4588,15,8,16098050,37.45
20260731,4588,16,5263,42985000,100.0
20260731,4590,1,6669,183329,0.33
20260731,4590,2,2488,5089285,9.28
20260731,4590,3,427,3294987,6.0
20260731,4590,4,140,1797852,3.27
20260731,4590,5,84,1497251,2.73
20260731,4590,6,91,2316847,4.22
20260731,4590,7,45,1600043,2.91
20260731,4590,8,33,1492590,2.72
20260731,4590,9,54,3916279,7.14
20260731,4590,10,26,3717743,6.77
20260731,4590,11,11,3090597,5.63
20260731,4590,12,5,2490945,4.54
20260731,4590,13,4,2813003,5.12
20260731,4590,14,2,1891947,3.45
20260731,4590,15,9,19645702,35.82
20260731,4590,16,10088,54838400,100.0
20260731,4720,1,2911,562195,0.49
20260731,4720,2,8478,17871835,15.6
20260731,4720,3,1192,9880527,8.62
20260731,4720,4,347,4516120,3.94
20260731,4720,5,267,5057541,4.41
20260731,4720,6,187,4791502,4.18
20260731,4720,7,80,2934516,2.56
20260731,4720,8,75,3570063,3.11
20260731,4720,9,114,8161756,7.12
20260731,4720,10,45,6149853,5.37
20260731,4720,11,26,7138869,6.23
20260731,4720,12,5,2310630,2.01
20260731,4720,13,2,1302000,1.13
20260731,4720,14,0,0,0.0
20260731,4720,15,16,40269630,35.16
20260731,4720,16,0,-1000,0.0
20260731,4720,17,13745,114516037,100.0
20260731,4722,1,8928,776197,0.74
20260731,4722,2,4268,7840876,7.52
20260731,4722,3,426,3188753,3.06
20260731,4722,4,162,2023113,1.94
20260731,4722,5,77,1389150,1.33
20260731,4722,6,75,1898340,1.82
20260731,4722,7,61,2195528,2.1
20260731,4722,8,35,1593987,1.53
20260731,4722,9,70,5181137,4.97
20260731,4722,10,57,7817172,7.5
20260731,4722,11,31,9408665,9.03
20260731,4722,12,11,5362320,5.14
20260731,4722,13,9,5792066,5.56
20260731,4722,14,3,2701718,2.59
20260731,4722,15,20,46970078,45.1
20260731,4722,16,14233,104139100,100.0
20260731,4736,1,4468,791392,0.82
20260731,4736,2,7890,14589546,15.29
20260731,4736,3,803,6276345,6.58
20260731,4736,4,228,2920941,3.06
20260731,4736,5,114,2084497,2.18
20260731,4736,6,120,3081125,3.23
20260731,4736,7,60,2114444,2.21
20260731,4736,8,33,1521405,1.59
20260731,4736,9,52,3881722,4.06
20260731,4736,10,41,5863106,6.14
20260731,4736,11,13,3680082,3.85
20260731,4736,12,4,2000611,2.09
20260731,4736,13,4,2777251,2.91
20260731,4736,14,1,1000000,1.04
20260731,4736,15,8,42792002,44.86
20260731,4736,16,13839,95374469,100.0
20260731,4737,1,8914,125294,0.16
20260731,4737,2,1329,2619650,3.38
20260731,4737,3,262,1911751,2.46
20260731,4737,4,103,1265601,1.63
20260731,4737,5,62,1106589,1.42
20260731,4737,6,70,1736211,2.24
20260731,4737,7,35,1218769,1.57
20260731,4737,8,30,1350227,1.74
20260731,4737,9,65,4558071,5.88
20260731,4737,10,52,7053279,9.11
20260731,4737,11,23,6367853,8.22
20260731,4737,12,11,5488125,7.09
20260731,4737,13,3,1988873,2.56
20260731,4737,14,3,2763622,3.57
20260731,4737,15,9,37849138,48.89
20260731,4737,16,10971,77403053,100.0
20260731,4739,1,40373,1262492,1.01
20260731,4739,2,13384,24034593,19.27
20260731,4739,3,1203,9079310,7.28
20260731,4739,4,388,4860512,3.89
20260731,4739,5,217,3942817,3.16
20260731,4739,6,194,4787165,3.83
20260731,4739,7,75,2657400,2.13
20260731,4739,8,51,2370522,1.9
20260731,4739,9,105,7631842,6.12
20260731,4739,10,38,5173919,4.14
20260731,4739,11,34,9481020,7.6
20260731,4739,12,9,4640599,3.72
20260731,4739,13,9,6224634,4.99
20260731,4739,14,1,888531,0.71
20260731,4739,15,9,37664597,30.2
20260731,4739,16,56090,124699953,100.0
20260731,4746,1,32667,572221,0.47
20260731,4746,2,8522,16659487,13.85
20260731,4746,3,1002,7997706,6.65
20260731,4746,4,361,4696720,3.9
20260731,4746,5,249,4572728,3.8
20260731,4746,6,201,5098428,4.23
20260731,4746,7,73,2582494,2.14
20260731,4746,8,67,3086577,2.56
20260731,4746,9,112,7865463,6.54
20260731,4746,10,64,8993901,7.47
20260731,4746,11,28,8336463,6.93
20260731,4746,12,12,6045164,5.02
20260731,4746,13,6,4296021,3.57
20260731,4746,14,2,1766142,1.46
20260731,4746,15,18,37686448,31.33
20260731,4746,16,43384,120255963,100.0
20260731,4755,1,3105,479181,0.47
20260731,4755,2,4696,8466900,8.4
20260731,4755,3,420,3268331,3.24
20260731,4755,4,125,1634439,1.62
20260731,4755,5,68,1241458,1.23
20260731,4755,6,73,1850430,1.83
20260731,4755,7,33,1188511,1.18
20260731,4755,8,18,847181,0.84
20260731,4755,9,43,3048785,3.02
20260731,4755,10,36,5167966,5.13
20260731,4755,11,15,4253995,4.22
20260731,4755,12,4,1953174,1.93
20260731,4755,13,0,0,0.0
20260731,4755,14,2,1858545,1.84
20260731,4755,15,9,65447104,64.98
20260731,4755,16,8647,100706000,100.0
20260731,4763,1,13940,2976175,0.3
20260731,4763,2,27244,59922315,6.05
20260731,4763,3,5639,45285372,4.57
20260731,4763,4,2371,30451569,3.07
20260731,4763,5,1482,27484672,2.77
20260731,4763,6,1357,34901129,3.52
20260731,4763,7,644,23206602,2.34
20260731,4763,8,409,19021148,1.92
20260731,4763,9,807,57608353,5.82
20260731,4763,10,357,50497048,5.1
20260731,4763,11,134,38358686,3.87
20260731,4763,12,36,17747814,1.79
20260731,4763,13,18,12510628,1.26
20260731,4763,14,12,10933845,1.1
20260731,4763,15,48,558241314,56.43
20260731,4763,16,54498,989146670,100.0
20260731,4764,1,4013,560219,0.65
20260731,4764,2,3366,5829722,6.81
20260731,4764,3,205,1578967,1.84
20260731,4764,4,48,607591,0.71
20260731,4764,5,26,489112,0.57
20260731,4764,6,27,683014,0.79
20260731,4764,7,23,832291,0.97
20260731,4764,8,9,417707,0.48
20260731,4764,9,21,1561111,1.82
20260731,4764,10,25,3627208,4.24
20260731,4764,11,17,4329145,5.06
20260731,4764,12,5,2313037,2.7
20260731,4764,13,4,2815781,3.29
20260731,4764,14,1,941528,1.1
20260731,4764,15,16,58955629,68.92
20260731,4764,16,7806,85542062,100.0
20260731,4766,1,5757,839422,0.69
20260731,4766,2,4440,7705521,6.39
20260731,4766,3,375,2929346,2.42
20260731,4766,4,142,1805796,1.49
20260731,4766,5,90,1641620,1.36
20260731,4766,6,78,1953133,1.61
20260731,4766,7,42,1513913,1.25
20260731,4766,8,27,1241339,1.02
20260731,4766,9,58,4263769,3.53
20260731,4766,10,32,4511883,3.74
20260731,4766,11,27,8135398,6.74
20260731,4766,12,8,4053770,3.36
20260731,4766,13,2,1335900,1.1
20260731,4766,14,4,3765232,3.12
20260731,4766,15,13,74874738,62.1
20260731,4766,16,11095,120570780,100.0
20260731,4770,1,4483,728319,0.91
20260731,4770,2,4180,7426636,9.28
20260731,4770,3,380,2929584,3.66
20260731,4770,4,138,1763308,2.2
20260731,4770,5,64,1171871,1.46
20260731,4770,6,48,1206440,1.5
20260731,4770,7,25,886435,1.1
20260731,4770,8,21,969250,1.21
20260731,4770,9,38,2830707,3.53
20260731,4770,10,28,4171017,5.21
20260731,4770,11,16,4412116,5.51
20260731,4770,12,3,1449367,1.81
20260731,4770,13,2,1462000,1.82
20260731,4770,14,1,836123,1.04
20260731,4770,15,18,47732827,59.68
20260731,4770,16,9445,79976000,100.0
20260731,4771,1,1612,242512,0.41
20260731,4771,2,1943,3546013,6.03
20260731,4771,3,252,1962182,3.33
20260731,4771,4,84,1102285,1.87
20260731,4771,5,50,906010,1.54
20260731,4771,6,53,1330091,2.26
20260731,4771,7,29,1034620,1.76
20260731,4771,8,18,827929,1.4
20260731,4771,9,46,3528397,6.0
20260731,4771,10,28,3998258,6.8
20260731,4771,11,19,5253131,8.93
20260731,4771,12,10,5073803,8.63
20260731,4771,13,3,2218850,3.77
20260731,4771,14,1,996590,1.69
20260731,4771,15,9,26740029,45.5
20260731,4771,16,4157,58760700,100.0
20260731,4807,1,12633,586746,1.19
20260731,4807,2,1511,2810076,5.73
20260731,4807,3,133,1005619,2.05
20260731,4807,4,26,328555,0.67
20260731,4807,5,34,616644,1.25
20260731,4807,6,23,579538,1.18
20260731,4807,7,11,396625,0.8
20260731,4807,8,14,632245,1.29
20260731,4807,9,28,1992253,4.06
20260731,4807,10,17,2354961,4.8
20260731,4807,11,15,4272490,8.72
20260731,4807,12,2,965000,1.96
20260731,4807,13,2,1428942,2.91
20260731,4807,14,0,0,0.0
20260731,4807,15,12,31026338,63.32
20260731,4807,16,14461,48996032,100.0
20260731,4904,1,51381,12676050,0.35
20260731,4904,2,28415,56262390,1.55
20260731,4904,3,3121,23493456,0.65
20260731,4904,4,870,10987147,0.3
20260731,4904,5,520,9386053,0.26
20260731,4904,6,456,11357639,0.31
20260731,4904,7,235,8327011,0.23
20260731,4904,8,138,6285229,0.17
20260731,4904,9,285,20186995,0.55
20260731,4904,10,191,27314676,0.75
20260731,4904,11,157,45094661,1.24
20260731,4904,12,64,31184456,0.86
20260731,4904,13,44,30514813,0.84
20260731,4904,14,38,34225297,0.94
20260731,4904,15,232,3280409484,90.92
20260731,4904,16,86147,3607705357,100.0
20260731,4906,1,38910,2465195,0.54
20260731,4906,2,41610,85452547,18.91
20260731,4906,3,6099,48870573,10.81
20260731,4906,4,1755,22348195,4.94
20260731,4906,5,1141,21300426,4.71
20260731,4906,6,906,23605662,5.22
20260731,4906,7,403,14687627,3.25
20260731,4906,8,297,13924561,3.08
20260731,4906,9,509,37360462,8.26
20260731,4906,10,190,26623128,5.89
20260731,4906,11,87,24921454,5.51
20260731,4906,12,28,14224208,3.14
20260731,4906,13,10,6954880,1.53
20260731,4906,14,10,8794225,1.94
20260731,4906,15,40,100320689,22.2
20260731,4906,16,0,-8000,0.0
20260731,4906,17,91995,451845832,100.0
20260731,4912,1,21620,330910,0.49
20260731,4912,2,3186,6142225,9.16
20260731,4912,3,466,3377444,5.04
20260731,4912,4,166,2071457,3.09
20260731,4912,5,100,1784736,2.66
20260731,4912,6,117,2879473,4.29
20260731,4912,7,41,1431407,2.13
20260731,4912,8,35,1562206,2.33
20260731,4912,9,57,3858064,5.75
20260731,4912,10,38,5576717,8.32
20260731,4912,11,14,3876533,5.78
20260731,4912,12,12,5768691,8.61
20260731,4912,13,5,3556928,5.3
20260731,4912,14,0,0,0.0
20260731,4912,15,7,24776308,36.98
20260731,4912,16,25864,66993099,100.0
20260731,4915,1,4518,969294,0.2
20260731,4915,2,21748,44459761,9.42
20260731,4915,3,2841,22795741,4.83
20260731,4915,4,784,10227219,2.16
20260731,4915,5,555,10398141,2.2
20260731,4915,6,417,10828054,2.29
20260731,4915,7,205,7439032,1.57
20260731,4915,8,147,6863720,1.45
20260731,4915,9,254,18629765,3.94
20260731,4915,10,129,18268468,3.87
20260731,4915,11,90,25819714,5.47
20260731,4915,12,28,13645465,2.89
20260731,4915,13,12,8668603,1.83
20260731,4915,14,19,17148540,3.63
20260731,4915,15,67,255719307,54.19
20260731,4915,16,31814,471880824,100.0
20260731,4916,1,51113,1573666,1.26
20260731,4916,2,21460,38775805,31.25
20260731,4916,3,1798,14558518,11.73
20260731,4916,4,436,5687349,4.58
20260731,4916,5,285,5373993,4.33
20260731,4916,6,169,4428444,3.56
20260731,4916,7,100,3636229,2.93
20260731,4916,8,55,2518228,2.02
20260731,4916,9,74,5293710,4.26
20260731,4916,10,24,3388842,2.73
20260731,4916,11,16,4268386,3.43
20260731,4916,12,5,2365888,1.9
20260731,4916,13,4,2894823,2.33
20260731,4916,14,2,1790743,1.44
20260731,4916,15,9,27527915,22.18
20260731,4916,16,75550,124082539,100.0
20260731,4919,1,23536,4556880,1.0
20260731,4919,2,43897,77287804,17.08
20260731,4919,3,3057,23810963,5.26
20260731,4919,4,760,9791069,2.16
20260731,4919,5,438,8050617,1.77
20260731,4919,6,290,7366600,1.62
20260731,4919,7,137,4865111,1.07
20260731,4919,8,84,3914369,0.86
20260731,4919,9,149,10499570,2.32
20260731,4919,10,70,9634592,2.12
20260731,4919,11,32,9362771,2.06
20260731,4919,12,12,5548110,1.22
20260731,4919,13,10,6684589,1.47
20260731,4919,14,5,4479748,0.99
20260731,4919,15,21,266544974,58.91
20260731,4919,16,72498,452397767,100.0
20260731,4927,1,32130,1194281,0.45
20260731,4927,2,21579,44836121,16.92
20260731,4927,3,3427,27208924,10.26
20260731,4927,4,1114,14310825,5.4
20260731,4927,5,695,12760161,4.81
20260731,4927,6,701,18024391,6.8
20260731,4927,7,334,11843067,4.47
20260731,4927,8,195,9081397,3.42
20260731,4927,9,364,26234798,9.9
20260731,4927,10,139,19352636,7.3
20260731,4927,11,50,14261567,5.38
20260731,4927,12,25,12338962,4.65
20260731,4927,13,10,6843851,2.58
20260731,4927,14,8,7254050,2.73
20260731,4927,15,22,39392957,14.86
20260731,4927,16,60793,264937988,100.0
20260731,4930,1,28588,2456296,3.07
20260731,4930,2,4258,8291283,10.36
20260731,4930,3,503,3631460,4.53
20260731,4930,4,148,1856380,2.32
20260731,4930,5,76,1356366,1.69
20260731,4930,6,58,1434476,1.79
20260731,4930,7,29,1021327,1.27
20260731,4930,8,13,597821,0.74
20260731,4930,9,41,2892280,3.61
20260731,4930,10,20,2711630,3.38
20260731,4930,11,9,2823892,3.52
20260731,4930,12,1,418000,0.52
20260731,4930,13,3,1884917,2.35
20260731,4930,14,2,1653076,2.06
20260731,4930,15,7,46970796,58.71
20260731,4930,16,33756,80000000,100.0
20260731,4934,1,50914,1355950,0.6
20260731,4934,2,14249,30830720,13.7
20260731,4934,3,2716,21464336,9.53
20260731,4934,4,807,10262615,4.56
20260731,4934,5,577,10742481,4.77
20260731,4934,6,463,11897070,5.28
20260731,4934,7,258,9322060,4.14
20260731,4934,8,153,7115691,3.16
20260731,4934,9,258,18669883,8.29
20260731,4934,10,111,15413326,6.85
20260731,4934,11,34,9539586,4.23
20260731,4934,12,8,3921807,1.74
20260731,4934,13,4,2706271,1.2
20260731,4934,14,5,4439223,1.97
20260731,4934,15,6,67318981,29.91
20260731,4934,16,70563,225000000,100.0
20260731,4935,1,815,132456,0.1
20260731,4935,2,5600,11365798,8.81
20260731,4935,3,752,5915825,4.59
20260731,4935,4,255,3260053,2.52
20260731,4935,5,143,2650097,2.05
20260731,4935,6,125,3162236,2.45
20260731,4935,7,65,2275478,1.76
20260731,4935,8,32,1423881,1.1
20260731,4935,9,94,6851801,5.31
20260731,4935,10,43,6107930,4.73
20260731,4935,11,18,4846973,3.76
20260731,4935,12,7,3404596,2.64
20260731,4935,13,2,1268656,0.98
20260731,4935,14,3,2846833,2.2
20260731,4935,15,14,73351478,56.92
20260731,4935,16,7968,128864091,100.0
20260731,4938,1,47470,12084301,0.45
20260731,4938,2,86918,175139040,6.53
20260731,4938,3,10778,84337024,3.14
20260731,4938,4,2968,37735422,1.4
20260731,4938,5,1793,33071216,1.23
20260731,4938,6,1479,37740777,1.4
20260731,4938,7,599,21455241,0.79
20260731,4938,8,463,21534726,0.8
20260731,4938,9,726,51836138,1.93
20260731,4938,10,340,48592756,1.81
20260731,4938,11,224,63485066,2.36
20260731,4938,12,92,45953568,1.71
20260731,4938,13,50,35161981,1.31
20260731,4938,14,39,34998018,1.3
20260731,4938,15,220,1978918829,73.78
20260731,4938,16,154159,2682044103,100.0
20260731,4942,1,986,130521,0.09
20260731,4942,2,4019,8593001,6.03
20260731,4942,3,799,6372884,4.47
20260731,4942,4,229,2962322,2.08
20260731,4942,5,168,3102586,2.17
20260731,4942,6,139,3580364,2.51
20260731,4942,7,67,2432867,1.7
20260731,4942,8,54,2498032,1.75
20260731,4942,9,100,6857064,4.81
20260731,4942,10,63,9127409,6.41
20260731,4942,11,30,8047975,5.65
20260731,4942,12,8,4026764,2.82
20260731,4942,13,10,6904651,4.84
20260731,4942,14,0,0,0.0
20260731,4942,15,22,77731173,54.59
20260731,4942,16,6694,142367613,100.0
20260731,4943,1,15523,2238398,1.76
20260731,4943,2,4872,10126270,7.99
20260731,4943,3,832,5789511,4.56
20260731,4943,4,297,3646606,2.87
20260731,4943,5,126,2227750,1.75
20260731,4943,6,140,3428230,2.7
20260731,4943,7,73,2568096,2.02
20260731,4943,8,40,1802660,1.42
20260731,4943,9,68,4757826,3.75
20260731,4943,10,32,4382348,3.45
20260731,4943,11,17,4637182,3.66
20260731,4943,12,9,4640640,3.66
20260731,4943,13,7,5032832,3.97
20260731,4943,14,4,3792508,2.99
20260731,4943,15,6,67623496,53.37
20260731,4943,16,22046,126694353,100.0
20260731,4949,1,4488,464368,0.68
20260731,4949,2,5298,9828934,14.5
20260731,4949,3,444,3452733,5.09
20260731,4949,4,146,1883787,2.77
20260731,4949,5,60,1099649,1.62
20260731,4949,6,69,1765148,2.6
20260731,4949,7,23,841075,1.24
20260731,4949,8,23,1097887,1.62
20260731,4949,9,36,2700913,3.98
20260731,4949,10,24,3552239,5.24
20260731,4949,11,19,5231452,7.72
20260731,4949,12,13,6406975,9.45
20260731,4949,13,1,789909,1.16
20260731,4949,14,1,817526,1.2
20260731,4949,15,13,27830948,41.07
20260731,4949,16,10658,67763543,100.0
20260731,4952,1,2956,355436,0.32
20260731,4952,2,10441,19589521,18.0
20260731,4952,3,1017,8171015,7.5
20260731,4952,4,241,3083365,2.83
20260731,4952,5,147,2705648,2.48
20260731,4952,6,116,2998840,2.75
20260731,4952,7,45,1617742,1.48
20260731,4952,8,48,2211852,2.03
20260731,4952,9,64,4706675,4.32
20260731,4952,10,26,3832743,3.52
20260731,4952,11,8,2235472,2.05
20260731,4952,12,4,1962902,1.8
20260731,4952,13,2,1569000,1.44
20260731,4952,14,2,1766000,1.62
20260731,4952,15,2,52009605,47.79
20260731,4952,16,15119,108815816,100.0
20260731,4956,1,28452,398771,0.39
20260731,4956,2,11661,22933884,22.84
20260731,4956,3,1251,10369728,10.32
20260731,4956,4,271,3595827,3.58
20260731,4956,5,218,4124743,4.1
20260731,4956,6,141,3717831,3.7
20260731,4956,7,77,2771821,2.76
20260731,4956,8,31,1454504,1.44
20260731,4956,9,62,4263464,4.24
20260731,4956,10,36,4959313,4.93
20260731,4956,11,12,3485303,3.47
20260731,4956,12,7,3361370,3.34
20260731,4956,13,2,1433340,1.42
20260731,4956,14,0,0,0.0
20260731,4956,15,10,33538337,33.4
20260731,4956,16,42231,100408236,100.0
20260731,4958,1,124870,19717702,1.76
20260731,4958,2,69834,116016842,10.38
20260731,4958,3,3723,28210402,2.52
20260731,4958,4,1025,13099055,1.17
20260731,4958,5,531,9776898,0.87
20260731,4958,6,434,11119037,0.99
20260731,4958,7,201,7149777,0.64
20260731,4958,8,158,7301280,0.65
20260731,4958,9,278,20263990,1.81
20260731,4958,10,193,27002644,2.41
20260731,4958,11,144,39538024,3.54
20260731,4958,12,55,27189401,2.43
20260731,4958,13,33,22542863,2.01
20260731,4958,14,26,23356877,2.09
20260731,4958,15,121,744536288,66.66
20260731,4958,16,0,-1999,0.0
20260731,4958,17,201626,1116819081,100.0
20260731,4960,1,58516,3845177,0.67
20260731,4960,2,23388,50641780,8.85
20260731,4960,3,4114,32884997,5.75
20260731,4960,4,1144,14721955,2.57
20260731,4960,5,805,14907892,2.6
20260731,4960,6,606,15564641,2.72
20260731,4960,7,294,10598677,1.85
20260731,4960,8,193,8956301,1.56
20260731,4960,9,349,25104327,4.39
20260731,4960,10,154,21554423,3.77
20260731,4960,11,49,13564305,2.37
20260731,4960,12,21,10318685,1.8
20260731,4960,13,8,5937936,1.03
20260731,4960,14,14,12790801,2.23
20260731,4960,15,48,330313491,57.77
20260731,4960,16,89703,571705388,100.0
20260731,4961,1,27657,4139442,3.41
20260731,4961,2,12240,22612755,18.64
20260731,4961,3,1113,8323284,6.86
20260731,4961,4,316,4006431,3.3
20260731,4961,5,164,2967199,2.44
20260731,4961,6,128,3231976,2.66
20260731,4961,7,66,2279086,1.87
20260731,4961,8,30,1391555,1.14
20260731,4961,9,82,5691428,4.69
20260731,4961,10,32,4368130,3.6
20260731,4961,11,33,9254764,7.63
20260731,4961,12,8,4195464,3.46
20260731,4961,13,5,3472261,2.86
20260731,4961,14,3,2767706,2.28
20260731,4961,15,12,42552122,35.09
20260731,4961,16,41889,121253603,100.0
20260731,4967,1,43432,3148914,3.19
20260731,4967,2,20263,34906202,35.41
20260731,4967,3,1431,11225538,11.38
20260731,4967,4,322,4139300,4.19
20260731,4967,5,203,3805685,3.86
20260731,4967,6,166,4271073,4.33
20260731,4967,7,75,2688476,2.72
20260731,4967,8,39,1831748,1.85
20260731,4967,9,49,3533459,3.58
20260731,4967,10,21,3153399,3.19
20260731,4967,11,21,5924267,6.01
20260731,4967,12,8,4157125,4.21
20260731,4967,13,4,2897743,2.93
20260731,4967,14,1,840000,0.85
20260731,4967,15,7,12043465,12.21
20260731,4967,16,66042,98566394,100.0
20260731,4968,1,38630,1736311,1.88
20260731,4968,2,15444,29585244,32.08
20260731,4968,3,1570,11787179,12.78
20260731,4968,4,443,5568795,6.03
20260731,4968,5,250,4592302,4.98
20260731,4968,6,190,4804444,5.21
20260731,4968,7,65,2293704,2.48
20260731,4968,8,52,2400062,2.6
20260731,4968,9,86,5966754,6.47
20260731,4968,10,27,3593200,3.89
20260731,4968,11,16,4471751,4.84
20260731,4968,12,5,2569483,2.78
20260731,4968,13,5,3421125,3.71
20260731,4968,14,0,0,0.0
20260731,4968,15,4,9419544,10.21
20260731,4968,16,56787,92209898,100.0
20260731,4976,1,24338,833846,0.58
20260731,4976,2,17482,33936171,24.0
20260731,4976,3,2107,16460382,11.64
20260731,4976,4,564,7149025,5.05
20260731,4976,5,333,6144247,4.34
20260731,4976,6,267,6820933,4.82
20260731,4976,7,118,4165214,2.94
20260731,4976,8,59,2718145,1.92
20260731,4976,9,107,7622412,5.39
20260731,4976,10,62,8725016,6.17
20260731,4976,11,23,6302304,4.45
20260731,4976,12,2,1100000,0.77
20260731,4976,13,2,1492569,1.05
20260731,4976,14,4,3510268,2.48
20260731,4976,15,5,34370468,24.31
20260731,4976,16,45473,141351000,100.0
20260731,4977,1,28799,2011266,2.43
20260731,4977,2,17019,29433572,35.59
20260731,4977,3,1136,8832626,10.68
20260731,4977,4,283,3620273,4.37
20260731,4977,5,152,2805707,3.39
20260731,4977,6,126,3158377,3.81
20260731,4977,7,51,1822656,2.2
20260731,4977,8,26,1228724,1.48
20260731,4977,9,57,4125265,4.98
20260731,4977,10,25,3489418,4.21
20260731,4977,11,20,5706145,6.9
20260731,4977,12,6,3042439,3.67
20260731,4977,13,4,2847297,3.44
20260731,4977,14,2,1687478,2.04
20260731,4977,15,2,8878598,10.73
20260731,4977,16,47708,82689841,100.0
20260731,4989,1,13774,2310647,1.33
20260731,4989,2,25757,48381323,28.0
20260731,4989,3,2331,18293926,10.58
20260731,4989,4,571,7375238,4.26
20260731,4989,5,321,5912688,3.42
20260731,4989,6,239,6241631,3.61
20260731,4989,7,101,3675366,2.12
20260731,4989,8,58,2708969,1.56
20260731,4989,9,106,7537346,4.36
20260731,4989,10,29,3998852,2.31
20260731,4989,11,10,2817404,1.63
20260731,4989,12,8,3811717,2.2
20260731,4989,13,7,4749639,2.74
20260731,4989,14,1,968000,0.56
20260731,4989,15,8,53993754,31.25
20260731,4989,16,43321,172776500,100.0
20260731,4994,1,1247,342382,0.51
20260731,4994,2,697,1334367,2.01
20260731,4994,3,60,432322,0.65
20260731,4994,4,33,413243,0.62
20260731,4994,5,11,196752,0.29
20260731,4994,6,18,452995,0.68
20260731,4994,7,14,485658,0.73
20260731,4994,8,6,270035,0.4
20260731,4994,9,20,1400472,2.1
20260731,4994,10,8,1175910,1.77
20260731,4994,11,9,2689910,4.05
20260731,4994,12,5,2613024,3.93
20260731,4994,13,2,1234263,1.85
20260731,4994,14,1,901000,1.35
20260731,4994,15,22,52441067,78.99
20260731,4994,16,2153,66383400,100.0
20260731,4999,1,39189,1423535,1.91
20260731,4999,2,5752,11947467,16.05
20260731,4999,3,779,6034295,8.1
20260731,4999,4,233,3012317,4.04
20260731,4999,5,164,3031169,4.07
20260731,4999,6,119,3060388,4.11
20260731,4999,7,58,2096800,2.81
20260731,4999,8,45,2085626,2.8
20260731,4999,9,64,4504545,6.05
20260731,4999,10,20,2885797,3.87
20260731,4999,11,12,3710591,4.98
20260731,4999,12,6,3286117,4.41
20260731,4999,13,5,3575011,4.8
20260731,4999,14,4,3453525,4.64
20260731,4999,15,10,20310017,27.29
20260731,4999,16,46460,74417200,100.0
20260731,5007,1,2457,419384,0.14
20260731,5007,2,1620,3234220,1.09
20260731,5007,3,294,2154787,0.73
20260731,5007,4,116,1418657,0.48
20260731,5007,5,65,1166088,0.39
20260731,5007,6,80,1970084,0.66
20260731,5007,7,36,1275219,0.43
20260731,5007,8,24,1092515,0.37
20260731,5007,9,76,5458048,1.85
20260731,5007,10,62,8591647,2.91
20260731,5007,11,34,9260642,3.13
20260731,5007,12,10,4714090,1.59
20260731,5007,13,5,3584351,1.21
20260731,5007,14,1,879918,0.29
20260731,5007,15,28,249720504,84.66
20260731,5007,16,4908,294940154,100.0
20260731,5203,1,26005,751225,0.94
20260731,5203,2,4251,8666916,10.92
20260731,5203,3,646,4935143,6.22
20260731,5203,4,232,2955764,3.72
20260731,5203,5,122,2190304,2.76
20260731,5203,6,151,3750111,4.72
20260731,5203,7,50,1776391,2.23
20260731,5203,8,39,1775923,2.23
20260731,5203,9,77,5345657,6.73
20260731,5203,10,45,6334024,7.98
20260731,5203,11,18,4801867,6.05
20260731,5203,12,7,3528962,4.44
20260731,5203,13,4,3101959,3.9
20260731,5203,14,2,1794610,2.26
20260731,5203,15,6,27633694,34.82
20260731,5203,16,31655,79342550,100.0
20260731,5215,1,1167,179447,0.27
20260731,5215,2,3236,6514606,10.12
20260731,5215,3,481,3672287,5.7
20260731,5215,4,151,1877391,2.91
20260731,5215,5,81,1465671,2.27
20260731,5215,6,88,2231566,3.46
20260731,5215,7,48,1722290,2.67
20260731,5215,8,31,1424482,2.21
20260731,5215,9,52,3816504,5.93
20260731,5215,10,36,4847270,7.53
20260731,5215,11,8,2330026,3.62
20260731,5215,12,6,2562806,3.98
20260731,5215,13,2,1436137,2.23
20260731,5215,14,3,2777755,4.31
20260731,5215,15,11,27479262,42.71
20260731,5215,16,5401,64337500,100.0
20260731,5222,1,22783,1228854,1.34
20260731,5222,2,8363,15983804,17.54
20260731,5222,3,1034,7582364,8.32
20260731,5222,4,337,4170742,4.57
20260731,5222,5,141,2532514,2.77
20260731,5222,6,183,4531743,4.97
20260731,5222,7,85,2993924,3.28
20260731,5222,8,42,1911752,2.09
20260731,5222,9,106,7558783,8.29
20260731,5222,10,48,6785353,7.44
20260731,5222,11,24,6480758,7.11
20260731,5222,12,9,4382528,4.8
20260731,5222,13,1,615505,0.67
20260731,5222,14,4,3691660,4.05
20260731,5222,15,10,20674684,22.68
20260731,5222,16,33170,91124968,100.0
20260731,5225,1,1749,322813,0.4
20260731,5225,2,5177,10176398,12.85
20260731,5225,3,677,5352688,6.76
20260731,5225,4,208,2674997,3.38
20260731,5225,5,143,2632208,3.32
20260731,5225,6,114,2937606,3.71
20260731,5225,7,54,1926100,2.43
20260731,5225,8,49,2297000,2.9
20260731,5225,9,78,5729808,7.24
20260731,5225,10,22,3212234,4.05
20260731,5225,11,19,5309060,6.7
20260731,5225,12,3,1370000,1.73
20260731,5225,13,2,1336000,1.68
20260731,5225,14,3,2756987,3.48
20260731,5225,15,4,31102600,39.3
20260731,5225,16,8302,79136499,100.0
20260731,5234,1,6818,987500,0.96
20260731,5234,2,3668,6571569,6.39
20260731,5234,3,342,2572304,2.5
20260731,5234,4,109,1390721,1.35
20260731,5234,5,77,1394197,1.35
20260731,5234,6,64,1625025,1.58
20260731,5234,7,42,1492061,1.45
20260731,5234,8,22,997234,0.97
20260731,5234,9,76,5172903,5.03
20260731,5234,10,55,7821122,7.61
20260731,5234,11,21,5541077,5.39
20260731,5234,12,7,3537036,3.44
20260731,5234,13,4,2694713,2.62
20260731,5234,14,1,816000,0.79
20260731,5234,15,8,60102449,58.51
20260731,5234,16,11314,102715911,100.0
20260731,5236,1,2505,326391,0.54
20260731,5236,2,3438,6149033,10.24
20260731,5236,3,372,2607946,4.34
20260731,5236,4,131,1596287,2.66
20260731,5236,5,74,1295094,2.15
20260731,5236,6,76,1845275,3.07
20260731,5236,7,30,1017664,1.69
20260731,5236,8,14,639693,1.06
20260731,5236,9,33,2197603,3.66
20260731,5236,10,19,2495854,4.15
20260731,5236,11,9,2749222,4.58
20260731,5236,12,1,541974,0.9
20260731,5236,13,0,0,0.0
20260731,5236,14,0,0,0.0
20260731,5236,15,4,36542002,60.89
20260731,5236,16,6706,60004038,100.0
20260731,5243,1,15228,1075453,0.63
20260731,5243,2,13293,24464487,14.51
20260731,5243,3,1242,9788838,5.8
20260731,5243,4,294,3839769,2.27
20260731,5243,5,211,3891206,2.3
20260731,5243,6,193,4976481,2.95
20260731,5243,7,63,2233500,1.32
20260731,5243,8,40,1848650,1.09
20260731,5243,9,83,5978611,3.54
20260731,5243,10,49,6914040,4.1
20260731,5243,11,28,8216785,4.87
20260731,5243,12,9,4363873,2.58
20260731,5243,13,5,3578000,2.12
20260731,5243,14,4,3453989,2.04
20260731,5243,15,11,83905233,49.78
20260731,5243,16,30753,168528915,100.0
20260731,5244,1,4280,138507,0.2
20260731,5244,2,4360,8437411,12.36
20260731,5244,3,529,4346019,6.36
20260731,5244,4,152,1977179,2.89
20260731,5244,5,103,1908168,2.79
20260731,5244,6,90,2293411,3.36
20260731,5244,7,45,1625480,2.38
20260731,5244,8,22,1005800,1.47
20260731,5244,9,68,5107950,7.48
20260731,5244,10,40,5409534,7.92
20260731,5244,11,14,4157846,6.09
20260731,5244,12,13,6856133,10.04
20260731,5244,13,2,1519009,2.22
20260731,5244,14,4,3670375,5.37
20260731,5244,15,11,19789077,28.99
20260731,5244,16,9733,68241899,100.0
20260731,5258,1,17908,649395,0.58
20260731,5258,2,5673,10887364,9.86
20260731,5258,3,776,5662979,5.13
20260731,5258,4,277,3382967,3.06
20260731,5258,5,135,2406064,2.18
20260731,5258,6,155,3876525,3.51
20260731,5258,7,76,2650331,2.4
20260731,5258,8,47,2135267,1.93
20260731,5258,9,100,6874830,6.22
20260731,5258,10,45,6468248,5.86
20260731,5258,11,30,7844853,7.1
20260731,5258,12,15,7679150,6.95
20260731,5258,13,6,3896374,3.53
20260731,5258,14,4,3657372,3.31
20260731,5258,15,15,42293175,38.32
20260731,5258,16,25262,110364894,100.0
20260731,5269,1,27765,3005720,4.05
20260731,5269,2,7171,11799400,15.91
20260731,5269,3,345,2610651,3.52
20260731,5269,4,91,1131797,1.52
20260731,5269,5,55,980970,1.32
20260731,5269,6,41,1022411,1.37
20260731,5269,7,21,730368,0.98
20260731,5269,8,14,633220,0.85
20260731,5269,9,42,3043521,4.1
20260731,5269,10,22,3275390,4.41
20260731,5269,11,8,1917246,2.58
20260731,5269,12,3,1582670,2.13
20260731,5269,13,3,1995000,2.69
20260731,5269,14,0,0,0.0
20260731,5269,15,6,40428315,54.51
20260731,5269,16,35587,74156679,100.0
20260731,5283,1,20875,681337,0.77
20260731,5283,2,5257,11167021,12.74
20260731,5283,3,804,5757148,6.57
20260731,5283,4,267,3313150,3.78
20260731,5283,5,98,1715624,1.95
20260731,5283,6,93,2277772,2.6
20260731,5283,7,41,1453708,1.65
20260731,5283,8,35,1600224,1.82
20260731,5283,9,42,2891857,3.3
20260731,5283,10,18,2372734,2.7
20260731,5283,11,4,970658,1.1
20260731,5283,12,5,2682421,3.06
20260731,5283,13,2,1542378,1.76
20260731,5283,14,3,2804425,3.2
20260731,5283,15,13,46370053,52.93
20260731,5283,16,27557,87600510,100.0
20260731,5284,1,5054,777731,1.47
20260731,5284,2,3693,6677165,12.62
20260731,5284,3,317,2429293,4.59
20260731,5284,4,110,1389638,2.62
20260731,5284,5,43,781334,1.47
20260731,5284,6,59,1522605,2.87
20260731,5284,7,30,1044185,1.97
20260731,5284,8,21,989061,1.86
20260731,5284,9,31,2200976,4.16
20260731,5284,10,17,2605690,4.92
20260731,5284,11,13,3696540,6.98
20260731,5284,12,1,570447,1.07
20260731,5284,13,2,1311462,2.47
20260731,5284,14,1,1000000,1.89
20260731,5284,15,7,25896556,48.96
20260731,5284,16,9399,52892683,100.0
20260731,5285,1,2949,475163,0.46
20260731,5285,2,8359,14294545,14.0
20260731,5285,3,571,4593170,4.5
20260731,5285,4,147,1888518,1.85
20260731,5285,5,86,1624872,1.59
20260731,5285,6,76,1964120,1.92
20260731,5285,7,36,1265550,1.24
20260731,5285,8,15,683773,0.67
20260731,5285,9,37,2710054,2.65
20260731,5285,10,32,4521768,4.43
20260731,5285,11,14,3984921,3.9
20260731,5285,12,6,3024491,2.96
20260731,5285,13,7,4895416,4.79
20260731,5285,14,5,4557724,4.46
20260731,5285,15,18,51556841,50.52
20260731,5285,16,12358,102040926,100.0
20260731,5288,1,951,135713,0.19
20260731,5288,2,1350,2798594,4.01
20260731,5288,3,244,1875712,2.69
20260731,5288,4,91,1146236,1.64
20260731,5288,5,49,873355,1.25
20260731,5288,6,64,1607171,2.3
20260731,5288,7,37,1291154,1.85
20260731,5288,8,18,800094,1.14
20260731,5288,9,50,3378896,4.84
20260731,5288,10,25,3269030,4.69
20260731,5288,11,14,4324898,6.2
20260731,5288,12,6,2869000,4.11
20260731,5288,13,3,2014000,2.88
20260731,5288,14,2,1620592,2.32
20260731,5288,15,4,41695276,59.82
20260731,5288,16,0,-999,0.0
20260731,5288,17,2908,69698722,100.0
20260731,5292,1,4511,789090,1.87
20260731,5292,2,2611,4732064,11.23
20260731,5292,3,268,1978065,4.69
20260731,5292,4,92,1143612,2.71
20260731,5292,5,34,584801,1.38
20260731,5292,6,40,991591,2.35
20260731,5292,7,28,1023615,2.43
20260731,5292,8,14,646437,1.53
20260731,5292,9,30,2163312,5.13
20260731,5292,10,18,2553577,6.06
20260731,5292,11,14,4083905,9.69
20260731,5292,12,3,1427248,3.38
20260731,5292,13,3,2149978,5.1
20260731,5292,14,1,874614,2.07
20260731,5292,15,8,16966091,40.29
20260731,5292,16,7675,42108000,100.0
20260731,5306,1,5923,1138037,0.9
20260731,5306,2,4935,9686204,7.68
20260731,5306,3,589,4424253,3.51
20260731,5306,4,234,2941866,2.33
20260731,5306,5,119,2164333,1.71
20260731,5306,6,107,2677688,2.12
20260731,5306,7,48,1679223,1.33
20260731,5306,8,34,1547313,1.22
20260731,5306,9,52,3630291,2.88
20260731,5306,10,26,3569460,2.83
20260731,5306,11,17,4894025,3.88
20260731,5306,12,10,5012212,3.97
20260731,5306,13,1,601560,0.47
20260731,5306,14,1,876000,0.69
20260731,5306,15,11,81158307,64.41
20260731,5306,16,12107,126000772,100.0
20260731,5388,1,8553,1676656,0.55
20260731,5388,2,19047,36705935,12.06
20260731,5388,3,2174,17284754,5.67
20260731,5388,4,652,8424617,2.76
20260731,5388,5,400,7378531,2.42
20260731,5388,6,331,8474307,2.78
20260731,5388,7,137,4916786,1.61
20260731,5388,8,99,4641486,1.52
20260731,5388,9,203,14509818,4.76
20260731,5388,10,106,14693296,4.82
20260731,5388,11,70,20350472,6.68
20260731,5388,12,30,14999745,4.92
20260731,5388,13,18,12386397,4.06
20260731,5388,14,8,7210890,2.36
20260731,5388,15,51,130688852,42.94
20260731,5388,16,31879,304342542,100.0
20260731,5434,1,18617,2051183,1.05
20260731,5434,2,9478,17069534,8.79
20260731,5434,3,1158,8224832,4.23
20260731,5434,4,447,5432489,2.8
20260731,5434,5,214,3709625,1.91
20260731,5434,6,231,5700794,2.93
20260731,5434,7,100,3474945,1.79
20260731,5434,8,84,3793676,1.95
20260731,5434,9,138,9551818,4.92
20260731,5434,10,95,13114821,6.75
20260731,5434,11,58,16242326,8.37
20260731,5434,12,22,11246633,5.79
20260731,5434,13,15,10430655,5.37
20260731,5434,14,10,8789643,4.53
20260731,5434,15,26,75175009,38.74
20260731,5434,16,30693,194007983,100.0
20260731,5469,1,13474,3337876,0.68
20260731,5469,2,19754,38957895,8.01
20260731,5469,3,2381,18536665,3.81
20260731,5469,4,677,8614798,1.77
20260731,5469,5,415,7637067,1.57
20260731,5469,6,363,9177859,1.88
20260731,5469,7,174,6239923,1.28
20260731,5469,8,103,4748451,0.97
20260731,5469,9,179,12808262,2.63
20260731,5469,10,96,13496237,2.77
20260731,5469,11,49,14262378,2.93
20260731,5469,12,16,7826003,1.6
20260731,5469,13,16,10956146,2.25
20260731,5469,14,10,8981344,1.84
20260731,5469,15,38,320585096,65.94
20260731,5469,16,37745,486166000,100.0
20260731,5471,1,40437,958481,0.57
20260731,5471,2,22979,43948784,26.17
20260731,5471,3,2286,17979326,10.7
20260731,5471,4,551,7084042,4.21
20260731,5471,5,317,5888439,3.5
20260731,5471,6,276,7079145,4.21
20260731,5471,7,90,3197290,1.9
20260731,5471,8,91,4238045,2.52
20260731,5471,9,128,9332047,5.55
20260731,5471,10,72,10537955,6.27
20260731,5471,11,37,10080862,6.0
20260731,5471,12,11,5511676,3.28
20260731,5471,13,5,3423846,2.03
20260731,5471,14,6,5251704,3.12
20260731,5471,15,16,33365420,19.87
20260731,5471,16,67302,167877062,100.0
20260731,5484,1,22969,782182,1.17
20260731,5484,2,9413,17418744,26.07
20260731,5484,3,834,6651311,9.95
20260731,5484,4,229,2920286,4.37
20260731,5484,5,130,2439663,3.65
20260731,5484,6,81,2062855,3.08
20260731,5484,7,54,1936007,2.89
20260731,5484,8,25,1164011,1.74
20260731,5484,9,38,2873197,4.3
20260731,5484,10,10,1445948,2.16
20260731,5484,11,6,1757227,2.63
20260731,5484,12,2,1090000,1.63
20260731,5484,13,1,604000,0.9
20260731,5484,14,1,900000,1.34
20260731,5484,15,7,22755569,34.06
20260731,5484,16,33800,66801000,100.0
20260731,5515,1,6036,1438943,0.71
20260731,5515,2,3764,8309264,4.12
20260731,5515,3,855,6313431,3.13
20260731,5515,4,290,3638498,1.8
20260731,5515,5,181,3205727,1.59
20260731,5515,6,148,3646989,1.8
20260731,5515,7,76,2666107,1.32
20260731,5515,8,57,2569097,1.27
20260731,5515,9,106,7492808,3.71
20260731,5515,10,69,9320200,4.62
20260731,5515,11,41,11787620,5.84
20260731,5515,12,15,7250954,3.59
20260731,5515,13,9,6226196,3.08
20260731,5515,14,4,3662191,1.81
20260731,5515,15,29,124072059,61.54
20260731,5515,16,11680,201600084,100.0
20260731,5519,1,3461,646906,0.29
20260731,5519,2,10869,22843038,10.42
20260731,5519,3,1725,13449239,6.13
20260731,5519,4,466,5878598,2.68
20260731,5519,5,330,6149681,2.8
20260731,5519,6,254,6402409,2.92
20260731,5519,7,105,3751629,1.71
20260731,5519,8,72,3346393,1.52
20260731,5519,9,146,10465232,4.77
20260731,5519,10,65,8833325,4.02
20260731,5519,11,43,12064397,5.5
20260731,5519,12,14,6918029,3.15
20260731,5519,13,6,4242749,1.93
20260731,5519,14,2,1636037,0.74
20260731,5519,15,20,112569518,51.35
20260731,5519,16,17578,219197180,100.0
20260731,5521,1,45387,2094883,0.42
20260731,5521,2,11636,26208392,5.32
20260731,5521,3,2821,22279716,4.52
20260731,5521,4,992,12702857,2.58
20260731,5521,5,704,13195186,2.68
20260731,5521,6,666,17185334,3.49
20260731,5521,7,350,12581897,2.55
20260731,5521,8,249,11586709,2.35
20260731,5521,9,422,30623521,6.22
20260731,5521,10,225,31763189,6.45
20260731,5521,11,90,25064157,5.09
20260731,5521,12,30,14596023,2.96
20260731,5521,13,16,11058370,2.24
20260731,5521,14,7,6313000,1.28
20260731,5521,15,47,255026921,51.8
20260731,5521,16,63642,492280155,100.0
20260731,5522,1,4197,697604,0.08
20260731,5522,2,10489,20709779,2.64
20260731,5522,3,1359,10617075,1.35
20260731,5522,4,411,5275491,0.67
20260731,5522,5,232,4313096,0.55
20260731,5522,6,220,5618195,0.71
20260731,5522,7,90,3250348,0.41
20260731,5522,8,79,3619178,0.46
20260731,5522,9,152,10536189,1.34
20260731,5522,10,72,10170947,1.3
20260731,5522,11,34,9942192,1.27
20260731,5522,12,13,6113623,0.78
20260731,5522,13,12,8617114,1.1
20260731,5522,14,7,6398174,0.81
20260731,5522,15,29,675717236,86.45
20260731,5522,16,17396,781596241,100.0
20260731,5525,1,2062,473498,0.14
20260731,5525,2,1663,3573389,1.12
20260731,5525,3,355,2548493,0.8
20260731,5525,4,190,2347424,0.73
20260731,5525,5,81,1407833,0.44
20260731,5525,6,109,2655494,0.83
20260731,5525,7,58,2030663,0.63
20260731,5525,8,29,1291583,0.4
20260731,5525,9,84,5752087,1.8
20260731,5525,10,54,7815672,2.45
20260731,5525,11,25,6782609,2.13
20260731,5525,12,7,3541169,1.11
20260731,5525,13,8,5669444,1.78
20260731,5525,14,5,4374154,1.37
20260731,5525,15,49,267841866,84.19
20260731,5525,16,4779,318105378,100.0
20260731,5531,1,3817,1022393,0.1
20260731,5531,2,6836,16147186,1.65
20260731,5531,3,1724,13701286,1.4
20260731,5531,4,633,8002898,0.81
20260731,5531,5,458,8475329,0.86
20260731,5531,6,429,10869510,1.11
20260731,5531,7,216,7661606,0.78
20260731,5531,8,142,6676493,0.68
20260731,5531,9,269,19542892,1.99
20260731,5531,10,157,22712569,2.32
20260731,5531,11,71,20478423,2.09
20260731,5531,12,28,13502777,1.38
20260731,5531,13,10,7201926,0.73
20260731,5531,14,6,5207755,0.53
20260731,5531,15,41,816386202,83.51
20260731,5531,16,14837,977589245,100.0
20260731,5533,1,1853,407415,0.14
20260731,5533,2,2290,5138195,1.8
20260731,5533,3,539,4200644,1.47
20260731,5533,4,202,2546528,0.89
20260731,5533,5,152,2742396,0.96
20260731,5533,6,153,3898154,1.36
20260731,5533,7,74,2607479,0.91
20260731,5533,8,39,1774880,0.62
20260731,5533,9,121,8536793,2.99
20260731,5533,10,78,10809729,3.78
20260731,5533,11,41,12568688,4.4
20260731,5533,12,20,9117451,3.19
20260731,5533,13,19,12974081,4.54
20260731,5533,14,6,5507661,1.93
20260731,5533,15,34,202414850,70.96
20260731,5533,16,5621,285244944,100.0
20260731,5534,1,7326,1325517,0.42
20260731,5534,2,11667,22561735,7.15
20260731,5534,3,1673,12049004,3.82
20260731,5534,4,631,7708178,2.44
20260731,5534,5,306,5442632,1.72
20260731,5534,6,306,7478539,2.37
20260731,5534,7,129,4516323,1.43
20260731,5534,8,89,3971892,1.25
20260731,5534,9,139,9817105,3.11
20260731,5534,10,82,10876262,3.44
20260731,5534,11,39,10590609,3.35
20260731,5534,12,15,7625410,2.41
20260731,5534,13,13,9019479,2.86
20260731,5534,14,14,12749814,4.04
20260731,5534,15,42,189593461,60.12
20260731,5534,16,22471,315325960,100.0
20260731,5538,1,325,32310,0.01
20260731,5538,2,677,1256316,0.62
20260731,5538,3,75,578971,0.28
20260731,5538,4,45,567025,0.28
20260731,5538,5,31,560754,0.27
20260731,5538,6,19,471719,0.23
20260731,5538,7,11,383709,0.19
20260731,5538,8,20,913761,0.45
20260731,5538,9,31,2305358,1.14
20260731,5538,10,21,3051578,1.51
20260731,5538,11,6,1717546,0.85
20260731,5538,12,2,1085000,0.53
20260731,5538,13,0,0,0.0
20260731,5538,14,1,1000000,0.49
20260731,5538,15,18,187279286,93.07
20260731,5538,16,1282,201203333,100.0
20260731,5546,1,380,41315,0.05
20260731,5546,2,671,1248560,1.51
20260731,5546,3,102,772597,0.93
20260731,5546,4,33,404303,0.49
20260731,5546,5,26,463594,0.56
20260731,5546,6,29,741294,0.9
20260731,5546,7,15,550717,0.66
20260731,5546,8,11,498189,0.6
20260731,5546,9,24,1635663,1.98
20260731,5546,10,21,3114412,3.78
20260731,5546,11,11,3190995,3.87
20260731,5546,12,5,2401073,2.91
20260731,5546,13,3,2269751,2.75
20260731,5546,14,1,916458,1.11
20260731,5546,15,9,64104481,77.84
20260731,5546,16,1341,82353402,100.0
20260731,5607,1,7883,1458059,0.39
20260731,5607,2,6768,13616655,3.67
20260731,5607,3,1242,8712649,2.35
20260731,5607,4,570,6898516,1.86
20260731,5607,5,267,4658592,1.25
20260731,5607,6,289,7128689,1.92
20260731,5607,7,165,5623647,1.51
20260731,5607,8,69,3107074,0.83
20260731,5607,9,200,13822542,3.73
20260731,5607,10,79,11280338,3.04
20260731,5607,11,48,13285515,3.58
20260731,5607,12,25,12492232,3.37
20260731,5607,13,5,3664208,0.98
20260731,5607,14,9,8437002,2.27
20260731,5607,15,22,256367195,69.18
20260731,5607,16,17641,370552913,100.0
20260731,5608,1,45626,2946174,0.75
20260731,5608,2,33458,71096320,18.26
20260731,5608,3,5700,44186407,11.35
20260731,5608,4,1844,23135989,5.94
20260731,5608,5,1102,20295976,5.21
20260731,5608,6,840,21072567,5.41
20260731,5608,7,400,14273348,3.66
20260731,5608,8,263,12130397,3.11
20260731,5608,9,426,29988130,7.7
20260731,5608,10,149,20418678,5.24
20260731,5608,11,69,19336976,4.96
20260731,5608,12,23,11679337,3.0
20260731,5608,13,6,4012504,1.03
20260731,5608,14,8,7049070,1.81
20260731,5608,15,18,87654265,22.51
20260731,5608,16,89932,389276138,100.0
20260731,5706,1,17851,1125781,1.34
20260731,5706,2,8418,16940576,20.22
20260731,5706,3,1178,8323330,9.93
20260731,5706,4,418,5061445,6.04
20260731,5706,5,159,2799457,3.34
20260731,5706,6,144,3527185,4.21
20260731,5706,7,60,2082114,2.48
20260731,5706,8,32,1463005,1.74
20260731,5706,9,62,4142589,4.94
20260731,5706,10,25,3272872,3.9
20260731,5706,11,10,2888216,3.44
20260731,5706,12,6,2686710,3.2
20260731,5706,13,1,705946,0.84
20260731,5706,14,0,0,0.0
20260731,5706,15,6,28748694,34.31
20260731,5706,16,28370,83767920,100.0
20260731,5871,1,43133,10178250,0.59
20260731,5871,2,50324,101683713,5.94
20260731,5871,3,9017,62305719,3.64
20260731,5871,4,3316,39736503,2.32
20260731,5871,5,1449,25208545,1.47
20260731,5871,6,1566,38104418,2.22
20260731,5871,7,721,24996430,1.46
20260731,5871,8,440,19822034,1.15
20260731,5871,9,780,53836440,3.14
20260731,5871,10,404,55528227,3.24
20260731,5871,11,225,63261739,3.69
20260731,5871,12,82,40775300,2.38
20260731,5871,13,50,34916696,2.04
20260731,5871,14,28,25131038,1.46
20260731,5871,15,202,1115936109,65.2
20260731,5871,16,111737,1711421161,100.0
20260731,5876,1,17051,1663629,0.03
20260731,5876,2,21362,40490057,0.83
20260731,5876,3,3645,28174827,0.57
20260731,5876,4,1498,18465873,0.37
20260731,5876,5,908,16405365,0.33
20260731,5876,6,1047,26249211,0.53
20260731,5876,7,591,20777431,0.42
20260731,5876,8,420,19130201,0.39
20260731,5876,9,1122,80558887,1.65
20260731,5876,10,911,128250287,2.63
20260731,5876,11,679,193242678,3.97
20260731,5876,12,251,122492090,2.51
20260731,5876,13,116,80163277,1.64
20260731,5876,14,74,65202723,1.34
20260731,5876,15,371,4020336604,82.69
20260731,5876,16,50046,4861603140,100.0
20260731,5880,1,114519,21527044,0.13
20260731,5880,2,161491,361154686,2.3
20260731,5880,3,48782,346435018,2.2
20260731,5880,4,26058,316107567,2.01
20260731,5880,5,12260,214384740,1.36
20260731,5880,6,14053,340778814,2.17
20260731,5880,7,6898,238879896,1.52
20260731,5880,8,4408,197784978,1.26
20260731,5880,9,9127,634096216,4.04
20260731,5880,10,5054,687144571,4.38
20260731,5880,11,2257,619373897,3.94
20260731,5880,12,633,306050487,1.95
20260731,5880,13,267,182298199,1.16
20260731,5880,14,143,127599130,0.81
20260731,5880,15,726,11087323308,70.7
20260731,5880,16,0,-1637,0.0
20260731,5880,17,406676,15680936914,100.0
20260731,5906,1,716,114108,0.31
20260731,5906,2,159,321610,0.89
20260731,5906,3,33,241085,0.67
20260731,5906,4,10,119307,0.33
20260731,5906,5,9,152101,0.42
20260731,5906,6,8,195242,0.54
20260731,5906,7,3,98008,0.27
20260731,5906,8,2,94741,0.26
20260731,5906,9,14,967735,2.7
20260731,5906,10,8,1167694,3.26
20260731,5906,11,5,1431565,4.0
20260731,5906,12,1,404792,1.13
20260731,5906,13,0,0,0.0
20260731,5906,14,1,951406,2.66
20260731,5906,15,7,29482018,82.48
20260731,5906,16,976,35741412,100.0
20260731,6005,1,49780,6319220,0.29
20260731,6005,2,41131,93491517,4.3
20260731,6005,3,10600,82441984,3.79
20260731,6005,4,3894,49166411,2.26
20260731,6005,5,2374,43530674,2.0
20260731,6005,6,2127,53984921,2.48
20260731,6005,7,986,34938104,1.6
20260731,6005,8,661,30510731,1.4
20260731,6005,9,1170,84478296,3.89
20260731,6005,10,525,72767637,3.35
20260731,6005,11,234,65105219,2.99
20260731,6005,12,75,37449579,1.72
20260731,6005,13,24,16852955,0.77
20260731,6005,14,29,26285400,1.21
20260731,6005,15,153,1473665449,67.88
20260731,6005,16,0,-80000,0.0
20260731,6005,17,113763,2170908097,100.0
20260731,6024,1,6357,971281,0.38
20260731,6024,2,7705,15711118,6.28
20260731,6024,3,1432,10523052,4.21
20260731,6024,4,536,6618303,2.64
20260731,6024,5,259,4607534,1.84
20260731,6024,6,246,6044015,2.41
20260731,6024,7,112,3960214,1.58
20260731,6024,8,81,3666445,1.46
20260731,6024,9,126,8896134,3.55
20260731,6024,10,74,10271592,4.1
20260731,6024,11,20,5686388,2.27
20260731,6024,12,14,6838667,2.73
20260731,6024,13,6,4116507,1.64
20260731,6024,14,3,2564015,1.02
20260731,6024,15,9,159462319,63.8
20260731,6024,16,16980,249937584,100.0
20260731,6108,1,51945,372608,0.24
20260731,6108,2,6058,13553767,8.77
20260731,6108,3,1160,9583985,6.2
20260731,6108,4,302,3951467,2.55
20260731,6108,5,268,5029195,3.25
20260731,6108,6,204,5314024,3.43
20260731,6108,7,95,3462384,2.24
20260731,6108,8,57,2648600,1.71
20260731,6108,9,123,9001900,5.82
20260731,6108,10,68,10070875,6.51
20260731,6108,11,34,9566530,6.19
20260731,6108,12,11,5405879,3.49
20260731,6108,13,8,5451712,3.52
20260731,6108,14,3,2907232,1.88
20260731,6108,15,19,68174153,44.12
20260731,6108,16,60355,154494311,100.0
20260731,6112,1,18113,1156821,0.61
20260731,6112,2,13027,25776704,13.68
20260731,6112,3,1657,12774034,6.78
20260731,6112,4,493,6158333,3.26
20260731,6112,5,265,4807440,2.55
20260731,6112,6,224,5596082,2.97
20260731,6112,7,115,4098938,2.17
20260731,6112,8,62,2850204,1.51
20260731,6112,9,83,5871651,3.11
20260731,6112,10,37,5327902,2.82
20260731,6112,11,14,3695252,1.96
20260731,6112,12,4,1852000,0.98
20260731,6112,13,1,700660,0.37
20260731,6112,14,3,2861394,1.51
20260731,6112,15,5,104829921,55.65
20260731,6112,16,34103,188357336,100.0
20260731,6116,1,109440,18249263,0.63
20260731,6116,2,200245,439718616,15.38
20260731,6116,3,35957,288574556,10.09
20260731,6116,4,9823,125119470,4.37
20260731,6116,5,7109,133674476,4.67
20260731,6116,6,5325,138539680,4.84
20260731,6116,7,2215,80117178,2.8
20260731,6116,8,1481,70220318,2.45
20260731,6116,9,2146,155964113,5.45
20260731,6116,10,747,105894280,3.7
20260731,6116,11,280,79068218,2.76
20260731,6116,12,73,36107205,1.26
20260731,6116,13,30,20769888,0.72
20260731,6116,14,14,12748578,0.44
20260731,6116,15,80,1153889012,40.36
20260731,6116,16,374965,2858654851,100.0
